<?xml version="1.0" encoding="UTF-8"?>
<kml xmlns="http://www.opengis.net/kml/2.2"><Document><name>PROJECT ANGLERFISH — locations</name><description><![CDATA[1166 locations from the report at <a href="https://www.b0b.dev/report">b0b.dev/report</a>. 822 carry a date parsed from their own context text and drive the time slider; 344 do not and are shown at every slider position.]]></description><Style id="t-financial"><IconStyle><color>ff00ccff</color><scale>0.9</scale><Icon><href>https://maps.google.com/mapfiles/kml/shapes/placemark_circle.png</href></Icon></IconStyle><LabelStyle><color>ff00ccff</color><scale>0.8</scale></LabelStyle></Style><Style id="t-military"><IconStyle><color>ff4444ff</color><scale>0.9</scale><Icon><href>https://maps.google.com/mapfiles/kml/shapes/placemark_circle.png</href></Icon></IconStyle><LabelStyle><color>ff4444ff</color><scale>0.8</scale></LabelStyle></Style><Style id="t-underground"><IconStyle><color>ff0066ff</color><scale>0.9</scale><Icon><href>https://maps.google.com/mapfiles/kml/shapes/placemark_circle.png</href></Icon></IconStyle><LabelStyle><color>ff0066ff</color><scale>0.8</scale></LabelStyle></Style><Style id="t-surveillance"><IconStyle><color>ffffcc00</color><scale>0.9</scale><Icon><href>https://maps.google.com/mapfiles/kml/shapes/placemark_circle.png</href></Icon></IconStyle><LabelStyle><color>ffffcc00</color><scale>0.8</scale></LabelStyle></Style><Style id="t-enclave"><IconStyle><color>ffff88cc</color><scale>0.9</scale><Icon><href>https://maps.google.com/mapfiles/kml/shapes/placemark_circle.png</href></Icon></IconStyle><LabelStyle><color>ffff88cc</color><scale>0.8</scale></LabelStyle></Style><Style id="t-archaeological"><IconStyle><color>ff41ff00</color><scale>0.9</scale><Icon><href>https://maps.google.com/mapfiles/kml/shapes/placemark_circle.png</href></Icon></IconStyle><LabelStyle><color>ff41ff00</color><scale>0.8</scale></LabelStyle></Style><Style id="t-conflict"><IconStyle><color>ff6600ff</color><scale>0.9</scale><Icon><href>https://maps.google.com/mapfiles/kml/shapes/placemark_circle.png</href></Icon></IconStyle><LabelStyle><color>ff6600ff</color><scale>0.8</scale></LabelStyle></Style><Style id="t-governance"><IconStyle><color>ffffffff</color><scale>0.9</scale><Icon><href>https://maps.google.com/mapfiles/kml/shapes/placemark_circle.png</href></Icon></IconStyle><LabelStyle><color>ffffffff</color><scale>0.8</scale></LabelStyle></Style><Style id="t-blacksite"><IconStyle><color>ff0088ff</color><scale>0.9</scale><Icon><href>https://maps.google.com/mapfiles/kml/shapes/placemark_circle.png</href></Icon></IconStyle><LabelStyle><color>ff0088ff</color><scale>0.8</scale></LabelStyle></Style><Style id="t-obelisk"><IconStyle><color>ff00c2e6</color><scale>0.9</scale><Icon><href>https://maps.google.com/mapfiles/kml/shapes/placemark_circle.png</href></Icon></IconStyle><LabelStyle><color>ff00c2e6</color><scale>0.8</scale></LabelStyle></Style><Style id="t-organized-crime"><IconStyle><color>ffff00ff</color><scale>0.9</scale><Icon><href>https://maps.google.com/mapfiles/kml/shapes/placemark_circle.png</href></Icon></IconStyle><LabelStyle><color>ffff00ff</color><scale>0.8</scale></LabelStyle></Style><Style id="t-submarine-cable"><IconStyle><color>ffffe500</color><scale>0.9</scale><Icon><href>https://maps.google.com/mapfiles/kml/shapes/placemark_circle.png</href></Icon></IconStyle><LabelStyle><color>ffffe500</color><scale>0.8</scale></LabelStyle></Style><Style id="t-satellite"><IconStyle><color>ff03ff76</color><scale>0.9</scale><Icon><href>https://maps.google.com/mapfiles/kml/shapes/placemark_circle.png</href></Icon></IconStyle><LabelStyle><color>ff03ff76</color><scale>0.8</scale></LabelStyle></Style><Style id="t-mining"><IconStyle><color>ff0091ff</color><scale>0.9</scale><Icon><href>https://maps.google.com/mapfiles/kml/shapes/placemark_circle.png</href></Icon></IconStyle><LabelStyle><color>ff0091ff</color><scale>0.8</scale></LabelStyle></Style><Style id="t-airport"><IconStyle><color>ff6633ff</color><scale>0.9</scale><Icon><href>https://maps.google.com/mapfiles/kml/shapes/placemark_circle.png</href></Icon></IconStyle><LabelStyle><color>ff6633ff</color><scale>0.8</scale></LabelStyle></Style><Style id="t-corporate"><IconStyle><color>ff4370ff</color><scale>0.9</scale><Icon><href>https://maps.google.com/mapfiles/kml/shapes/placemark_circle.png</href></Icon></IconStyle><LabelStyle><color>ff4370ff</color><scale>0.8</scale></LabelStyle></Style><Style id="t-museum"><IconStyle><color>ffff88b3</color><scale>0.9</scale><Icon><href>https://maps.google.com/mapfiles/kml/shapes/placemark_circle.png</href></Icon></IconStyle><LabelStyle><color>ffff88b3</color><scale>0.8</scale></LabelStyle></Style><Style id="t-crypto-tech"><IconStyle><color>ff76e600</color><scale>0.9</scale><Icon><href>https://maps.google.com/mapfiles/kml/shapes/placemark_circle.png</href></Icon></IconStyle><LabelStyle><color>ff76e600</color><scale>0.8</scale></LabelStyle></Style><Style id="t-technology"><IconStyle><color>ffdaff64</color><scale>0.9</scale><Icon><href>https://maps.google.com/mapfiles/kml/shapes/placemark_circle.png</href></Icon></IconStyle><LabelStyle><color>ffdaff64</color><scale>0.8</scale></LabelStyle></Style><Style id="t-sports-gambling"><IconStyle><color>ff40d7ff</color><scale>0.9</scale><Icon><href>https://maps.google.com/mapfiles/kml/shapes/placemark_circle.png</href></Icon></IconStyle><LabelStyle><color>ff40d7ff</color><scale>0.8</scale></LabelStyle></Style><Style id="t-animal-research"><IconStyle><color>fff900d5</color><scale>0.9</scale><Icon><href>https://maps.google.com/mapfiles/kml/shapes/placemark_circle.png</href></Icon></IconStyle><LabelStyle><color>fff900d5</color><scale>0.8</scale></LabelStyle></Style><Style id="t-capital"><IconStyle><color>ffff4d7c</color><scale>0.9</scale><Icon><href>https://maps.google.com/mapfiles/kml/shapes/placemark_circle.png</href></Icon></IconStyle><LabelStyle><color>ffff4d7c</color><scale>0.8</scale></LabelStyle></Style><Style id="t-datacenter"><IconStyle><color>ffff6229</color><scale>0.9</scale><Icon><href>https://maps.google.com/mapfiles/kml/shapes/placemark_circle.png</href></Icon></IconStyle><LabelStyle><color>ffff6229</color><scale>0.8</scale></LabelStyle></Style><Style id="t-epstein-network"><IconStyle><color>ff4417ff</color><scale>0.9</scale><Icon><href>https://maps.google.com/mapfiles/kml/shapes/placemark_circle.png</href></Icon></IconStyle><LabelStyle><color>ff4417ff</color><scale>0.8</scale></LabelStyle></Style><Style id="t-mass-shooting"><IconStyle><color>ffffffff</color><scale>0.9</scale><Icon><href>https://maps.google.com/mapfiles/kml/shapes/placemark_circle.png</href></Icon></IconStyle><LabelStyle><color>ffffffff</color><scale>0.8</scale></LabelStyle></Style><Folder><name>Section II (22)</name><open>0</open><Placemark><name>MCC New York (closed 2021) - Epstein death site</name><styleUrl>#t-epstein-network</styleUrl><description><![CDATA[<p><b>Section II</b> &middot; epstein-network</p><p>Metropolitan Correctional Center, 150 Park Row. Jeffrey Epstein died here 10 Aug 2019 - ruled suicide by hanging (OCME); fracture pattern read as homicide-consistent by family pathologist Michael Baden (attributed, contested). DOJ OIG documented the failure stack: count slips and round sheets falsely certified (no rounds after ~10:40 p.m.), cellmate never replaced against written directive, DVR failed 29 Jul leaving one recording camera that could not see the cell door. The 2025 DOJ &#x27;raw&#x27; video was shown by metadata analysis to be assembled in Premiere with ~2m53s absent; later House releases contained the &#x27;missing minute,&#x27; contradicting the official explanation. Facility closed 2021. See report Section II - the death record. Sources: OIG 23-085; WIRED; CBS (2025); House Oversight (Sep 2025).</p><p><a href="https://www.b0b.dev/report#II">View in report</a></p>]]></description><TimeStamp><when>2019-08-10</when></TimeStamp><Point><coordinates>-74.001,40.7133,0</coordinates></Point></Placemark><Placemark><name>FPC Bryan, Texas - Ghislaine Maxwell custody</name><styleUrl>#t-epstein-network</styleUrl><description><![CDATA[<p><b>Section II</b> &middot; epstein-network</p><p>Federal Prison Camp Bryan: minimum-security, dormitory-style women&#x27;s camp. Ghislaine Maxwell - the network&#x27;s only living convicted principal - was moved here 1 Aug 2025, one week after nine hours of immunized DOJ interviews, despite BOP policy ordinarily excluding sex offenders from camps; officials called the transfer &#x27;highly unusual.&#x27; She invoked the Fifth to Congress (Feb 2026) while a pardon stays publicly un-ruled-out; the Senate opposed clemency by unanimous resolution (Jul 2026). Projected release 2037. The documented leverage structure around the surviving node - see report Section V. Sources: BOP; CNN (Aug 2025); Axios (Feb/Jul 2026).</p><p><a href="https://www.b0b.dev/report#II">View in report</a></p>]]></description><TimeStamp><when>2025-08-01</when></TimeStamp><Point><coordinates>-96.3609,30.6779,0</coordinates></Point></Placemark><Placemark><name>Mount of Olives Cemetery, Jerusalem (Robert Maxwell grave)</name><styleUrl>#t-epstein-network</styleUrl><description><![CDATA[<p><b>Section II</b> &middot; epstein-network</p><p>Robert Maxwell - Ghislaine&#x27;s father - buried here 10 Nov 1991 with near-state honors: PM Shamir and President Herzog (eulogy) attended, days after he went overboard from the yacht Lady Ghislaine. The widely repeated &#x27;six intelligence chiefs in attendance&#x27; claim traces to secondary literature; the Shamir quote cannot be verified verbatim. The scene itself is the documented signal: a foreign publisher buried on the Mount of Olives with a head of state eulogizing. See report Section V - The Maxwell Template. Sources: JTA (Nov 1991); Times of Israel (2020).</p><p><a href="https://www.b0b.dev/report#II">View in report</a></p>]]></description><TimeStamp><when>1991-11-10</when></TimeStamp><Point><coordinates>35.2454,31.778,0</coordinates></Point></Placemark><Placemark><name>Headington Hill Hall, Oxford (Pergamon Press HQ)</name><styleUrl>#t-epstein-network</styleUrl><description><![CDATA[<p><b>Section II</b> &middot; epstein-network</p><p>Robert Maxwell&#x27;s Pergamon Press headquarters and residence. Scientific publishing was a near-perfect Cold War access vehicle: legitimate East-West passage, standing contact with scientists on both sides. Built from contacts made in his 1945-47 press-control posting in British-occupied Berlin. UK DTI verdict (1971): &#x27;not a person who can be relied on to exercise proper stewardship of a publicly quoted company.&#x27; Sources: DTI report (1971); Wikipedia (sourced).</p><p><a href="https://www.b0b.dev/report#II">View in report</a></p>]]></description><TimeSpan><begin>1959-01-01</begin><end>1959-12-31</end></TimeSpan><Point><coordinates>-1.2311,51.755,0</coordinates></Point></Placemark><Placemark><name>Lady Ghislaine last position, off Gran Canaria (approx.)</name><styleUrl>#t-epstein-network</styleUrl><description><![CDATA[<p><b>Section II</b> &middot; epstein-network</p><p>Robert Maxwell went overboard from his yacht Lady Ghislaine near here, 5 Nov 1991 (position approximate). Spanish inquest: heart attack followed by accidental drowning - no official finding of suicide or murder; both persist as commentary only. Two weeks earlier he had sued Seymour Hersh over The Samson Option&#x27;s Mossad allegations. The ~£426-460M Mirror pension fraud surfaced within weeks of his death. The record leaves the death readable three ways; no reading is established. Sources: Spanish inquest reporting (Dec 1991); Washington Post (Oct 1991).</p><p><a href="https://www.b0b.dev/report#II">View in report</a></p>]]></description><TimeStamp><when>1991-11-05</when></TimeStamp><Point><coordinates>-15.85,27.74,0</coordinates></Point></Placemark><Placemark><name>Axon Enterprise HQ, Scottsdale AZ (approx.)</name><styleUrl>#t-epstein-network</styleUrl><description><![CDATA[<p><b>Section II</b> &middot; epstein-network</p><p>Axon Enterprise (Taser) HQ. Acquired Carbyne for $625M; deal closed ~Feb 2026 (Axon took the remaining ~89% stake). Carbyne&#x27;s NG911 caller-geolocation and live-video capability - the Epstein-funded, Barak-chaired firm - now operates inside a publicly-traded US police-technology company serving ~300 emergency centers across 23 states. BLOWBACK NODE: the surveillance capability consolidated, it did not dissolve. Sources: Axon press release (Nov 2025); GovTech; Forbes (Feb 2026).</p><p><a href="https://www.b0b.dev/report#II">View in report</a></p>]]></description><TimeSpan><begin>2026-02-01</begin><end>2026-02-28</end></TimeSpan><Point><coordinates>-111.905,33.643,0</coordinates></Point></Placemark><Placemark><name>East 71st Street Townhouse, NYC</name><styleUrl>#t-epstein-network</styleUrl><description><![CDATA[<p><b>Section II</b> &middot; epstein-network</p><p>Former Herbert N. Straus mansion, one of the largest private residences in Manhattan. Its use passed to Epstein via Leslie Wexner / L Brands in the 1990s. Named in victim testimony; sold 2021. Appears throughout the House Oversight EFTA email release as Epstein&#x27;s operational base. Sources: NYT; USVI filings; House Oversight EFTA release. CURRENT OWNER: sold 2021 (~$51M) to a former Goldman Sachs executive.</p><p><a href="https://www.b0b.dev/report#II">View in report</a></p>]]></description><TimeSpan><begin>2021-01-01</begin><end>2021-12-31</end></TimeSpan><Point><coordinates>-73.9663,40.7716,0</coordinates></Point></Placemark><Placemark><name>Zorro Ranch, Stanley, New Mexico</name><styleUrl>#t-epstein-network</styleUrl><description><![CDATA[<p><b>Section II</b> &middot; epstein-network</p><p>7,560 deeded acres (plus leased state land), bought 1993, held through Zorro Trust, later Cypress, Inc. Named in victim testimony and New Mexico AG inquiries. Sources: NYT; NM AG. CURRENT OWNER: sold 2023 to the Huffines family (renamed San Rafael Ranch).</p><p><a href="https://www.b0b.dev/report#II">View in report</a></p>]]></description><TimeSpan><begin>1993-01-01</begin><end>1993-12-31</end></TimeSpan><Point><coordinates>-105.98,35.1466,0</coordinates></Point></Placemark><Placemark><name>Little St. James, USVI (LSJ)</name><styleUrl>#t-epstein-network</styleUrl><description><![CDATA[<p><b>Section II</b> &middot; epstein-network</p><p>Epstein&#x27;s private island, central to the trafficking allegations. USVI v. Epstein estate settled for ~$105M (2022). Source: USVI Dept. of Justice. CURRENT OWNER: Little &amp; Great St. James sold ~2023 (~$60M) to Stephen Deckoff (Black Diamond Capital) for a planned resort; half the island&#x27;s sale proceeds go to the USVI Government under the 2022 settlement, for a trust serving victims of sexual abuse and trafficking.</p><p><a href="https://www.b0b.dev/report#II">View in report</a></p>]]></description><TimeSpan><begin>2022-01-01</begin><end>2022-12-31</end></TimeSpan><Point><coordinates>-64.825,18.301,0</coordinates></Point></Placemark><Placemark><name>Great St. James, USVI</name><styleUrl>#t-epstein-network</styleUrl><description><![CDATA[<p><b>Section II</b> &middot; epstein-network</p><p>Adjacent island Epstein acquired in 2016. Source: USVI filings.</p><p><a href="https://www.b0b.dev/report#II">View in report</a></p>]]></description><TimeSpan><begin>2016-01-01</begin><end>2016-12-31</end></TimeSpan><Point><coordinates>-64.8289,18.3097,0</coordinates></Point></Placemark><Placemark><name>El Brillo Way, Palm Beach</name><styleUrl>#t-epstein-network</styleUrl><description><![CDATA[<p><b>Section II</b> &middot; epstein-network</p><p>Site of the 2005-06 Palm Beach Police investigation whose federal handling became the 2008 non-prosecution agreement (see Acosta). Sources: Palm Beach PD; DOJ OPR report (2020). STATUS: mansion demolished 2021; the lot was resold — nothing of the original structure remains.</p><p><a href="https://www.b0b.dev/report#II">View in report</a></p>]]></description><TimeSpan><begin>2005-01-01</begin><end>2005-12-31</end></TimeSpan><Point><coordinates>-80.0388,26.6853,0</coordinates></Point></Placemark><Placemark><name>Avenue Foch, Paris (Epstein apartment)</name><styleUrl>#t-epstein-network</styleUrl><description><![CDATA[<p><b>Section II</b> &middot; epstein-network</p><p>Epstein&#x27;s Paris apartment, referenced in the French judicial investigation connected to Jean-Luc Brunel. Sources: Paris Prosecutor; OCRVP (judicial police).</p><p><a href="https://www.b0b.dev/report#II">View in report</a></p>]]></description><Point><coordinates>2.283,48.8719,0</coordinates></Point></Placemark><Placemark><name>Carbyne (Reporty) HQ, Tel Aviv</name><styleUrl>#t-epstein-network</styleUrl><description><![CDATA[<p><b>Section II</b> &middot; epstein-network</p><p>Israeli-founded NG911 emergency-call-routing / caller-geolocation firm. Epstein was an investor; former Israeli PM Ehud Barak chaired it. A documented Epstein-Barak-surveillance-tech tie and a key node of the HYPOTHESIS layer. Sources: Bloomberg; Haaretz; MintPress. UPDATE (2026): Carbyne was acquired by Axon Enterprise (Taser) for $625M, deal closed ~Feb 2026; Barak exited the board in 2020; later backers include Founders Fund (Peter Thiel) and a 2025 AT&amp;T-led $100M round. Sources: Axon (Nov 2025); GovTech; Forbes (Feb 2026).</p><p><a href="https://www.b0b.dev/report#II">View in report</a></p>]]></description><Point><coordinates>34.792,32.0743,0</coordinates></Point></Placemark><Placemark><name>Apollo Global Management (Leon Black), 9 W 57th St</name><styleUrl>#t-epstein-network</styleUrl><description><![CDATA[<p><b>Section II</b> &middot; epstein-network</p><p>Apollo founder Leon Black paid Epstein ~$158M (2012-2017) for tax/estate structuring, per the independent Dechert LLP review (2021); Black later stepped down as Apollo CEO. In-corpus: Epstein family-office threads reference Apollo stock and ~$190M cash. This is established public record (a payment), not an adjudicated crime. Sources: Dechert review (2021); SEC; NYT. UPDATE (2026): a federal securities class action (SDNY, Mar 2026) alleges Apollo/Black concealed Epstein business ties after Feb-2026 file releases; a Delaware derivative suit over exit payments is also ongoing. Litigation unresolved.</p><p><a href="https://www.b0b.dev/report#II">View in report</a></p>]]></description><TimeSpan><begin>2012-01-01</begin><end>2012-12-31</end></TimeSpan><Point><coordinates>-73.9772,40.7638,0</coordinates></Point></Placemark><Placemark><name>MIT Media Lab, Cambridge</name><styleUrl>#t-epstein-network</styleUrl><description><![CDATA[<p><b>Section II</b> &middot; epstein-network</p><p>Accepted Epstein-linked donations; director Joi Ito resigned in 2019 after reporting (Ronan Farrow, The New Yorker) that the Lab concealed Epstein&#x27;s gifts. Source: The New Yorker; MIT / Goodwin Procter report (2020).</p><p><a href="https://www.b0b.dev/report#II">View in report</a></p>]]></description><TimeSpan><begin>2019-01-01</begin><end>2019-12-31</end></TimeSpan><Point><coordinates>-71.0872,42.3608,0</coordinates></Point></Placemark><Placemark><name>MC2 Model Management (Jean-Luc Brunel), Miami (approx.)</name><styleUrl>#t-epstein-network</styleUrl><description><![CDATA[<p><b>Section II</b> &middot; epstein-network</p><p>Modeling agency founded in Miami in 2005 (offices Miami and New York) with a $1M line of credit from Epstein, per its former bookkeeper&#x27;s deposition (attributed). Brunel was charged in France with rape of minors and died in La Sante prison in Feb 2022. jmail topic tag: &#x27;Conspiring w/ Brunel&#x27;. Sources: Paris Prosecutor; AFP.</p><p><a href="https://www.b0b.dev/report#II">View in report</a></p>]]></description><TimeSpan><begin>2005-01-01</begin><end>2005-12-31</end></TimeSpan><Point><coordinates>-80.1918,25.7617,0</coordinates></Point></Placemark><Placemark><name>Deutsche Bank (former US HQ, 60 Wall St), NYC</name><styleUrl>#t-epstein-network</styleUrl><description><![CDATA[<p><b>Section II</b> &middot; epstein-network</p><p>Epstein&#x27;s principal bank after JPMorgan exited the relationship (~2013-2018). July 2020: New York Dept. of Financial Services imposed a $150M consent-order penalty for significant compliance failures, expressly including the bank&#x27;s handling of the Epstein account - a documented, penalty-paid finding, not merely alleged. This is the institutional record; no individual banker is pinned. Sources: NYDFS consent order &amp; press release (7 Jul 2020). UPDATE: an Aug 4 2026 Senate Finance (Wyden) report alleges DB was late filing SARs on &gt;$250M in suspicious Epstein-linked wires - Wyden&#x27;s finding. DB separately paid $75M to survivors (2023) without admitting liability.</p><p><a href="https://www.b0b.dev/report#II">View in report</a></p>]]></description><TimeSpan><begin>2020-07-01</begin><end>2020-07-28</end></TimeSpan><Point><coordinates>-74.0089,40.7053,0</coordinates></Point></Placemark><Placemark><name>Bank of America Tower (One Bryant Park), NYC</name><styleUrl>#t-epstein-network</styleUrl><description><![CDATA[<p><b>Section II</b> &middot; epstein-network</p><p>Third bank to settle with Epstein survivors: agreed Mar 2026 to pay ~$72.5M in Doe v. Bank of America (1:25-cv-08520, SDNY; &gt;=60 survivors, period June 2008-July 2019); finally approved 27 Aug 2026 by U.S. District Judge Jed Rakoff. Settlement carries NO admission of liability. Completes the bank cluster after JPMorgan (~$290M, 2023) and Deutsche Bank ($75M victims settlement, 2023). Institutional record; no individual pinned. Sources: American Banker; NBC; court docket 1:25-cv-08520; Barchart.</p><p><a href="https://www.b0b.dev/report#II">View in report</a></p>]]></description><TimeStamp><when>2026-08-27</when></TimeStamp><Point><coordinates>-73.9846,40.7556,0</coordinates></Point></Placemark><Placemark><name>La Sante Prison, Paris (Brunel custody death)</name><styleUrl>#t-epstein-network</styleUrl><description><![CDATA[<p><b>Section II</b> &middot; epstein-network</p><p>Jean-Luc Brunel - MC2 modeling agent, charged in France with rape of minors and suspected of procuring for Epstein - was found dead in his cell here, 19 Feb 2022; ruled suicide by hanging. A second charged principal dead in custody before trial, echoing the MCC record two nodes over. (Brunel deceased.) Sources: Paris Prosecutor; AFP; Reuters (Feb 2022).</p><p><a href="https://www.b0b.dev/report#II">View in report</a></p>]]></description><TimeStamp><when>2022-02-19</when></TimeStamp><Point><coordinates>2.3417,48.8342,0</coordinates></Point></Placemark><Placemark><name>USVI Superior Court, Charlotte Amalie, St. Thomas</name><styleUrl>#t-epstein-network</styleUrl><description><![CDATA[<p><b>Section II</b> &middot; epstein-network</p><p>Venue of the Epstein estate probate, docket ST-19-PB-80 (~$577M estate). The court appointed Special Master Rosalie Ballentine to account for the estate&#x27;s assets, liabilities, income and expenditures. Seven reports exist: the first (Sept 2020) is public; reports 3-6 are SEALED. Motions to unseal by the New York Times and McClatchy (Miami Herald) were DENIED three times - 23 Sep 2025, 3 Oct 2025, and reconsideration denied 29 Jan 2026 - on grounds that third-party privacy outweighs access, that the reports are not judicial documents, and that the Epstein Files Transparency Act reaches only DOJ-held material, not the estate&#x27;s. A court-ordered reconstruction of where the money went exists, and access to it has been litigated and refused. NOTE: online &#x27;forensic&#x27; reconstructions claiming $2.1B across shell entities are amateur analyses, not this court&#x27;s work. Sources: St. Thomas Source (Aug 2025); Virgin Islands Daily News.</p><p><a href="https://www.b0b.dev/report#II">View in report</a></p>]]></description><TimeStamp><when>2025-09-23</when></TimeStamp><Point><coordinates>-64.9321,18.3396,0</coordinates></Point></Placemark><Placemark><name>Edge Foundation / Brockman Inc., NYC (approx.)</name><styleUrl>#t-epstein-network</styleUrl><description><![CDATA[<p><b>Section II</b> &middot; epstein-network</p><p>John Brockman&#x27;s literary agency and the Edge Foundation - the intellectual gatekeeper of Epstein&#x27;s science network (report Section VI). Epstein-linked foundations supplied roughly 74% of Edge&#x27;s income 2001-2017 ($638K of $857K), funding the &#x27;billionaires&#x27; dinners&#x27; that introduced him to Minsky, Pinker, Dawkins, Dennett and others; Edge ended the dinner after his final 2015 donation. Position approximate. Sources: BuzzFeed News (Aldhous, 2019); Slate (Aug 2019).</p><p><a href="https://www.b0b.dev/report#II">View in report</a></p>]]></description><TimeSpan><begin>2001-01-01</begin><end>2001-12-31</end></TimeSpan><Point><coordinates>-73.972,40.7642,0</coordinates></Point></Placemark><Placemark><name>NYPD International Liaison post - Israel National Police Sharon District HQ, Kfar Saba</name><styleUrl>#t-surveillance</styleUrl><description><![CDATA[<p><b>Section II</b> &middot; surveillance</p><p>The NYPD - a MUNICIPAL police force - has run permanent overseas liaison posts for two decades, 14 overseas and 3 domestic in the NYPD&#x27;s own 2021 account, with detectives embedded inside foreign national police services. The Israel post opened around September 2012 NOT at the US Embassy but inside the Israel National Police Sharon District headquarters at Kfar Saba. Officers&#x27; salaries are public money; travel, housing and office costs are paid by the private New York City Police Foundation. No statute, local law, council resolution or published MOU creating the programme has been found and the NYPD has never cited one. The City Comptroller has never audited the Intelligence Division; the NYPD Inspector General, whose mandate expressly covers partnerships with other law-enforcement agencies, has published nothing on it in twelve years. COORDINATES APPROXIMATE (Kfar Saba).</p><p><a href="https://www.b0b.dev/report#II">View in report</a></p>]]></description><TimeSpan><begin>2012-09-01</begin><end>2012-09-28</end></TimeSpan><Point><coordinates>34.907,32.175,0</coordinates></Point></Placemark></Folder><Folder><name>Section VII (181)</name><open>0</open><Placemark><name>Bank for International Settlements (BIS)</name><styleUrl>#t-financial</styleUrl><description><![CDATA[<p><b>Section VII</b> &middot; financial</p><p>Constituted 27 Feb 1930, opened in Basel 17 May 1930. Owned by 63 central banks (bis.org). March 1939: transferred 23 tons of gold held for Czechoslovakia to the Reichsbank. Bretton Woods (1944) recommended its liquidation; the decision was reversed in 1948. Private shareholders were bought out from 2001.</p><p><a href="https://www.b0b.dev/report#VII">View in report</a></p>]]></description><TimeStamp><when>1930-05-17</when></TimeStamp><Point><coordinates>7.5886,47.5476,0</coordinates></Point></Placemark><Placemark><name>Basel, Switzerland</name><styleUrl>#t-financial</styleUrl><description><![CDATA[<p><b>Section VII</b> &middot; financial</p><p>Seat of the Bank for International Settlements, which serves as a bank for central banks and is owned by 63 of them.</p><p><a href="https://www.b0b.dev/report#VII">View in report</a></p>]]></description><Point><coordinates>7.5886,47.5596,0</coordinates></Point></Placemark><Placemark><name>Jekyll Island, Georgia</name><styleUrl>#t-financial</styleUrl><description><![CDATA[<p><b>Section VII</b> &middot; financial</p><p>20-30 November 1910: six men - Senator Nelson Aldrich, A. Piatt Andrew, Henry Davison, Arthur Shelton, Frank Vanderlip and Paul Warburg - met in secret at the Jekyll Island Club to draft a banking-reform plan that laid a foundation for the Federal Reserve. Participants did not admit the meeting until the 1930s.</p><p><a href="https://www.b0b.dev/report#VII">View in report</a></p>]]></description><TimeStamp><when>1910-11-20</when></TimeStamp><Point><coordinates>-81.4201,31.0654,0</coordinates></Point></Placemark><Placemark><name>Federal Reserve, Washington D.C.</name><styleUrl>#t-financial</styleUrl><description><![CDATA[<p><b>Section VII</b> &middot; financial</p><p>Federal Reserve Act signed by President Wilson 23 Dec 1913, the day the Senate passed it 43-25 (House 298-60 on 22 Dec). A presidentially appointed Board of Governors over 12 regional Reserve Banks; member banks must hold Reserve Bank stock, which cannot be transferred (12 U.S.C. 287).</p><p><a href="https://www.b0b.dev/report#VII">View in report</a></p>]]></description><TimeStamp><when>1913-12-23</when></TimeStamp><Point><coordinates>-77.0455,38.8927,0</coordinates></Point></Placemark><Placemark><name>JP Morgan HQ, New York</name><styleUrl>#t-financial</styleUrl><description><![CDATA[<p><b>Section VII</b> &middot; financial</p><p>JPMorgan Chase headquarters, 270 Park Avenue. Its predecessor J.P. Morgan &amp; Co.: a Jekyll Island Club member, most likely J.P. Morgan, arranged the club for the 1910 meeting (Federal Reserve History). Alan Greenspan was a J.P. Morgan &amp; Co. director before chairing the Fed (1987-2006).</p><p><a href="https://www.b0b.dev/report#VII">View in report</a></p>]]></description><Point><coordinates>-73.9753,40.7566,0</coordinates></Point></Placemark><Placemark><name>Kuhn, Loeb &amp; Co., New York</name><styleUrl>#t-financial</styleUrl><description><![CDATA[<p><b>Section VII</b> &middot; financial</p><p>Investment bank, 1867-1977 (merged into Lehman Brothers). Paul Warburg, a partner from 1902, attended the 1910 Jekyll Island meeting, advocated central banking, and sat on the original Federal Reserve Board 1914-1918 (vice chairman 1916-18). Died 1932.</p><p><a href="https://www.b0b.dev/report#VII">View in report</a></p>]]></description><TimeSpan><begin>1914-01-01</begin><end>1914-12-31</end></TimeSpan><Point><coordinates>-74.0113,40.7074,0</coordinates></Point></Placemark><Placemark><name>Chase Manhattan / Rockefeller, New York</name><styleUrl>#t-financial</styleUrl><description><![CDATA[<p><b>Section VII</b> &middot; financial</p><p>Chase Manhattan Bank, chaired by David Rockefeller 1969-81. Paul Volcker moved between it and government: NY Fed economist (1952), Chase (1957), Treasury (1962), Chase (1965), Treasury (1969), NY Fed president (1975), Fed Chair (1979-87).</p><p><a href="https://www.b0b.dev/report#VII">View in report</a></p>]]></description><Point><coordinates>-74.0088,40.7057,0</coordinates></Point></Placemark><Placemark><name>Council on Foreign Relations (CFR), New York</name><styleUrl>#t-governance</styleUrl><description><![CDATA[<p><b>Section VII</b> &middot; governance</p><p>Founded 1921. Harold Pratt House, 58 East 68th Street. About 5,400 members (2025); membership has included secretaries of state and CIA directors. Chaired by David Rubenstein since 2017.</p><p><a href="https://www.b0b.dev/report#VII">View in report</a></p>]]></description><TimeSpan><begin>1921-01-01</begin><end>1921-12-31</end></TimeSpan><Point><coordinates>-73.9679,40.7686,0</coordinates></Point></Placemark><Placemark><name>Bilderberg Hotel, Oosterbeek, Netherlands</name><styleUrl>#t-governance</styleUrl><description><![CDATA[<p><b>Section VII</b> &middot; governance</p><p>First Bilderberg Meeting, 29-31 May 1954, at this hotel. Annual meetings of about 150 invited politicians, bankers, executives and journalists, held under the Chatham House Rule.</p><p><a href="https://www.b0b.dev/report#VII">View in report</a></p>]]></description><TimeStamp><when>1954-05-29</when></TimeStamp><Point><coordinates>5.8176,51.9898,0</coordinates></Point></Placemark><Placemark><name>Trilateral Commission (founded New York, 1973)</name><styleUrl>#t-governance</styleUrl><description><![CDATA[<p><b>Section VII</b> &middot; governance</p><p>Founded July 1973 by David Rockefeller and Zbigniew Brzezinski. Published The Crisis of Democracy (1975; Crozier, Huntington, Watanuki) on the governability of democracies. North American Group now based in Washington D.C.</p><p><a href="https://www.b0b.dev/report#VII">View in report</a></p>]]></description><TimeSpan><begin>1973-07-01</begin><end>1973-07-28</end></TimeSpan><Point><coordinates>-73.9723,40.754,0</coordinates></Point></Placemark><Placemark><name>Vatican City - St. Peter&#x27;s Square</name><styleUrl>#t-obelisk</styleUrl><description><![CDATA[<p><b>Section VII</b> &middot; obelisk</p><p>Independent city-state since the Lateran Treaty, 11 Feb 1929; elective absolute monarchy; seat of a church of about 1.3 billion baptised Catholics. The obelisk came from Heliopolis (per Pliny) via Alexandria; Caligula shipped it to Rome c. 40 AD.</p><p><a href="https://www.b0b.dev/report#VII">View in report</a></p>]]></description><TimeStamp><when>1929-02-11</when></TimeStamp><Point><coordinates>12.4539,41.9022,0</coordinates></Point></Placemark><Placemark><name>City of London Corporation (Square Mile)</name><styleUrl>#t-financial</styleUrl><description><![CDATA[<p><b>Section VII</b> &middot; financial</p><p>Local authority of the Square Mile; first recorded royal charter c.1067 (William I). Own police force and Lord Mayor. Business voters (about 24,000 in 2009) greatly outnumber resident voters.</p><p><a href="https://www.b0b.dev/report#VII">View in report</a></p>]]></description><Point><coordinates>-0.0922,51.5155,0</coordinates></Point></Placemark><Placemark><name>Cleopatra&#x27;s Needle, Victoria Embankment, London</name><styleUrl>#t-obelisk</styleUrl><description><![CDATA[<p><b>Section VII</b> &middot; obelisk</p><p>Egyptian obelisk from Heliopolis (1450 BC, Pharaoh Thutmose III). Brought to London 1878. Same origin as Vatican obelisk.</p><p><a href="https://www.b0b.dev/report#VII">View in report</a></p>]]></description><TimeSpan><begin>1878-01-01</begin><end>1878-12-31</end></TimeSpan><Point><coordinates>-0.1166,51.5085,0</coordinates></Point></Placemark><Placemark><name>Washington Monument, Washington D.C.</name><styleUrl>#t-obelisk</styleUrl><description><![CDATA[<p><b>Section VII</b> &middot; obelisk</p><p>555 ft 5.125 in. Egyptian obelisk design - NPS: &#x27;evoking timelessness of ancient civilizations&#x27;. Aluminum cap inscribed &#x27;Laus Deo&#x27;. Masonic cornerstone July 4, 1848.</p><p><a href="https://www.b0b.dev/report#VII">View in report</a></p>]]></description><TimeStamp><when>1848-07-04</when></TimeStamp><Point><coordinates>-77.0353,38.8895,0</coordinates></Point></Placemark><Placemark><name>Place de la Concorde Obelisk, Paris</name><styleUrl>#t-obelisk</styleUrl><description><![CDATA[<p><b>Section VII</b> &middot; obelisk</p><p>Obelisk of Luxor: one of a pair carved for the portal of Luxor Temple under Ramesses II (c.1250 BC); its twin still stands at Luxor. Not part of the London-New York pair, which came from Heliopolis via Alexandria.</p><p><a href="https://www.b0b.dev/report#VII">View in report</a></p>]]></description><Point><coordinates>2.3212,48.8656,0</coordinates></Point></Placemark><Placemark><name>Cleopatra&#x27;s Needle, Central Park, New York</name><styleUrl>#t-obelisk</styleUrl><description><![CDATA[<p><b>Section VII</b> &middot; obelisk</p><p>Erected at Heliopolis under Thutmose III (c.1475 BC), later moved to Alexandria; installed in Central Park 22 Feb 1881. Twin of the London Cleopatra&#x27;s Needle.</p><p><a href="https://www.b0b.dev/report#VII">View in report</a></p>]]></description><TimeStamp><when>1881-02-22</when></TimeStamp><Point><coordinates>-73.9654,40.7796,0</coordinates></Point></Placemark><Placemark><name>East India Company, London</name><styleUrl>#t-financial</styleUrl><description><![CDATA[<p><b>Section VII</b> &middot; financial</p><p>Chartered 31 Dec 1600, dissolved 1 June 1874. Its presidency armies reached about 260,000 soldiers, at times twice the British Army; it ran courts and minted coin. The report reads it as a prototype of corporate sovereignty.</p><p><a href="https://www.b0b.dev/report#VII">View in report</a></p>]]></description><TimeStamp><when>1600-12-31</when></TimeStamp><Point><coordinates>-0.083,51.5128,0</coordinates></Point></Placemark><Placemark><name>M. M. Warburg &amp; Co., Hamburg</name><styleUrl>#t-financial</styleUrl><description><![CDATA[<p><b>Section VII</b> &middot; financial</p><p>Private bank founded 1798, headquartered on Ferdinandstrasse. Max Warburg directed it 1910-1938, when Nazi Aryanisation forced him out; he emigrated to New York (died 1946). His brother Paul moved to Kuhn, Loeb in New York in 1902 and died in 1932.</p><p><a href="https://www.b0b.dev/report#VII">View in report</a></p>]]></description><Point><coordinates>9.9937,53.5511,0</coordinates></Point></Placemark><Placemark><name>Citadel (founded Chicago 1990; HQ Miami since 2022)</name><styleUrl>#t-financial</styleUrl><description><![CDATA[<p><b>Section VII</b> &middot; financial</p><p>Ken Griffin&#x27;s hedge fund, founded in Chicago 1990; headquarters moved to Miami in 2022. Ben Bernanke, Fed Chair 2006-14 through the 2008 crisis, became a Citadel senior adviser in April 2015.</p><p><a href="https://www.b0b.dev/report#VII">View in report</a></p>]]></description><TimeStamp><when>2015-04-16</when></TimeStamp><Point><coordinates>-87.627,41.8884,0</coordinates></Point></Placemark><Placemark><name>Carlyle Group, Washington D.C.</name><styleUrl>#t-financial</styleUrl><description><![CDATA[<p><b>Section VII</b> &middot; financial</p><p>Private equity firm, HQ 1001 Pennsylvania Avenue NW. Fed Chair Jerome Powell was a Carlyle partner 1997-2005. Co-founder David Rubenstein has chaired the Council on Foreign Relations since 2017.</p><p><a href="https://www.b0b.dev/report#VII">View in report</a></p>]]></description><Point><coordinates>-77.0264,38.895,0</coordinates></Point></Placemark><Placemark><name>General Dynamics HQ, Reston, VA</name><styleUrl>#t-military</styleUrl><description><![CDATA[<p><b>Section VII</b> &middot; military</p><p>HQ Reston. 1959: Henry Crown merged Material Service Corp. into GD and became its largest shareholder. Only U.S. maker of MK-80 series bomb bodies, reported as the main bomb type in Israel&#x27;s Gaza campaign. Sold its Electronics Division to the Carlyle Group in 1992.</p><p><a href="https://www.b0b.dev/report#VII">View in report</a></p>]]></description><TimeSpan><begin>1959-01-01</begin><end>1959-12-31</end></TimeSpan><Point><coordinates>-77.3478,38.9526,0</coordinates></Point></Placemark><Placemark><name>Aspen Institute, Washington D.C.</name><styleUrl>#t-governance</styleUrl><description><![CDATA[<p><b>Section VII</b> &middot; governance</p><p>Think tank founded 1949; Washington HQ at 2300 N Street NW. Runs the Henry Crown Fellowship (est. 1997), named for the Chicago industrialist who became General Dynamics&#x27; largest shareholder in 1959.</p><p><a href="https://www.b0b.dev/report#VII">View in report</a></p>]]></description><Point><coordinates>-77.0388,38.9078,0</coordinates></Point></Placemark><Placemark><name>ADL Headquarters, New York</name><styleUrl>#t-governance</styleUrl><description><![CDATA[<p><b>Section VII</b> &middot; governance</p><p>Anti-Defamation League, founded 1913; headquarters in Murray Hill, Manhattan. CEO Jonathan Greenblatt.</p><p><a href="https://www.b0b.dev/report#VII">View in report</a></p>]]></description><Point><coordinates>-73.9772,40.7527,0</coordinates></Point></Placemark><Placemark><name>Svalbard Global Seed Vault, Arctic Norway</name><styleUrl>#t-underground</styleUrl><description><![CDATA[<p><b>Section VII</b> &middot; underground</p><p>Opened 26 February 2008. Built, owned and fully funded by the Government of Norway; run by NordGen with the Crop Trust part-funding operations. Seeds are held under &#x27;black box&#x27; terms: boxes are never opened and only the depositing genebank can withdraw them. First withdrawal: ICARDA, 2015-2019, to rebuild a collection lost to the Syrian war. 1.4 million+ samples from 134 institutions (2026).</p><p><a href="https://www.b0b.dev/report#VII">View in report</a></p>]]></description><TimeStamp><when>2008-02-26</when></TimeStamp><Point><coordinates>15.4942,78.2355,0</coordinates></Point></Placemark><Placemark><name>Fort Benning (Fort Moore 2023-25) - School of the Americas / WHINSEC</name><styleUrl>#t-military</styleUrl><description><![CDATA[<p><b>Section VII</b> &middot; military</p><p>School of the Americas (here since 1984), renamed WHINSEC by the 2001 NDAA. Alumni include dictators Noriega, Galtieri, Banzer and Rios Montt (genocide conviction 2013, overturned 10 days later) and death-squad leader Roberto D Aubuisson. The report reads the rename as continuity under a new name.</p><p><a href="https://www.b0b.dev/report#VII">View in report</a></p>]]></description><TimeSpan><begin>2001-01-01</begin><end>2001-12-31</end></TimeSpan><Point><coordinates>-84.9649,32.3537,0</coordinates></Point></Placemark><Placemark><name>Carlisle Barracks, PA - U.S. Army War College</name><styleUrl>#t-military</styleUrl><description><![CDATA[<p><b>Section VII</b> &middot; military</p><p>U.S. Army War College. Abdel Fattah el-Sisi, class of 2006, became Egypt&#x27;s Director of Military Intelligence in Jan 2010, led the July 2013 removal of President Morsi, and as president is building the New Administrative Capital (714 km2 planned).</p><p><a href="https://www.b0b.dev/report#VII">View in report</a></p>]]></description><TimeSpan><begin>2006-01-01</begin><end>2006-12-31</end></TimeSpan><Point><coordinates>-77.173,40.211,0</coordinates></Point></Placemark><Placemark><name>National Defense University, Washington D.C.</name><styleUrl>#t-military</styleUrl><description><![CDATA[<p><b>Section VII</b> &middot; military</p><p>International officers program trains foreign military leaders in U.S. doctrine. Graduates return carrying the architecture in their training.</p><p><a href="https://www.b0b.dev/report#VII">View in report</a></p>]]></description><Point><coordinates>-77.016,38.864,0</coordinates></Point></Placemark><Placemark><name>Fort Leavenworth, KS - Command and General Staff College</name><styleUrl>#t-military</styleUrl><description><![CDATA[<p><b>Section VII</b> &middot; military</p><p>International Military Student program. Foreign officers trained in U.S. command philosophy and strategic doctrine.</p><p><a href="https://www.b0b.dev/report#VII">View in report</a></p>]]></description><Point><coordinates>-94.9217,39.3553,0</coordinates></Point></Placemark><Placemark><name>Royal Military Academy Sandhurst, UK</name><styleUrl>#t-military</styleUrl><description><![CDATA[<p><b>Section VII</b> &middot; military</p><p>Trained King Abdullah II (Jordan), Sultan Qaboos (Oman) and Crown Prince Hussein of Jordan (2017); King Hamad of Bahrain passed out of Mons Officer Cadet School (1968), later merged into Sandhurst. The empire ended; the officer pipeline did not.</p><p><a href="https://www.b0b.dev/report#VII">View in report</a></p>]]></description><Point><coordinates>-0.7693,51.3484,0</coordinates></Point></Placemark><Placemark><name>Tehran, Iran - 1953 Operation Ajax</name><styleUrl>#t-military</styleUrl><description><![CDATA[<p><b>Section VII</b> &middot; military</p><p>19 Aug 1953: CIA-MI6 operation removed Prime Minister Mohammad Mosaddegh and strengthened the Shah; the U.S. has since officially acknowledged its role. CIA helped establish and train SAVAK (Mossad role attributed). The report reads 1979 as blowback.</p><p><a href="https://www.b0b.dev/report#VII">View in report</a></p>]]></description><TimeStamp><when>1953-08-19</when></TimeStamp><Point><coordinates>51.389,35.6892,0</coordinates></Point></Placemark><Placemark><name>Guatemala City - 1954 Operation PBSUCCESS</name><styleUrl>#t-military</styleUrl><description><![CDATA[<p><b>Section VII</b> &middot; military</p><p>18-27 June 1954: CIA operation authorised by Eisenhower removed elected President Jacobo Arbenz. Secretary of State John Foster Dulles and CIA Director Allen Dulles both had significant prior links to the United Fruit Company.</p><p><a href="https://www.b0b.dev/report#VII">View in report</a></p>]]></description><TimeStamp><when>1954-06-27</when></TimeStamp><Point><coordinates>-90.5069,14.6349,0</coordinates></Point></Placemark><Placemark><name>Kinshasa, Congo - 1961 Lumumba Assassination</name><styleUrl>#t-military</styleUrl><description><![CDATA[<p><b>Section VII</b> &middot; military</p><p>Patrice Lumumba, Congo&#x27;s first prime minister, was executed 17 Jan 1961 near Elisabethville, Katanga, by Katangan authorities with Belgian participation; Belgium admitted moral responsibility in 2002. Eisenhower had authorised a CIA poisoning plan in 1960 that was not carried out. Mobutu ruled 1965-1997; estimates of his wealth run up to $5 billion.</p><p><a href="https://www.b0b.dev/report#VII">View in report</a></p>]]></description><TimeStamp><when>1961-01-17</when></TimeStamp><Point><coordinates>15.3222,-4.325,0</coordinates></Point></Placemark><Placemark><name>Jakarta, Indonesia - 1965 lists of names</name><styleUrl>#t-military</styleUrl><description><![CDATA[<p><b>Section VII</b> &middot; military</p><p>1965-66: the army destroyed the PKI and Suharto displaced Sukarno, ruling until 1998. The U.S. Embassy supplied the army with lists of up to 5,000 suspected communists (CIA role attributed). 500,000 to 1,000,000+ killed.</p><p><a href="https://www.b0b.dev/report#VII">View in report</a></p>]]></description><TimeSpan><begin>1965-01-01</begin><end>1965-12-31</end></TimeSpan><Point><coordinates>106.865,-6.1751,0</coordinates></Point></Placemark><Placemark><name>Santiago, Chile - 1973 Allende Coup</name><styleUrl>#t-military</styleUrl><description><![CDATA[<p><b>Section VII</b> &middot; military</p><p>11 Sept 1973: Allende died in La Moneda during the coup. The Church Committee study Covert Action in Chile 1963-1973 documented CIA funding of the opposition (about $8 million, 1970-73; figure attributed). Under Pinochet about 3,000 people were killed or disappeared.</p><p><a href="https://www.b0b.dev/report#VII">View in report</a></p>]]></description><TimeStamp><when>1973-09-11</when></TimeStamp><Point><coordinates>-70.6693,-33.4489,0</coordinates></Point></Placemark><Placemark><name>Congress for Cultural Freedom HQ, Paris</name><styleUrl>#t-governance</styleUrl><description><![CDATA[<p><b>Section VII</b> &middot; governance</p><p>Founded 26 June 1950 in West Berlin, headquartered in Paris; CIA-funded until 1966. At its height active in 35 countries with 20+ magazines, exhibitions and conferences. CIA funding exposed 1966-67 (New York Times, then Ramparts).</p><p><a href="https://www.b0b.dev/report#VII">View in report</a></p>]]></description><TimeStamp><when>1950-06-26</when></TimeStamp><Point><coordinates>2.3376,48.8606,0</coordinates></Point></Placemark><Placemark><name>Fort Belvoir, VA - ISA / Task Force Orange HQ</name><styleUrl>#t-military</styleUrl><description><![CDATA[<p><b>Section VII</b> &middot; military</p><p>Intelligence Support Activity headquarters. JSOC field-intelligence unit, created 1981 from the Field Operations Group formed in 1980 after Eagle Claw. Nicknamed The Activity and the Army of Northern Virginia; has used a dozen two-word SAP names (CENTRA SPIKE, GRAY FOX, CEMETERY WIND...). Provides SIGINT/HUMINT to JSOC units.</p><p><a href="https://www.b0b.dev/report#VII">View in report</a></p>]]></description><TimeSpan><begin>1981-01-01</begin><end>1981-12-31</end></TimeSpan><Point><coordinates>-77.1454,38.7119,0</coordinates></Point></Placemark><Placemark><name>Arlington, VA - ISA First Secret HQ</name><styleUrl>#t-surveillance</styleUrl><description><![CDATA[<p><b>Section VII</b> &middot; surveillance</p><p>The ISA was given a classified budget of $7 million, a secret headquarters in Arlington and the cover name Tactical Concept Activity (1981); its records sat under the SAP OPTIMIZE TALENT. Exact site not public.</p><p><a href="https://www.b0b.dev/report#VII">View in report</a></p>]]></description><TimeSpan><begin>1981-01-01</begin><end>1981-12-31</end></TimeSpan><Point><coordinates>-77.106,38.8799,0</coordinates></Point></Placemark><Placemark><name>Tegucigalpa, Honduras - SEASPRAY/ISA Operations Base</name><styleUrl>#t-military</styleUrl><description><![CDATA[<p><b>Section VII</b> &middot; military</p><p>Operation Queens Hunter (early 1980s): ISA SIGINT specialists flying in SEASPRAY Beechcraft King Airs based in Honduras monitored Salvadoran guerrilla communications. In the same theatre, SOA-trained officers led death squads (attributed); the report reads this as one government funding both.</p><p><a href="https://www.b0b.dev/report#VII">View in report</a></p>]]></description><TimeSpan><begin>1982-01-01</begin><end>1982-12-31</end></TimeSpan><Point><coordinates>-87.1921,14.0723,0</coordinates></Point></Placemark><Placemark><name>Medellín, Colombia - CENTRA SPIKE / Pablo Escobar Hunt</name><styleUrl>#t-military</styleUrl><description><![CDATA[<p><b>Section VII</b> &middot; military</p><p>ISA SIGINT team CENTRA SPIKE tracked Pablo Escobar&#x27;s communications (1989-93) in support of Colombia&#x27;s Search Bloc, which killed him in Medellin on 2 Dec 1993 (Mark Bowden, Killing Pablo; attributed).</p><p><a href="https://www.b0b.dev/report#VII">View in report</a></p>]]></description><TimeStamp><when>1993-12-02</when></TimeStamp><Point><coordinates>-75.5658,6.2476,0</coordinates></Point></Placemark><Placemark><name>Ramstein Air Base, Germany</name><styleUrl>#t-military</styleUrl><description><![CDATA[<p><b>Section VII</b> &middot; military</p><p>HQ USAFE-AFAFRICA. Reported since 2014 (NDR, WDR, Sueddeutsche; Snowden documents) as a satellite relay for U.S. drone operations in Yemen, Somalia and Pakistan; Yemeni families sued Germany over it in 2019. The Kaiserslautern Military Community houses about 54,000 U.S. service members.</p><p><a href="https://www.b0b.dev/report#VII">View in report</a></p>]]></description><Point><coordinates>7.6003,49.4369,0</coordinates></Point></Placemark><Placemark><name>Aviano Air Base, Italy</name><styleUrl>#t-military</styleUrl><description><![CDATA[<p><b>Section VII</b> &middot; military</p><p>31st Fighter Wing. NATO forward deployment for Mediterranean and Middle East operations. Used in Kosovo, Libya, Afghanistan campaigns. Southern European power projection.</p><p><a href="https://www.b0b.dev/report#VII">View in report</a></p>]]></description><Point><coordinates>12.5965,46.0319,0</coordinates></Point></Placemark><Placemark><name>Naval Support Activity Naples, Italy</name><styleUrl>#t-military</styleUrl><description><![CDATA[<p><b>Section VII</b> &middot; military</p><p>U.S. Naval Forces Europe / Naval Forces Africa / Sixth Fleet headquarters. Commands naval operations across Europe and Africa from Italian soil.</p><p><a href="https://www.b0b.dev/report#VII">View in report</a></p>]]></description><Point><coordinates>14.292361,40.882389,0</coordinates></Point></Placemark><Placemark><name>NAS Sigonella, Sicily, Italy</name><styleUrl>#t-military</styleUrl><description><![CDATA[<p><b>Section VII</b> &middot; military</p><p>&#x27;Hub of the Med.&#x27; Primary logistics and ISR hub for Mediterranean, North Africa, and Middle East. Drone operations base. The surveillance eye in the center of the Mediterranean.</p><p><a href="https://www.b0b.dev/report#VII">View in report</a></p>]]></description><Point><coordinates>14.9222,37.4017,0</coordinates></Point></Placemark><Placemark><name>RAF Lakenheath, Suffolk, UK</name><styleUrl>#t-military</styleUrl><description><![CDATA[<p><b>Section VII</b> &middot; military</p><p>48th Fighter Wing - F-15E and, since 2021, F-35A. 2024 contracts for nuclear-weapons storage facilities; July 2025 flight evidence suggested B61-12 bombs were delivered (unconfirmed by the U.S. or UK).</p><p><a href="https://www.b0b.dev/report#VII">View in report</a></p>]]></description><Point><coordinates>0.5608,52.4093,0</coordinates></Point></Placemark><Placemark><name>Naval Station Rota, Spain</name><styleUrl>#t-military</styleUrl><description><![CDATA[<p><b>Section VII</b> &middot; military</p><p>Forward base for Aegis BMD destroyers - four, expanding to six under a 2022 agreement signed May 2023. Supports Sixth Fleet operations at the Atlantic-Mediterranean gateway.</p><p><a href="https://www.b0b.dev/report#VII">View in report</a></p>]]></description><Point><coordinates>-6.35,36.6375,0</coordinates></Point></Placemark><Placemark><name>Souda Bay, Crete, Greece</name><styleUrl>#t-military</styleUrl><description><![CDATA[<p><b>Section VII</b> &middot; military</p><p>NATO and Hellenic Navy base; deep, naturally protected harbour whose K-14 quay is the only Mediterranean pier able to berth supercarriers. U.S. munitions and logistics hub for the eastern Mediterranean.</p><p><a href="https://www.b0b.dev/report#VII">View in report</a></p>]]></description><Point><coordinates>24.1194,35.4875,0</coordinates></Point></Placemark><Placemark><name>Camp Bondsteel, Kosovo</name><styleUrl>#t-military</styleUrl><description><![CDATA[<p><b>Section VII</b> &middot; military</p><p>Built 1999 by U.S. Army engineers with Kellogg Brown and Root, then a Halliburton subsidiary; Dick Cheney was Halliburton CEO 1995-2000 before becoming Vice President in 2001. 955 acres; KBR also ran camp operations.</p><p><a href="https://www.b0b.dev/report#VII">View in report</a></p>]]></description><TimeSpan><begin>1999-01-01</begin><end>1999-12-31</end></TimeSpan><Point><coordinates>21.2467,42.3592,0</coordinates></Point></Placemark><Placemark><name>Pituffik Space Base (formerly Thule Air Base), Greenland</name><styleUrl>#t-military</styleUrl><description><![CDATA[<p><b>Section VII</b> &middot; military</p><p>Northernmost U.S. base; renamed Pituffik Space Base 6 April 2023. Ballistic-missile early warning and space surveillance. Project Iceworm (1959-67) planned mobile nuclear missile sites under the ice, tested at Camp Century; Denmark never consented and the plan came to light only in 1995.</p><p><a href="https://www.b0b.dev/report#VII">View in report</a></p>]]></description><TimeSpan><begin>1959-01-01</begin><end>1959-12-31</end></TimeSpan><Point><coordinates>-68.7031,76.5312,0</coordinates></Point></Placemark><Placemark><name>Aegis Ashore, Deveselu, Romania</name><styleUrl>#t-military</styleUrl><description><![CDATA[<p><b>Section VII</b> &middot; military</p><p>U.S. Aegis Ashore missile-defence site, operational May 2016. Its Mk 41 launchers are of a type that can fire Tomahawks, but the U.S. says these are configured for SM-3 interceptors only; Russia cites the site as an offensive threat.</p><p><a href="https://www.b0b.dev/report#VII">View in report</a></p>]]></description><TimeSpan><begin>2016-05-01</begin><end>2016-05-28</end></TimeSpan><Point><coordinates>24.413417,44.078667,0</coordinates></Point></Placemark><Placemark><name>Aegis Ashore, Redzikowo, Poland</name><styleUrl>#t-military</styleUrl><description><![CDATA[<p><b>Section VII</b> &middot; military</p><p>Second European Aegis Ashore site, opened summer 2024, about 155 km from the Kaliningrad exclave border. Mk 41 launchers configured for SM-3 interceptors; Russia claims they could fire cruise missiles.</p><p><a href="https://www.b0b.dev/report#VII">View in report</a></p>]]></description><TimeSpan><begin>2024-01-01</begin><end>2024-12-31</end></TimeSpan><Point><coordinates>17.1003,54.4781,0</coordinates></Point></Placemark><Placemark><name>Kelley Barracks, Stuttgart - U.S. AFRICOM HQ</name><styleUrl>#t-military</styleUrl><description><![CDATA[<p><b>Section VII</b> &middot; military</p><p>Kelley Barracks (Stuttgart-Mohringen): headquarters of U.S. Africa Command since its activation 1 Oct 2008, responsible for 53 African nations (all but Egypt) from European soil. U.S. European Command sits nearby at Patch Barracks.</p><p><a href="https://www.b0b.dev/report#VII">View in report</a></p>]]></description><Point><coordinates>9.17917,48.72389,0</coordinates></Point></Placemark><Placemark><name>Landstuhl Regional Medical Center, Germany</name><styleUrl>#t-military</styleUrl><description><![CDATA[<p><b>Section VII</b> &middot; military</p><p>Largest American hospital outside the United States; the main treatment stop for U.S. wounded evacuated from Middle East and African theatres.</p><p><a href="https://www.b0b.dev/report#VII">View in report</a></p>]]></description><Point><coordinates>7.56028,49.40417,0</coordinates></Point></Placemark><Placemark><name>Grafenwöhr Training Area, Germany</name><styleUrl>#t-military</styleUrl><description><![CDATA[<p><b>Section VII</b> &middot; military</p><p>Largest U.S. military training area in Europe. 232 sq km. Used continuously since 1910 - through both World Wars, Cold War, and present. American soldiers train on the same Bavarian ground the Imperial German Army used.</p><p><a href="https://www.b0b.dev/report#VII">View in report</a></p>]]></description><TimeSpan><begin>1910-01-01</begin><end>1910-12-31</end></TimeSpan><Point><coordinates>11.9322,49.6903,0</coordinates></Point></Placemark><Placemark><name>Al Udeid Air Base, Qatar</name><styleUrl>#t-military</styleUrl><description><![CDATA[<p><b>Section VII</b> &middot; military</p><p>Combined Air Operations Center (CAOC) - commands all U.S. air operations across Middle East. 10,000+ U.S. personnel. Qatar hosts both Al Udeid AND Al Jazeera - the base that commands the bombing and the network that broadcasts it in the same 4,468 sq mi country.</p><p><a href="https://www.b0b.dev/report#VII">View in report</a></p>]]></description><Point><coordinates>51.315,25.1174,0</coordinates></Point></Placemark><Placemark><name>Camp Arifjan, Kuwait</name><styleUrl>#t-military</styleUrl><description><![CDATA[<p><b>Section VII</b> &middot; military</p><p>U.S. Army Central (ARCENT) forward headquarters. Third Army. Largest ground force concentration in the Middle East. Pre-positioned equipment for rapid regional deployment.</p><p><a href="https://www.b0b.dev/report#VII">View in report</a></p>]]></description><Point><coordinates>48.1579,28.878,0</coordinates></Point></Placemark><Placemark><name>NSA Bahrain - U.S. Fifth Fleet HQ</name><styleUrl>#t-military</styleUrl><description><![CDATA[<p><b>Section VII</b> &middot; military</p><p>Commander, Naval Forces Central Command / U.S. Fifth Fleet. Controls naval operations from the Suez Canal to the Strait of Hormuz. Based in a Sunni-ruled kingdom with a Shia majority population.</p><p><a href="https://www.b0b.dev/report#VII">View in report</a></p>]]></description><Point><coordinates>50.60972,26.20972,0</coordinates></Point></Placemark><Placemark><name>Incirlik Air Base, Turkey</name><styleUrl>#t-military</styleUrl><description><![CDATA[<p><b>Section VII</b> &middot; military</p><p>NATO nuclear-weapons storage - up to 50 B61 bombs (estimate). Host-nation access has been a recurring point of leverage, notably after the 2016 coup attempt.</p><p><a href="https://www.b0b.dev/report#VII">View in report</a></p>]]></description><Point><coordinates>35.4258,37.0017,0</coordinates></Point></Placemark><Placemark><name>Al Dhafra Air Base, UAE</name><styleUrl>#t-military</styleUrl><description><![CDATA[<p><b>Section VII</b> &middot; military</p><p>UAE Air Force fighter wing, French Air and Space Force fighter squadron (EC 1/7 Provence) and the U.S. 380th Air Expeditionary Wing, which flies RQ-4 Global Hawk and U-2 reconnaissance aircraft.</p><p><a href="https://www.b0b.dev/report#VII">View in report</a></p>]]></description><Point><coordinates>54.5475,24.2481,0</coordinates></Point></Placemark><Placemark><name>Air Base 201, Agadez, Niger</name><styleUrl>#t-military</styleUrl><description><![CDATA[<p><b>Section VII</b> &middot; military</p><p>U.S. drone base (MQ-9), cost over $100 million. After the July 2023 coup Niger ended military cooperation (March 2024); the last U.S. troops left on 5 Aug 2024 and the base was handed to Niger the next day.</p><p><a href="https://www.b0b.dev/report#VII">View in report</a></p>]]></description><TimeStamp><when>2024-08-05</when></TimeStamp><Point><coordinates>7.9869,16.9667,0</coordinates></Point></Placemark><Placemark><name>Camp Humphreys, South Korea</name><styleUrl>#t-military</styleUrl><description><![CDATA[<p><b>Section VII</b> &middot; military</p><p>Largest U.S. overseas military base: $11 billion, 3,454 acres, USFK and UN Command headquarters (consolidation completed 2018). About 70 miles south of the DMZ.</p><p><a href="https://www.b0b.dev/report#VII">View in report</a></p>]]></description><Point><coordinates>127.0314,36.9628,0</coordinates></Point></Placemark><Placemark><name>Osan Air Base, South Korea</name><styleUrl>#t-military</styleUrl><description><![CDATA[<p><b>Section VII</b> &middot; military</p><p>51st Fighter Wing and Seventh Air Force HQ, near Pyeongtaek, 40 miles south of Seoul and about 60 miles from the DMZ.</p><p><a href="https://www.b0b.dev/report#VII">View in report</a></p>]]></description><Point><coordinates>127.03,37.0908,0</coordinates></Point></Placemark><Placemark><name>Fleet Activities Yokosuka, Japan</name><styleUrl>#t-military</styleUrl><description><![CDATA[<p><b>Section VII</b> &middot; military</p><p>Home port of the U.S. Seventh Fleet. Forward-deployed carrier strike group. The only forward-deployed U.S. carrier is based in Japan. Commands the Pacific from another nation&#x27;s harbor.</p><p><a href="https://www.b0b.dev/report#VII">View in report</a></p>]]></description><Point><coordinates>139.671293,35.2932,0</coordinates></Point></Placemark><Placemark><name>Kadena Air Base, Okinawa, Japan</name><styleUrl>#t-military</styleUrl><description><![CDATA[<p><b>Section VII</b> &middot; military</p><p>Largest and most active USAF base in East Asia; 18th Wing. Okinawa, about 0.6% of Japan&#x27;s land, hosts about 70% of the land used exclusively by U.S. forces in Japan.</p><p><a href="https://www.b0b.dev/report#VII">View in report</a></p>]]></description><Point><coordinates>127.7681,26.3517,0</coordinates></Point></Placemark><Placemark><name>MCAS Futenma, Okinawa, Japan</name><styleUrl>#t-military</styleUrl><description><![CDATA[<p><b>Section VII</b> &middot; military</p><p>Marine Corps Air Station in the middle of Ginowan city. Called the most dangerous base in the world (attributed to Donald Rumsfeld, 2003). Relocation agreed in 1996; still operating in 2026.</p><p><a href="https://www.b0b.dev/report#VII">View in report</a></p>]]></description><TimeSpan><begin>1996-01-01</begin><end>1996-12-31</end></TimeSpan><Point><coordinates>127.7553,26.2742,0</coordinates></Point></Placemark><Placemark><name>Yokota Air Base, Tokyo, Japan</name><styleUrl>#t-military</styleUrl><description><![CDATA[<p><b>Section VII</b> &middot; military</p><p>USFJ headquarters and Fifth Air Force. Located in western Tokyo - the capital of a sovereign nation hosts foreign military command. Yokota controls the airspace over greater Tokyo. Japanese commercial aircraft route around U.S. military airspace over their own capital.</p><p><a href="https://www.b0b.dev/report#VII">View in report</a></p>]]></description><Point><coordinates>139.3487,35.7485,0</coordinates></Point></Placemark><Placemark><name>Andersen AFB + Naval Base Guam</name><styleUrl>#t-military</styleUrl><description><![CDATA[<p><b>Section VII</b> &middot; military</p><p>Pacific power-projection hub; the only Western Pacific base able to permanently service heavy bombers (B-1B, B-2, B-52). Guam&#x27;s delegate to Congress cannot vote on final passage.</p><p><a href="https://www.b0b.dev/report#VII">View in report</a></p>]]></description><Point><coordinates>144.9244,13.5839,0</coordinates></Point></Placemark><Placemark><name>Guantanamo Bay Naval Base, Cuba</name><styleUrl>#t-military</styleUrl><description><![CDATA[<p><b>Section VII</b> &middot; military</p><p>45 sq mi leased since 1903; the U.S. pays the equivalent of $4,085 a year, which Cuba has refused since 1959. Detention camp since 2002: at least 780 men held; 15 remained in January 2025. Boumediene v. Bush (2008) gave detainees habeas rights.</p><p><a href="https://www.b0b.dev/report#VII">View in report</a></p>]]></description><TimeSpan><begin>1903-01-01</begin><end>1903-12-31</end></TimeSpan><Point><coordinates>-75.16,19.9175,0</coordinates></Point></Placemark><Placemark><name>Soto Cano Air Base, Honduras</name><styleUrl>#t-military</styleUrl><description><![CDATA[<p><b>Section VII</b> &middot; military</p><p>Joint Task Force-Bravo. U.S. military presence in Central America since Cold War. Same Honduras where ISA ran Operation Queens Hunter. Proximity to School of Americas graduates who governed the region.</p><p><a href="https://www.b0b.dev/report#VII">View in report</a></p>]]></description><Point><coordinates>-87.6212,14.3822,0</coordinates></Point></Placemark><Placemark><name>CFS Leitrim, Ottawa, Canada</name><styleUrl>#t-military</styleUrl><description><![CDATA[<p><b>Section VII</b> &middot; military</p><p>Canadian Forces Station Leitrim, south of Ottawa: Canada&#x27;s oldest operational signals-intelligence collection station (1941), intercepting for CSE and part of the Five Eyes ECHELON system.</p><p><a href="https://www.b0b.dev/report#VII">View in report</a></p>]]></description><Point><coordinates>-75.587504,45.336495,0</coordinates></Point></Placemark><Placemark><name>Chinese Naval Support Base, Djibouti</name><styleUrl>#t-military</styleUrl><description><![CDATA[<p><b>Section VII</b> &middot; military</p><p>China&#x27;s first overseas military base, in use from 1 Aug 2017; about 11 km from the U.S. Camp Lemonnier.</p><p><a href="https://www.b0b.dev/report#VII">View in report</a></p>]]></description><TimeStamp><when>2017-08-01</when></TimeStamp><Point><coordinates>43.0581,11.5925,0</coordinates></Point></Placemark><Placemark><name>Fiery Cross Reef, South China Sea (China)</name><styleUrl>#t-military</styleUrl><description><![CDATA[<p><b>Section VII</b> &middot; military</p><p>Artificial island on submerged reef. 3,000m runway, hangars, radar, missile systems. The Hague ruled China&#x27;s claims have &#x27;no legal basis&#x27; (2016). China rejected the ruling.</p><p><a href="https://www.b0b.dev/report#VII">View in report</a></p>]]></description><TimeSpan><begin>2016-01-01</begin><end>2016-12-31</end></TimeSpan><Point><coordinates>112.89,9.55,0</coordinates></Point></Placemark><Placemark><name>Naval Facility Tartus, Syria (Russia)</name><styleUrl>#t-military</styleUrl><description><![CDATA[<p><b>Section VII</b> &middot; military</p><p>Soviet/Russian naval facility from 1971; from 2011 Russia&#x27;s only naval base outside the former USSR. After the Assad government fell in Dec 2024 Russian ships withdrew (by Feb 2025); the base&#x27;s future is unsettled.</p><p><a href="https://www.b0b.dev/report#VII">View in report</a></p>]]></description><TimeSpan><begin>1971-01-01</begin><end>1971-12-31</end></TimeSpan><Point><coordinates>35.8867,34.89,0</coordinates></Point></Placemark><Placemark><name>Khmeimim Air Base, Syria (Russia)</name><styleUrl>#t-military</styleUrl><description><![CDATA[<p><b>Section VII</b> &middot; military</p><p>Russian air base from September 2015 (Su-24, Su-34, Su-35). After the Assad government fell in Dec 2024 Russia stayed in reduced form; on 9 Aug 2026 Syria announced the base would become a joint training centre under Syrian civil control of the airport.</p><p><a href="https://www.b0b.dev/report#VII">View in report</a></p>]]></description><TimeSpan><begin>2015-09-01</begin><end>2015-09-28</end></TimeSpan><Point><coordinates>35.9456,35.4131,0</coordinates></Point></Placemark><Placemark><name>Khyber Pass, Pakistan-Afghanistan Border</name><styleUrl>#t-military</styleUrl><description><![CDATA[<p><b>Section VII</b> &middot; military</p><p>Mountain pass between Peshawar and Afghanistan, summit 1,070 m. Route for successive invasions and supply lines - Mughal, British, Soviet-era interdiction, NATO supply route. The geography does not change, only the uniforms.</p><p><a href="https://www.b0b.dev/report#VII">View in report</a></p>]]></description><Point><coordinates>71.0956,34.0583,0</coordinates></Point></Placemark><Placemark><name>CFB Esquimalt, British Columbia</name><styleUrl>#t-military</styleUrl><description><![CDATA[<p><b>Section VII</b> &middot; military</p><p>Royal Canadian Navy Pacific fleet headquarters. Maritime Forces Pacific. Nanoose Bay torpedo testing range. Canadian Pacific naval projection - the other Five Eyes navy on the Pacific Rim.</p><p><a href="https://www.b0b.dev/report#VII">View in report</a></p>]]></description><Point><coordinates>-123.4139,48.4322,0</coordinates></Point></Placemark><Placemark><name>Severomorsk - Northern Fleet HQ, Russia</name><styleUrl>#t-military</styleUrl><description><![CDATA[<p><b>Section VII</b> &middot; military</p><p>Headquarters of the Russian Northern Fleet: nuclear submarine force and surface fleet. Ice-free Kola Gulf (Gulf Stream). Submarine bases at Polyarny, Gadzhiyevo and Vidyayevo nearby; Murmansk is the regional port city.</p><p><a href="https://www.b0b.dev/report#VII">View in report</a></p>]]></description><Point><coordinates>33.417,69.067,0</coordinates></Point></Placemark><Placemark><name>Kaliningrad, Russia - Baltic Exclave</name><styleUrl>#t-military</styleUrl><description><![CDATA[<p><b>Section VII</b> &middot; military</p><p>Russian exclave between Poland and Lithuania. Iskander nuclear-capable missiles; Baltic Fleet HQ. Konigsberg until 1945 (renamed 1946). The Suwalki Gap - the ~65 km Polish-Lithuanian border between Kaliningrad and Belarus - is NATO&#x27;s most exposed corridor.</p><p><a href="https://www.b0b.dev/report#VII">View in report</a></p>]]></description><TimeSpan><begin>1945-01-01</begin><end>1945-12-31</end></TimeSpan><Point><coordinates>20.4522,54.7104,0</coordinates></Point></Placemark><Placemark><name>Sevastopol, Crimea - Black Sea Fleet</name><styleUrl>#t-military</styleUrl><description><![CDATA[<p><b>Section VII</b> &middot; military</p><p>Black Sea Fleet base since 1783 and its HQ, with Novorossiysk. Cold War submarine base carved into the mountain at Balaklava. Besieged in the Crimean War (1854-55); annexed by Russia in 2014.</p><p><a href="https://www.b0b.dev/report#VII">View in report</a></p>]]></description><TimeSpan><begin>2014-01-01</begin><end>2014-12-31</end></TimeSpan><Point><coordinates>33.5254,44.6167,0</coordinates></Point></Placemark><Placemark><name>Pavlovsk Bay (near Vladivostok) - Pacific Fleet submarine base</name><styleUrl>#t-military</styleUrl><description><![CDATA[<p><b>Section VII</b> &middot; military</p><p>Pacific Fleet submarine base near Vladivostok. The Pacific SSBN force - Borei-class boats with Bulava missiles (6 MIRVs each) - is based at Rybachiy, Vilyuchinsk, on Kamchatka.</p><p><a href="https://www.b0b.dev/report#VII">View in report</a></p>]]></description><Point><coordinates>132.73,42.9,0</coordinates></Point></Placemark><Placemark><name>Plesetsk Cosmodrome, Arkhangelsk Oblast, Russia</name><styleUrl>#t-military</styleUrl><description><![CDATA[<p><b>Section VII</b> &middot; military</p><p>More orbital launches than any other site (over 1,500 by 1997). Built from 1957 as an R-7 ICBM base; space launches since 17 March 1966 (military satellites, GLONASS, Angara). The USSR did not admit it existed until 1983. Northernmost spaceport until Andoya (Norway) in 2025-26.</p><p><a href="https://www.b0b.dev/report#VII">View in report</a></p>]]></description><TimeStamp><when>1957-07-15</when></TimeStamp><Point><coordinates>40.5777,62.9271,0</coordinates></Point></Placemark><Placemark><name>Kronstadt Naval Fortress, St. Petersburg, Russia</name><styleUrl>#t-military</styleUrl><description><![CDATA[<p><b>Section VII</b> &middot; military</p><p>Baltic Fleet base since 1704 (Peter the Great). Island fortress guarding St. Petersburg. 1921 Kronstadt Rebellion - sailors who made the Revolution revolted against it; crushed by Trotsky. Forts across the Gulf of Finland created kill zones for any naval approach. The fortress that guards the city that guards the Baltic.</p><p><a href="https://www.b0b.dev/report#VII">View in report</a></p>]]></description><TimeSpan><begin>1921-01-01</begin><end>1921-12-31</end></TimeSpan><Point><coordinates>29.7714,59.9961,0</coordinates></Point></Placemark><Placemark><name>Severodvinsk / Sevmash, Arkhangelsk Oblast, Russia</name><styleUrl>#t-military</styleUrl><description><![CDATA[<p><b>Section VII</b> &middot; military</p><p>Sevmash - Russia&#x27;s largest shipyard and today its only nuclear-submarine builder: Borei SSBNs, Yasen SSGNs and Belgorod (Poseidon carrier). Closed city.</p><p><a href="https://www.b0b.dev/report#VII">View in report</a></p>]]></description><Point><coordinates>39.8302,64.5635,0</coordinates></Point></Placemark><Placemark><name>Nizhny Tagil - Uralvagonzavod, Russia</name><styleUrl>#t-military</styleUrl><description><![CDATA[<p><b>Section VII</b> &middot; military</p><p>Uralvagonzavod - largest main battle tank manufacturer in the world (T-72, T-90, T-14). Opened 11 Oct 1936 as a freight-car works; the Kharkiv tank factory was evacuated here in 1941. About 30,000 employees.</p><p><a href="https://www.b0b.dev/report#VII">View in report</a></p>]]></description><TimeStamp><when>1936-10-11</when></TimeStamp><Point><coordinates>60.09722,57.93611,0</coordinates></Point></Placemark><Placemark><name>Jianggezhuang Submarine Base, Qingdao, China</name><styleUrl>#t-military</styleUrl><description><![CDATA[<p><b>Section VII</b> &middot; military</p><p>PLA Navy North Sea Fleet nuclear submarine base. Underground pens visible in satellite imagery. China&#x27;s nuclear submarine deterrent - the underwater component of the second-strike capability.</p><p><a href="https://www.b0b.dev/report#VII">View in report</a></p>]]></description><Point><coordinates>120.5758,36.110772,0</coordinates></Point></Placemark><Placemark><name>Yulin Naval Base, Hainan, China</name><styleUrl>#t-military</styleUrl><description><![CDATA[<p><b>Section VII</b> &middot; military</p><p>PLA Navy South Sea Fleet base at Sanya. Its eastern extension, Longpo (Yulin-East) on Yalong Bay, hosts the nuclear submarines (reported: Type 094 Jin-class SSBNs) and aircraft carriers.</p><p><a href="https://www.b0b.dev/report#VII">View in report</a></p>]]></description><Point><coordinates>109.55,18.22,0</coordinates></Point></Placemark><Placemark><name>London City Airport</name><styleUrl>#t-airport</styleUrl><description><![CDATA[<p><b>Section VII</b> &middot; airport</p><p>Opened 26 Oct 1987 on the former Royal Docks. Short 1,508 m runway with a steep approach. About 3.5 miles from Canary Wharf; built to serve the Docklands and City business market.</p><p><a href="https://www.b0b.dev/report#VII">View in report</a></p>]]></description><TimeStamp><when>1987-10-26</when></TimeStamp><Point><coordinates>0.0553,51.5053,0</coordinates></Point></Placemark><Placemark><name>Diego Garcia - U.S./UK military base, Chagos</name><styleUrl>#t-military</styleUrl><description><![CDATA[<p><b>Section VII</b> &middot; military</p><p>U.S./UK base with a 12,000-ft runway for B-52 and B-2 operations. The Chagossian population was forcibly removed 1968-73. ICJ advisory opinion (2019): decolonisation not lawfully completed. A UK-Mauritius treaty signed 22 May 2025 transfers sovereignty while keeping the base for 99 years.</p><p><a href="https://www.b0b.dev/report#VII">View in report</a></p>]]></description><TimeSpan><begin>1968-01-01</begin><end>1968-12-31</end></TimeSpan><Point><coordinates>72.4111,-7.3133,0</coordinates></Point></Placemark><Placemark><name>RAF Ascension Island, South Atlantic</name><styleUrl>#t-military</styleUrl><description><![CDATA[<p><b>Section VII</b> &middot; military</p><p>Wideawake Airfield - 10,000-ft runway on volcanic island. Critical relay for Falklands War logistics. NASA tracking station. GCHQ/NSA signals intelligence. Shared between military, intelligence, and space agencies on a volcanic rock in the mid-Atlantic.</p><p><a href="https://www.b0b.dev/report#VII">View in report</a></p>]]></description><Point><coordinates>-14.39389,-7.96944,0</coordinates></Point></Placemark><Placemark><name>Masirah Island Air Base, Oman</name><styleUrl>#t-military</styleUrl><description><![CDATA[<p><b>Section VII</b> &middot; military</p><p>Remote island airbase, Arabian Sea. Former RAF, now Royal Air Force of Oman with U.S. access agreements. Staging point for Iraq/Afghanistan operations. Desert One (1980 Iran hostage rescue attempt) staged from here. Remote basing for regional force projection.</p><p><a href="https://www.b0b.dev/report#VII">View in report</a></p>]]></description><TimeSpan><begin>1980-01-01</begin><end>1980-12-31</end></TimeSpan><Point><coordinates>58.8904,20.6754,0</coordinates></Point></Placemark><Placemark><name>Lajes Field, Terceira, Azores</name><styleUrl>#t-airport</styleUrl><description><![CDATA[<p><b>Section VII</b> &middot; airport</p><p>Mid-Atlantic staging base. Used for Iraq War rendition flights. Cold War: nuclear weapons storage (confirmed by declassified documents). Portuguese sovereignty, American operations. The mid-ocean refueling stop for everything that shouldn&#x27;t land on the mainland.</p><p><a href="https://www.b0b.dev/report#VII">View in report</a></p>]]></description><Point><coordinates>-27.091,38.7618,0</coordinates></Point></Placemark><Placemark><name>London City Island, Leamouth Peninsula</name><styleUrl>#t-corporate</styleUrl><description><![CDATA[<p><b>Section VII</b> &middot; corporate</p><p>Residential-led development on the Leamouth Peninsula where the River Lea meets the Thames; also home to the English National Ballet. Named City Island for marketing - it is a peninsula.</p><p><a href="https://www.b0b.dev/report#VII">View in report</a></p>]]></description><Point><coordinates>-0.0044,51.5078,0</coordinates></Point></Placemark><Placemark><name>Isle of Dogs, London</name><styleUrl>#t-financial</styleUrl><description><![CDATA[<p><b>Section VII</b> &middot; financial</p><p>Canary Wharf sits on the Isle of Dogs, built around the West India Docks (opened 27 Aug 1802) - promoted by West India merchants led by Robert Milligan, a slave trader and Jamaica plantation manager, to land West Indies plantation cargo. The East India Docks (1806) lay adjacent at Blackwall. After the docks closed (1980) the Canary Wharf office district was built around the wet docks; HSBC, Barclays, Morgan Stanley, Citigroup and JPMorgan have occupied towers there.</p><p><a href="https://www.b0b.dev/report#VII">View in report</a></p>]]></description><TimeSpan><begin>1802-01-01</begin><end>1802-12-31</end></TimeSpan><Point><coordinates>-0.0178,51.4933,0</coordinates></Point></Placemark><Placemark><name>BlackRock HQ, New York City</name><styleUrl>#t-corporate</styleUrl><description><![CDATA[<p><b>Section VII</b> &middot; corporate</p><p>BlackRock: US$15.3 trillion AUM (2026), largest asset manager in the world. Aladdin risk platform handled about $21.6T in assets (as of 2020). Larry Fink began at First Boston (1976) as one of the first mortgage-backed-securities traders. The Federal Reserve hired BlackRock in 2008-09 (Bear Stearns/AIG assets) and in March 2020 to run two corporate-bond purchase facilities - an asset manager executing central-bank purchases in markets where it also manages funds.</p><p><a href="https://www.b0b.dev/report#VII">View in report</a></p>]]></description><TimeSpan><begin>2020-03-01</begin><end>2020-03-28</end></TimeSpan><Point><coordinates>-74.0021,40.7539,0</coordinates></Point></Placemark><Placemark><name>Vanguard HQ, Malvern, Pennsylvania</name><styleUrl>#t-corporate</styleUrl><description><![CDATA[<p><b>Section VII</b> &middot; corporate</p><p>US$13.3 trillion AUM (2025). Largest provider of mutual funds; second-largest ETF provider after BlackRock&#x27;s iShares. Vanguard is owned by the funds it manages, and so by their investors - it has no outside shareholders. With BlackRock and State Street it is one of the &#x27;Big Three&#x27; index managers.</p><p><a href="https://www.b0b.dev/report#VII">View in report</a></p>]]></description><Point><coordinates>-75.5146,40.043,0</coordinates></Point></Placemark><Placemark><name>State Street HQ, Boston</name><styleUrl>#t-corporate</styleUrl><description><![CDATA[<p><b>Section VII</b> &middot; corporate</p><p>US$4.7 trillion AUM (2024). Third of the &#x27;Big Three&#x27; index managers with BlackRock and Vanguard; custodian bank for institutional money. Fichtner, Heemskerk &amp; Garcia-Bernardo (2017, 2015 data): combined, the Big Three were the largest shareholder in 438 of the S&amp;P 500 (88%) and used coordinated voting strategies, generally voting with management except at director elections.</p><p><a href="https://www.b0b.dev/report#VII">View in report</a></p>]]></description><Point><coordinates>-71.05861,42.36278,0</coordinates></Point></Placemark><Placemark><name>Booz Allen Hamilton, McLean, Virginia</name><styleUrl>#t-corporate</styleUrl><description><![CDATA[<p><b>Section VII</b> &middot; corporate</p><p>Headquartered in McLean, Virginia. Edward Snowden was a Booz Allen employee assigned to NSA projects when he disclosed NSA documents (June 2013); the firm fired him. Nearly all revenue comes from US government contracts. A consultancy whose cleared staff do intelligence work - the privatisation of intelligence labour.</p><p><a href="https://www.b0b.dev/report#VII">View in report</a></p>]]></description><Point><coordinates>-77.1772,38.9236,0</coordinates></Point></Placemark><Placemark><name>Halliburton, Houston, Texas</name><styleUrl>#t-corporate</styleUrl><description><![CDATA[<p><b>Section VII</b> &middot; corporate</p><p>Dick Cheney: Halliburton chairman and CEO 1995-2000 (HQ then in Dallas), then Vice President 2001-2009, receiving deferred compensation while in office. KBR, then a Halliburton subsidiary, was awarded at least $39.5bn in Iraq-war-related federal contracts over 2003-2013 (FT analysis, 2013), many without competitive bidding, including the $7bn Restore Iraqi Oil contract for which only Halliburton was allowed to bid. Critics alleged the awards reflected Cheney&#x27;s office; that link is contested, not established. KBR was spun off in 2007.</p><p><a href="https://www.b0b.dev/report#VII">View in report</a></p>]]></description><TimeSpan><begin>1995-01-01</begin><end>1995-12-31</end></TimeSpan><Point><coordinates>-95.4345,29.7532,0</coordinates></Point></Placemark><Placemark><name>Lausanne, Switzerland - IOC Headquarters</name><styleUrl>#t-governance</styleUrl><description><![CDATA[<p><b>Section VII</b> &middot; governance</p><p>Olympic House, Vidy, Lausanne - headquarters of the International Olympic Committee (founded 1894), an association under Swiss law. President Kirsty Coventry since 23 June 2025, succeeding Thomas Bach (2013-2025). The body that sells broadcast and sponsorship rights to the Games for billions per Olympic cycle.</p><p><a href="https://www.b0b.dev/report#VII">View in report</a></p>]]></description><TimeSpan><begin>1915-01-01</begin><end>1915-12-31</end></TimeSpan><Point><coordinates>6.59694,46.51806,0</coordinates></Point></Placemark><Placemark><name>CIA Headquarters, Langley, Virginia - Art Collection</name><styleUrl>#t-museum</styleUrl><description><![CDATA[<p><b>Section VII</b> &middot; museum</p><p>The CIA&#x27;s Cold War cultural programme, run from 1950 by Tom Braden&#x27;s International Organisations Division, promoted American Abstract Expressionism (Pollock, Rothko, Motherwell, de Kooning) abroad through the Congress for Cultural Freedom and conduits such as the Farfield Foundation, without the artists&#x27; knowledge (attributed: Frances Stonor Saunders, The Independent, 22 Oct 1995; &#x27;The Cultural Cold War&#x27;, 1999). Braden in 1995: &#x27;In order to encourage openness we had to be secret.&#x27;</p><p><a href="https://www.b0b.dev/report#VII">View in report</a></p>]]></description><Point><coordinates>-77.1464,38.951,0</coordinates></Point></Placemark><Placemark><name>Museum of Modern Art (MoMA), New York - CIA Cultural Front</name><styleUrl>#t-museum</styleUrl><description><![CDATA[<p><b>Section VII</b> &middot; museum</p><p>Nelson Rockefeller, MoMA president from 1939 and a leading backer of Abstract Expressionism (&#x27;free enterprise painting&#x27;). Per Frances Stonor Saunders (The Independent, 1995; &#x27;The Cultural Cold War&#x27;), MoMA was contracted to the CIA-funded Congress for Cultural Freedom to organise and curate its major art shows, and CIA conduits paid for touring exhibitions such as &#x27;The New American Painting&#x27; (1958-59). The museum as an instrument of Cold War soft power (attributed).</p><p><a href="https://www.b0b.dev/report#VII">View in report</a></p>]]></description><Point><coordinates>-73.9776,40.7614,0</coordinates></Point></Placemark><Placemark><name>Broken Obelisk - Barnett Newman, Rothko Chapel, Houston</name><styleUrl>#t-obelisk</styleUrl><description><![CDATA[<p><b>Section VII</b> &middot; obelisk</p><p>Barnett Newman&#x27;s &#x27;Broken Obelisk&#x27; (designed 1963-67), Cor-Ten steel: an inverted, broken obelisk balanced on a pyramid apex. The Houston cast was installed beside the Rothko Chapel in 1970 in a reflecting pool and, at Dominique de Menil&#x27;s condition, dedicated to Martin Luther King Jr. The obelisk of power, snapped and turned upside down - the anti-monument.</p><p><a href="https://www.b0b.dev/report#VII">View in report</a></p>]]></description><TimeSpan><begin>1963-01-01</begin><end>1963-12-31</end></TimeSpan><Point><coordinates>-95.3961,29.7374,0</coordinates></Point></Placemark><Placemark><name>Vigeland Sculpture Park (Frognerparken), Oslo</name><styleUrl>#t-obelisk</styleUrl><description><![CDATA[<p><b>Section VII</b> &middot; obelisk</p><p>Gustav Vigeland: 212 bronze and granite sculptures. The Monolith: 14.12m granite column of 121 intertwined human figures - carved from single block over 14 years. Wheel of Life, Fountain of cosmic cycles. Entire human lifecycle depicted: birth, struggle, death, transcendence. The largest sculpture park by a single artist in the world. Vigeland&#x27;s obsession: the human body as architecture of existence.</p><p><a href="https://www.b0b.dev/report#VII">View in report</a></p>]]></description><Point><coordinates>10.7013,59.9271,0</coordinates></Point></Placemark><Placemark><name>The Alamo (Astor Place Cube), New York City</name><styleUrl>#t-obelisk</styleUrl><description><![CDATA[<p><b>Section VII</b> &middot; obelisk</p><p>Tony Rosenthal&#x27;s &#x27;Alamo&#x27; (1967). 8-foot cor-ten steel cube balanced on vertex - rotates when pushed. The spinning cube at the intersection. Cube geometry: Kaaba (Mecca), Black Cube of Saturn symbolism, Borg (Star Trek), 2001: A Space Odyssey monolith. The cube that invites you to spin it. Public art as participatory occult geometry.</p><p><a href="https://www.b0b.dev/report#VII">View in report</a></p>]]></description><TimeSpan><begin>1967-01-01</begin><end>1967-12-31</end></TimeSpan><Point><coordinates>-73.9912,40.7296,0</coordinates></Point></Placemark><Placemark><name>The Sphere (Koenig), Originally WTC Plaza, Now Liberty Park</name><styleUrl>#t-obelisk</styleUrl><description><![CDATA[<p><b>Section VII</b> &middot; obelisk</p><p>Fritz Koenig&#x27;s &#x27;The Sphere&#x27; (1971). Originally centered in WTC Austin J. Tobin Plaza - between the Twin Towers. Survived 9/11 damaged but intact. Moved to Battery Park, then Liberty Park (2017). The sculpture that stood between two towers and survived their fall. Originally symbolized &#x27;world peace through world trade.&#x27; Now a memorial. The sphere between the towers.</p><p><a href="https://www.b0b.dev/report#VII">View in report</a></p>]]></description><TimeSpan><begin>1971-01-01</begin><end>1971-12-31</end></TimeSpan><Point><coordinates>-74.0134,40.7115,0</coordinates></Point></Placemark><Placemark><name>Cloud Gate (The Bean), Chicago</name><styleUrl>#t-obelisk</styleUrl><description><![CDATA[<p><b>Section VII</b> &middot; obelisk</p><p>Anish Kapoor, 2006. 110-ton polished stainless steel; reflects and distorts the Chicago skyline - the viewer sees themselves warped. Kapoor holds exclusive artistic rights to Vantablack (one of the darkest materials known), licensed by Surrey NanoSystems - an artist with a monopoly on a black. The mirror that bends what it shows.</p><p><a href="https://www.b0b.dev/report#VII">View in report</a></p>]]></description><TimeSpan><begin>2006-01-01</begin><end>2006-12-31</end></TimeSpan><Point><coordinates>-87.6233,41.8827,0</coordinates></Point></Placemark><Placemark><name>Vessel (Hudson Yards), New York City</name><styleUrl>#t-obelisk</styleUrl><description><![CDATA[<p><b>Section VII</b> &middot; obelisk</p><p>Thomas Heatherwick, opened 15 Mar 2019; cost estimated at up to $200M; 154 flights of stairs, 2,500 steps. Four people died by suicide there between Feb 2020 and Jul 2021; it closed, and reopened 28 Oct 2024 behind higher barriers. Developer Related Companies (Stephen Ross, host of a 2019 Trump fundraiser; Related invests in Equinox and SoulCycle). Hudson Yards: a press-estimated $25bn development on a railyard. The monument to going nowhere.</p><p><a href="https://www.b0b.dev/report#VII">View in report</a></p>]]></description><TimeSpan><begin>2019-01-01</begin><end>2019-12-31</end></TimeSpan><Point><coordinates>-74.0013,40.7532,0</coordinates></Point></Placemark><Placemark><name>Charging Bull, Bowling Green, New York</name><styleUrl>#t-obelisk</styleUrl><description><![CDATA[<p><b>Section VII</b> &middot; obelisk</p><p>Arturo Di Modica, 1989: a 7,100-lb (3.2 t) bronze bull installed guerrilla-style on Wall Street on 15 Dec 1989 after the 1987 crash, then moved to Bowling Green. State Street Global Advisors&#x27; &#x27;Fearless Girl&#x27; faced it from March 2017 until moved to face the NYSE in Dec 2018. The sculpture the financial industry adopted as its totem.</p><p><a href="https://www.b0b.dev/report#VII">View in report</a></p>]]></description><TimeSpan><begin>1989-01-01</begin><end>1989-12-31</end></TimeSpan><Point><coordinates>-74.0134,40.7056,0</coordinates></Point></Placemark><Placemark><name>Kapoor&#x27;s Sky Mirror, Rockefeller Center, New York</name><styleUrl>#t-obelisk</styleUrl><description><![CDATA[<p><b>Section VII</b> &middot; obelisk</p><p>Anish Kapoor&#x27;s Sky Mirror, a 35-foot (11 m) concave stainless-steel dish, stood at Rockefeller Center from 20 Sept to 27 Oct 2006 - convex side to Fifth Avenue, concave to the courtyard, reflecting sky into ground. The original (2001) is outside the Nottingham Playhouse. A temporary inversion in front of the complex built by John D. Rockefeller Jr.</p><p><a href="https://www.b0b.dev/report#VII">View in report</a></p>]]></description><TimeStamp><when>2006-09-20</when></TimeStamp><Point><coordinates>-73.9787,40.7587,0</coordinates></Point></Placemark><Placemark><name>Kaaba, Masjid al-Haram, Mecca</name><styleUrl>#t-obelisk</styleUrl><description><![CDATA[<p><b>Section VII</b> &middot; obelisk</p><p>The Kaaba: 13.1 m high, 11.03 x 12.86 m. Black silk kiswah replaced annually. Islamic tradition holds it was built by Ibrahim (Abraham) and Ismail. The Black Stone (al-Hajar al-Aswad), set in the eastern corner, is pre-Islamic; a meteoritic origin has been proposed, not established. The direction of prayer for Muslims worldwide; millions circumambulate it during Hajj.</p><p><a href="https://www.b0b.dev/report#VII">View in report</a></p>]]></description><Point><coordinates>39.8262,21.4225,0</coordinates></Point></Placemark><Placemark><name>Nevelson Chapel / Chapel of the Good Shepherd - Louise Nevelson, NYC</name><styleUrl>#t-obelisk</styleUrl><description><![CDATA[<p><b>Section VII</b> &middot; obelisk</p><p>Louise Nevelson: white-painted wood assemblages creating monolithic wall sculptures - essentially cubes and boxes nested within boxes. Chapel of the Good Shepherd at St. Peter&#x27;s Church, NYC: entire environment as sculpture. The church inside the sculpture inside the box. Nevelson&#x27;s work: the cube repeated, stacked, nested, until the wall becomes architecture.</p><p><a href="https://www.b0b.dev/report#VII">View in report</a></p>]]></description><Point><coordinates>-73.97028,40.75861,0</coordinates></Point></Placemark><Placemark><name>Lateran Obelisk, Piazza San Giovanni, Rome</name><styleUrl>#t-obelisk</styleUrl><description><![CDATA[<p><b>Section VII</b> &middot; obelisk</p><p>The largest standing ancient Egyptian obelisk (32.18 m shaft; 45.7 m with base). Made at Karnak under Thutmose III and Thutmose IV (c.1400 BC). Moved to Alexandria under Constantine I; Constantius II shipped it to Rome in 357 and set it on the Circus Maximus. It fell, was buried, and was excavated and re-erected at the Lateran in 1588 by Domenico Fontana for Pope Sixtus V, topped with a cross.</p><p><a href="https://www.b0b.dev/report#VII">View in report</a></p>]]></description><TimeSpan><begin>1588-01-01</begin><end>1588-12-31</end></TimeSpan><Point><coordinates>12.5063,41.8859,0</coordinates></Point></Placemark><Placemark><name>Flaminio Obelisk, Piazza del Popolo, Rome</name><styleUrl>#t-obelisk</styleUrl><description><![CDATA[<p><b>Section VII</b> &middot; obelisk</p><p>From the Temple of Ra at Heliopolis: commissioned by Seti I and completed under Ramesses II (13th century BC). Augustus brought it to Rome c.10 BC after the conquest of Egypt and set it on the Circus Maximus; re-erected in the Piazza del Popolo in 1589. The conqueror&#x27;s trophy: the enemy&#x27;s sacred monument in your circus.</p><p><a href="https://www.b0b.dev/report#VII">View in report</a></p>]]></description><TimeSpan><begin>1589-01-01</begin><end>1589-12-31</end></TimeSpan><Point><coordinates>12.4764,41.9106,0</coordinates></Point></Placemark><Placemark><name>Montecitorio Obelisk, Rome - Sundial</name><styleUrl>#t-obelisk</styleUrl><description><![CDATA[<p><b>Section VII</b> &middot; obelisk</p><p>From Heliopolis. Erected by Psamtik II (590 BC). Augustus used it as gnomon of the Horologium Augusti - a solar meridian line (sundial) in the Campus Martius. The obelisk that tells time. Power measured by the shadow it casts.</p><p><a href="https://www.b0b.dev/report#VII">View in report</a></p>]]></description><Point><coordinates>12.4794,41.9009,0</coordinates></Point></Placemark><Placemark><name>Obelisk of Theodosius, Istanbul (Hippodrome)</name><styleUrl>#t-obelisk</styleUrl><description><![CDATA[<p><b>Section VII</b> &middot; obelisk</p><p>Upper part of an obelisk of Thutmose III (1479-1425 BC) from Karnak; originally ~30 m, now 18.54 m (25.6 m with base) - the lower part was damaged in antiquity. Constantius II had it taken to Alexandria (357); Theodosius I set it up on the Hippodrome spina in 390. Its marble base shows Theodosius with captives. Egyptian, Roman, Byzantine, Ottoman: it stayed where Theodosius put it.</p><p><a href="https://www.b0b.dev/report#VII">View in report</a></p>]]></description><TimeSpan><begin>390-01-01</begin><end>390-12-31</end></TimeSpan><Point><coordinates>28.9752,41.0063,0</coordinates></Point></Placemark><Placemark><name>Axum Obelisk (Stele), Axum, Ethiopia</name><styleUrl>#t-obelisk</styleUrl><description><![CDATA[<p><b>Section VII</b> &middot; obelisk</p><p>24m tall, 1,700 years old. Aksumite Kingdom funerary marker. Looted by Mussolini&#x27;s troops (1937) - shipped to Rome. Ethiopia demanded return for 60 years. Finally returned 2005 - re-erected 2008. The obelisk stolen by a fascist dictator and returned only after decades of diplomacy. Italy kept it in Rome near the Circus Maximus. Colonialism as interior decorating.</p><p><a href="https://www.b0b.dev/report#VII">View in report</a></p>]]></description><TimeSpan><begin>1937-01-01</begin><end>1937-12-31</end></TimeSpan><Point><coordinates>38.7176,14.1307,0</coordinates></Point></Placemark><Placemark><name>Obelisk of Buenos Aires, Plaza de la República</name><styleUrl>#t-obelisk</styleUrl><description><![CDATA[<p><b>Section VII</b> &middot; obelisk</p><p>Built 1936. 67.5m tall. Commemorates 400th anniversary of first founding of Buenos Aires. Not ancient Egyptian - purpose-built. But the form is the message: Argentina declaring itself heir to the power lineage. Every modern city that builds an obelisk is making a claim about what kind of power it wields.</p><p><a href="https://www.b0b.dev/report#VII">View in report</a></p>]]></description><TimeSpan><begin>1936-01-01</begin><end>1936-12-31</end></TimeSpan><Point><coordinates>-58.3816,-34.6037,0</coordinates></Point></Placemark><Placemark><name>Obelisco de São Paulo, Brazil</name><styleUrl>#t-obelisk</styleUrl><description><![CDATA[<p><b>Section VII</b> &middot; obelisk</p><p>Obelisk of Ibirapuera: 72 m travertine-clad obelisk by Galileo Emendabili, begun 1947, opened 9 July 1955, completed 1970 - the largest monument in São Paulo, honouring the dead of the 1932 Constitutionalist Revolution. The obelisk as assertion.</p><p><a href="https://www.b0b.dev/report#VII">View in report</a></p>]]></description><TimeSpan><begin>1947-01-01</begin><end>1947-12-31</end></TimeSpan><Point><coordinates>-46.655,-23.5875,0</coordinates></Point></Placemark><Placemark><name>Bunker Hill Monument, Charlestown, Boston</name><styleUrl>#t-obelisk</styleUrl><description><![CDATA[<p><b>Section VII</b> &middot; obelisk</p><p>67 m (221 ft) granite obelisk by Solomon Willard, erected 1825-1843, commemorating the Battle of Bunker Hill (17 June 1775). Lafayette laid the cornerstone in 1825 with the Grand Lodge of Massachusetts taking part. One of the earliest American obelisks, pre-dating the Washington Monument: military victory inscribed in Egyptian form.</p><p><a href="https://www.b0b.dev/report#VII">View in report</a></p>]]></description><TimeSpan><begin>1825-01-01</begin><end>1825-12-31</end></TimeSpan><Point><coordinates>-71.0609,42.3763,0</coordinates></Point></Placemark><Placemark><name>Walled Obelisk (Constantine&#x27;s Obelisk), Istanbul Hippodrome</name><styleUrl>#t-obelisk</styleUrl><description><![CDATA[<p><b>Section VII</b> &middot; obelisk</p><p>The 32 m masonry &#x27;Walled Obelisk&#x27;, most likely built under Theodosius to mirror the Egyptian Obelisk of Theodosius at the other end of the Hippodrome spina, as Rome&#x27;s Circus Maximus had two. In the 10th century Constantine VII Porphyrogenitus restored it and sheathed it in gilt bronze plates, later stripped. The masonry copy beside the Egyptian original.</p><p><a href="https://www.b0b.dev/report#VII">View in report</a></p>]]></description><Point><coordinates>28.9758,41.0058,0</coordinates></Point></Placemark><Placemark><name>Foro Italico Obelisk (Mussolini&#x27;s Obelisk), Rome</name><styleUrl>#t-obelisk</styleUrl><description><![CDATA[<p><b>Section VII</b> &middot; obelisk</p><p>Carrara-marble monolith inscribed &#x27;MVSSOLINI DVX&#x27;, 17.5 m high excluding its base (about 36 m overall), inaugurated 4 Nov 1932 at the Fascist sports complex (Foro Mussolini, now Foro Italico); the block was floated to Rome on the Tiber. It still stands. Mussolini put his own name on an obelisk, in the city of taken obelisks.</p><p><a href="https://www.b0b.dev/report#VII">View in report</a></p>]]></description><TimeSpan><begin>1932-01-01</begin><end>1932-12-31</end></TimeSpan><Point><coordinates>12.4561,41.9294,0</coordinates></Point></Placemark><Placemark><name>Place Vendôme Column, Paris</name><styleUrl>#t-obelisk</styleUrl><description><![CDATA[<p><b>Section VII</b> &middot; obelisk</p><p>Not an obelisk but a column (1806-1810) modelled on Trajan&#x27;s Column for Austerlitz. Its 425 bronze relief plates were said to be cast from captured enemy cannon - the propaganda figure is far above the ~180 guns actually taken at Austerlitz. Torn down by the Paris Commune on 16 May 1871 and rebuilt; Gustave Courbet was billed for reconstruction and died in exile in Switzerland. The column made of enemy weapons, destroyed by revolutionaries, rebuilt by the state.</p><p><a href="https://www.b0b.dev/report#VII">View in report</a></p>]]></description><TimeSpan><begin>1810-01-01</begin><end>1810-12-31</end></TimeSpan><Point><coordinates>2.3294,48.8675,0</coordinates></Point></Placemark><Placemark><name>Piazza Navona Obelisk (Fountain of Four Rivers), Rome</name><styleUrl>#t-obelisk</styleUrl><description><![CDATA[<p><b>Section VII</b> &middot; obelisk</p><p>Bernini&#x27;s Fountain of Four Rivers (1651). Roman-made obelisk (not Egyptian import) - cut in Aswan granite imitating pharaonic style. Bernini: four river gods representing the four known continents. The Nile god&#x27;s head covered - because the Nile&#x27;s source was unknown. The obelisk sitting on a void: the power symbol whose origin even its makers didn&#x27;t fully understand.</p><p><a href="https://www.b0b.dev/report#VII">View in report</a></p>]]></description><TimeSpan><begin>1651-01-01</begin><end>1651-12-31</end></TimeSpan><Point><coordinates>12.4729,41.899,0</coordinates></Point></Placemark><Placemark><name>Psychiatrisch Ziekenhuis Wolfheze (Pro Persona), Netherlands</name><styleUrl>#t-governance</styleUrl><description><![CDATA[<p><b>Section VII</b> &middot; governance</p><p>Psychiatric hospital founded 1906 on 86 hectares of woodland bought by a Christian care association; merged into De Gelderse Roos (1996), now part of Pro Persona (2009). On 17 Sept 1944, at the opening of Operation Market Garden, English bombers struck the hospital buildings - the Allies suspected German troops there - killing 81; the gliders landed on the nearby Reijerscamp heath. Its 1907 water tower (architect E. Knevel) and other buildings are municipal monuments.</p><p><a href="https://www.b0b.dev/report#VII">View in report</a></p>]]></description><TimeStamp><when>1944-09-17</when></TimeStamp><Point><coordinates>5.7864,52.0042,0</coordinates></Point></Placemark><Placemark><name>Deelen Air Base (Fliegerhorst Deelen), Netherlands</name><styleUrl>#t-military</styleUrl><description><![CDATA[<p><b>Section VII</b> &middot; military</p><p>Luftwaffe Fliegerhorst Deelen (1940-45): night fighters (Bf 110, Ju 88) flew from here; south-west of the field the Diogenes bunker housed the fighter-control centre for the Netherlands, Belgium and northern France. From 1942 a standard-gauge spur (the &#x27;bommenlijntje&#x27;) ran from Wolfheze station to the base, also used to build the bunker. Post-war a Dutch military airfield. About 9 km north-east of the Hotel de Bilderberg.</p><p><a href="https://www.b0b.dev/report#VII">View in report</a></p>]]></description><Point><coordinates>5.8731,52.0606,0</coordinates></Point></Placemark><Placemark><name>Hotel Hartenstein / Airborne Museum, Oosterbeek</name><styleUrl>#t-military</styleUrl><description><![CDATA[<p><b>Section VII</b> &middot; military</p><p>Headquarters of the British 1st Airborne Division in the Battle of Arnhem (17-25 Sept 1944); Maj-Gen Roy Urquhart commanded from here. Of 10,095 men landed by parachute and glider, about 2,400 (2,163 British, 160 Poles, 75 Dorsets) were evacuated across the Rhine on 25-26 Sept. Now the Airborne Museum Hartenstein, on the Utrechtseweg about 1 km east of the Hotel de Bilderberg.</p><p><a href="https://www.b0b.dev/report#VII">View in report</a></p>]]></description><TimeSpan><begin>1944-01-01</begin><end>1944-12-31</end></TimeSpan><Point><coordinates>5.8325,51.9881,0</coordinates></Point></Placemark><Placemark><name>Laag Wolfheze Estate, Doorwerth</name><styleUrl>#t-governance</styleUrl><description><![CDATA[<p><b>Section VII</b> &middot; governance</p><p>Rijksmonument (523653-523655): country house built 1919 to designs by ir. Samuel de Clercq, park laid out by Samuel Voorhoeve (1920), and entrance gate (1920), on the Utrechtseweg in Doorwerth, Renkum municipality - about 1.2 km west of the Hotel de Bilderberg.</p><p><a href="https://www.b0b.dev/report#VII">View in report</a></p>]]></description><TimeSpan><begin>1919-01-01</begin><end>1919-12-31</end></TimeSpan><Point><coordinates>5.8003,51.9883,0</coordinates></Point></Placemark><Placemark><name>Bilderberg Estate Boundary Post, Oosterbeek</name><styleUrl>#t-governance</styleUrl><description><![CDATA[<p><b>Section VII</b> &middot; governance</p><p>Municipal monument: boundary post of the former Bilderberg estate (landgoed de Bilderberg), at the Utrechtseweg/Wolfhezerweg junction, Oosterbeek - about 300 m west of the Hotel de Bilderberg, which stands on the former estate and gave the Bilderberg Meeting its name (1954).</p><p><a href="https://www.b0b.dev/report#VII">View in report</a></p>]]></description><Point><coordinates>5.8136,51.9881,0</coordinates></Point></Placemark><Placemark><name>Kasteel Doorwerth, Renkum</name><styleUrl>#t-governance</styleUrl><description><![CDATA[<p><b>Section VII</b> &middot; governance</p><p>Water castle on the Rhine floodplain at Doorwerth, Renkum municipality; Rijksmonument 32429. First mentioned in 1260, when it was besieged and burned; rebuilt in stone and enlarged from 1435 under Reinald van Homoet.</p><p><a href="https://www.b0b.dev/report#VII">View in report</a></p>]]></description><TimeSpan><begin>1260-01-01</begin><end>1260-12-31</end></TimeSpan><Point><coordinates>5.7944,51.9631,0</coordinates></Point></Placemark><Placemark><name>Howard Lutnick / Cantor Fitzgerald, NYC</name><styleUrl>#t-financial</styleUrl><description><![CDATA[<p><b>Section VII</b> &middot; financial</p><p>Born 1961. Chairman and CEO of Cantor Fitzgerald until Feb 2025, when his sons took over; on 9/11 the firm, in the North Tower, lost all 658 of its 960 New York employees who were in the office, including his brother Gary - he was taking his son to kindergarten. 41st US Secretary of Commerce (sworn in 21 Feb 2025); co-chaired Trump&#x27;s 2024 transition. Cantor manages Tether&#x27;s reserves, including over $80bn in Treasuries (attributed). His Manhattan house on East 71st Street, owned since 1998, is next door to Epstein&#x27;s former townhouse. Before the Senate Appropriations Committee (10 Feb 2026) he acknowledged a December 2012 family lunch with Epstein on Little St. James; in a May 2026 House Oversight interview he described a 2011 visit to Epstein&#x27;s house about scaffolding and said he saw no improper conduct. Disclosed assets of at least $806M (Jan 2025).</p><p><a href="https://www.b0b.dev/report#VII">View in report</a></p>]]></description><TimeStamp><when>2001-09-11</when></TimeStamp><Point><coordinates>-74.0134,40.7127,0</coordinates></Point></Placemark><Placemark><name>Hunneschans (Duno ring-fort), Heveadorp</name><styleUrl>#t-governance</styleUrl><description><![CDATA[<p><b>Section VII</b> &middot; governance</p><p>Rijksmonument 45966: early-medieval fortification with earthen rampart and moat (Carolingian, c.1000 AD) on the Duno hill at Heveadorp, Renkum municipality. Neolithic/Bronze Age burial mounds lie nearby (rijksmonument 45964).</p><p><a href="https://www.b0b.dev/report#VII">View in report</a></p>]]></description><TimeSpan><begin>1000-01-01</begin><end>1000-12-31</end></TimeSpan><Point><coordinates>5.81092,51.97152,0</coordinates></Point></Placemark><Placemark><name>New York Stock Exchange, 11 Wall Street</name><styleUrl>#t-financial</styleUrl><description><![CDATA[<p><b>Section VII</b> &middot; financial</p><p>The NYSE is the world&#x27;s largest stock exchange by market capitalisation of listed companies - about US$44.7 trillion (Dec 2025). It trades from the New York Stock Exchange Building: the 1903 Beaux-Arts building at 18 Broad Street and its 11 Wall Street annex. Trading is now largely electronic but the floor remains the symbolic centre of American equity capital.</p><p><a href="https://www.b0b.dev/report#VII">View in report</a></p>]]></description><TimeSpan><begin>1903-01-01</begin><end>1903-12-31</end></TimeSpan><Point><coordinates>-74.0112,40.7071,0</coordinates></Point></Placemark><Placemark><name>London Stock Exchange, Paternoster Square</name><styleUrl>#t-financial</styleUrl><description><![CDATA[<p><b>Section VII</b> &middot; financial</p><p>The London Stock Exchange, founded in 1801 and now headquartered at 10 Paternoster Square beside St Paul&#x27;s Cathedral, is one of the world&#x27;s oldest exchanges and the primary listing venue for the City of London. Its parent LSEG is a global markets-infrastructure and data firm. Source: Wikipedia, London Stock Exchange; LSEG (lseg.com).</p><p><a href="https://www.b0b.dev/report#VII">View in report</a></p>]]></description><TimeSpan><begin>1801-01-01</begin><end>1801-12-31</end></TimeSpan><Point><coordinates>-0.0991,51.515,0</coordinates></Point></Placemark><Placemark><name>Federal Reserve Bank of New York Gold Vault, 33 Liberty St</name><styleUrl>#t-financial</styleUrl><description><![CDATA[<p><b>Section VII</b> &middot; financial</p><p>The vault 80 feet below 33 Liberty Street held roughly 507,000 gold bars weighing about 6,331 metric tons as of 2024 — the world&#x27;s largest known gold depository, larger than Fort Knox. Nearly all of it is stored on behalf of foreign central banks and international organizations such as the IMF. Source: Federal Reserve Bank of New York (newyorkfed.org/aboutthefed/goldvault.html).</p><p><a href="https://www.b0b.dev/report#VII">View in report</a></p>]]></description><Point><coordinates>-74.0085,40.7082,0</coordinates></Point></Placemark><Placemark><name>European Central Bank, Frankfurt</name><styleUrl>#t-financial</styleUrl><description><![CDATA[<p><b>Section VII</b> &middot; financial</p><p>The ECB, in its twin-tower headquarters completed in 2014 around the historic Grossmarkthalle, sets monetary policy for the euro area (21 member states since Bulgaria joined in January 2026) and is the primary supervisor of the eurozone&#x27;s largest banks.</p><p><a href="https://www.b0b.dev/report#VII">View in report</a></p>]]></description><TimeSpan><begin>2014-01-01</begin><end>2014-12-31</end></TimeSpan><Point><coordinates>8.7029,50.1096,0</coordinates></Point></Placemark><Placemark><name>Bank of England, Threadneedle Street</name><styleUrl>#t-financial</styleUrl><description><![CDATA[<p><b>Section VII</b> &middot; financial</p><p>Founded in 1694 and nicknamed &#x27;The Old Lady of Threadneedle Street,&#x27; the Bank of England is the UK&#x27;s central bank and holds one of the world&#x27;s largest gold reserves in its vaults — around 400,000 bars for the UK and other nations&#x27; central banks. It sets UK monetary policy and underpins the City of London. Source: Bank of England (bankofengland.co.uk); Wikipedia, Bank of England.</p><p><a href="https://www.b0b.dev/report#VII">View in report</a></p>]]></description><TimeSpan><begin>1694-01-01</begin><end>1694-12-31</end></TimeSpan><Point><coordinates>-0.0889,51.5142,0</coordinates></Point></Placemark><Placemark><name>International Monetary Fund HQ, Washington D.C.</name><styleUrl>#t-financial</styleUrl><description><![CDATA[<p><b>Section VII</b> &middot; financial</p><p>The IMF, conceived at Bretton Woods in 1944 (formally in existence 1945) and headquartered in Washington near the White House, has 191 member countries and provides balance-of-payments loans whose conditions shape the economic policy of borrowing nations. Its lending capacity runs to roughly US$1 trillion.</p><p><a href="https://www.b0b.dev/report#VII">View in report</a></p>]]></description><TimeSpan><begin>1944-01-01</begin><end>1944-12-31</end></TimeSpan><Point><coordinates>-77.0442,38.8989,0</coordinates></Point></Placemark><Placemark><name>Île Longue SSBN Base - Brest, France</name><styleUrl>#t-military</styleUrl><description><![CDATA[<p><b>Section VII</b> &middot; military</p><p>Selected by Charles de Gaulle in 1965 and operational since 1972, Île Longue in the Brest roadstead is the main base for France&#x27;s Force Océanique Stratégique — its four Triomphant-class ballistic-missile submarines — and stores the warheads and missile fuel. Around 2,400 military and civilian personnel staff one of France&#x27;s most sensitive sites. Source: GlobalSecurity.org, &#x27;l&#x27;Ile Longue&#x27;; Naval Technology.</p><p><a href="https://www.b0b.dev/report#VII">View in report</a></p>]]></description><TimeSpan><begin>1965-01-01</begin><end>1965-12-31</end></TimeSpan><Point><coordinates>-4.5081,48.3043,0</coordinates></Point></Placemark><Placemark><name>Nevatim Airbase - F-35I Hub, Negev, Israel</name><styleUrl>#t-military</styleUrl><description><![CDATA[<p><b>Section VII</b> &middot; military</p><p>Nevatim, 15 km east-southeast of Beersheba in the Negev, is one of Israel&#x27;s largest air bases and the primary hub for its F-35I &#x27;Adir&#x27; stealth fighters, hosting three squadrons (140, 116 and 117). Built 1980–1983 with joint Israeli-US funding after the Sinai withdrawal, it was struck by Iranian ballistic missiles in 2024. Source: Wikipedia, &#x27;Nevatim Airbase&#x27;; GlobalSecurity.org.</p><p><a href="https://www.b0b.dev/report#VII">View in report</a></p>]]></description><TimeSpan><begin>1980-01-01</begin><end>1980-12-31</end></TimeSpan><Point><coordinates>35.0302,31.205,0</coordinates></Point></Placemark><Placemark><name>Berbera Airbase - UAE Military Foothold, Somaliland</name><styleUrl>#t-military</styleUrl><description><![CDATA[<p><b>Section VII</b> &middot; military</p><p>Under a 2017 agreement, the UAE established a military base at the Gulf of Aden port of Berbera, roughly 250 km from Yemen; its Soviet-built 2.6-mile runway can host fighters, heavy transports and drones. Satellite imagery from late 2025 shows renewed expansion including ammunition depots and around a dozen underground bunkers overlooking the Bab el-Mandeb. Source: BBC News; Middle East Eye; Sri Lanka Guardian (satellite analysis).</p><p><a href="https://www.b0b.dev/report#VII">View in report</a></p>]]></description><TimeSpan><begin>2017-01-01</begin><end>2017-12-31</end></TimeSpan><Point><coordinates>44.9415,10.3872,0</coordinates></Point></Placemark><Placemark><name>Offutt AFB - U.S. Strategic Command (STRATCOM) HQ, Nebraska</name><styleUrl>#t-military</styleUrl><description><![CDATA[<p><b>Section VII</b> &middot; military</p><p>Offutt AFB near Omaha — home of Strategic Air Command from 1948 — is headquarters of U.S. Strategic Command, responsible for the nation&#x27;s nuclear deterrent, global strike and nuclear command-and-control. A new $1.3 billion command-and-control facility, the Gen. Curtis E. LeMay Building, was dedicated there in 2019. Source: Wikipedia, &#x27;United States Strategic Command&#x27;; Military Times; GlobalSecurity.org.</p><p><a href="https://www.b0b.dev/report#VII">View in report</a></p>]]></description><TimeSpan><begin>1948-01-01</begin><end>1948-12-31</end></TimeSpan><Point><coordinates>-95.9082,41.1172,0</coordinates></Point></Placemark><Placemark><name>INS Kadamba (Project Seabird) - Karwar, India</name><styleUrl>#t-military</styleUrl><description><![CDATA[<p><b>Section VII</b> &middot; military</p><p>INS Kadamba near Karwar on the Arabian Sea is the anchor of Project Seabird; commissioned 31 May 2005, it covers 11,200 acres (45 km2) along 26 km of coastline. On completion of Phase II-B it is planned to be the largest naval base of its kind in the Eastern Hemisphere (capacity ~50 warships), sited out of range of most strike aircraft from neighbouring countries.</p><p><a href="https://www.b0b.dev/report#VII">View in report</a></p>]]></description><TimeStamp><when>2005-05-31</when></TimeStamp><Point><coordinates>74.1223,14.7769,0</coordinates></Point></Placemark><Placemark><name>Naval Base Simon&#x27;s Town - South Atlantic, South Africa</name><styleUrl>#t-military</styleUrl><description><![CDATA[<p><b>Section VII</b> &middot; military</p><p>Naval Base Simon&#x27;s Town near Cape Town is the South African Navy&#x27;s largest base and home to its frigate and submarine flotillas. A dockyard since 1743 and a Royal Navy station until handed to South Africa in 1957, it guards the strategic Cape sea route and the backdoor to the South Atlantic. Source: Wikipedia, &#x27;Naval Base Simon&#x27;s Town&#x27;; Simonstown Agreement.</p><p><a href="https://www.b0b.dev/report#VII">View in report</a></p>]]></description><TimeSpan><begin>1957-01-01</begin><end>1957-12-31</end></TimeSpan><Point><coordinates>18.438,-34.1896,0</coordinates></Point></Placemark><Placemark><name>Bohemian Grove - Monte Rio, California</name><styleUrl>#t-governance</styleUrl><description><![CDATA[<p><b>Section VII</b> &middot; governance</p><p>A 2,700-acre private redwood encampment owned by San Francisco&#x27;s all-male Bohemian Club, where each July about 2,500 members and guests - including US presidents, executives and officials over the years - gather; the encampment opens with the &#x27;Cremation of Care&#x27; ceremony. A meeting on early Manhattan Project planning (Lawrence, Oppenheimer, S-1 Committee members) was held at the Grove in September 1942.</p><p><a href="https://www.b0b.dev/report#VII">View in report</a></p>]]></description><TimeSpan><begin>1942-09-01</begin><end>1942-09-28</end></TimeSpan><Point><coordinates>-122.9991,38.4667,0</coordinates></Point></Placemark><Placemark><name>OECD Headquarters (Château de la Muette) - Paris</name><styleUrl>#t-governance</styleUrl><description><![CDATA[<p><b>Section VII</b> &middot; governance</p><p>The 38-member OECD is headquartered at the Château de la Muette (built for Henri de Rothschild in the 1920s) in the 16th arrondissement. In 1949 it became the headquarters of the OEEC, created in 1948 to administer US Marshall Plan aid, which became the OECD in 1961.</p><p><a href="https://www.b0b.dev/report#VII">View in report</a></p>]]></description><TimeSpan><begin>1949-01-01</begin><end>1949-12-31</end></TimeSpan><Point><coordinates>2.2692,48.8617,0</coordinates></Point></Placemark><Placemark><name>Atlantic Council - Washington, D.C.</name><styleUrl>#t-governance</styleUrl><description><![CDATA[<p><b>Section VII</b> &middot; governance</p><p>The NATO-aligned foreign-policy think tank opened a new 80,000-square-foot global headquarters at 1400 L Street NW in November 2024, nearly double its previous size. Its funders have included Western governments, Gulf states and defense contractors, drawing scrutiny over donor influence on its research. Source: Atlantic Council press release (atlanticcouncil.org).</p><p><a href="https://www.b0b.dev/report#VII">View in report</a></p>]]></description><TimeSpan><begin>2024-11-01</begin><end>2024-11-28</end></TimeSpan><Point><coordinates>-77.0324,38.9035,0</coordinates></Point></Placemark><Placemark><name>National Endowment for Democracy (NED) - Washington, D.C.</name><styleUrl>#t-governance</styleUrl><description><![CDATA[<p><b>Section VII</b> &middot; governance</p><p>Created in 1983 as a congressionally funded grantmaking foundation, NED channels an annual congressional appropriation into more than 2,000 grants across roughly 100 countries. Co-founder Allen Weinstein famously said &#x27;a lot of what we do today was done covertly 25 years ago by the CIA.&#x27; Source: National Endowment for Democracy (ned.org) / Wikipedia.</p><p><a href="https://www.b0b.dev/report#VII">View in report</a></p>]]></description><TimeSpan><begin>1983-01-01</begin><end>1983-12-31</end></TimeSpan><Point><coordinates>-77.0285,38.8959,0</coordinates></Point></Placemark><Placemark><name>Wilton Park (Wiston House) - Wiston, West Sussex</name><styleUrl>#t-governance</styleUrl><description><![CDATA[<p><b>Section VII</b> &middot; governance</p><p>An executive agency of the UK Foreign, Commonwealth &amp; Development Office (formed 1946), based since 1951 at the 16th-century Wiston House, Wilton Park convenes over 70 strategic policy dialogues a year in the UK and overseas for officials and opinion-formers, in support of UK foreign policy.</p><p><a href="https://www.b0b.dev/report#VII">View in report</a></p>]]></description><TimeSpan><begin>1951-01-01</begin><end>1951-12-31</end></TimeSpan><Point><coordinates>-0.359,50.8998,0</coordinates></Point></Placemark><Placemark><name>Freemasons&#x27; Hall (United Grand Lodge of England) - London</name><styleUrl>#t-governance</styleUrl><description><![CDATA[<p><b>Section VII</b> &middot; governance</p><p>Headquarters of the United Grand Lodge of England, which descends from the 1717 premier Grand Lodge and is counted among the world&#x27;s oldest Grand Lodges with those of Scotland and Ireland. A Masonic meeting place since 1775; the present Art Deco building (1927-1933) is a memorial to the 3,225 Freemasons who died on active service in WWI. It administers thousands of lodges in England and Wales.</p><p><a href="https://www.b0b.dev/report#VII">View in report</a></p>]]></description><TimeSpan><begin>1927-01-01</begin><end>1927-12-31</end></TimeSpan><Point><coordinates>-0.1208,51.5153,0</coordinates></Point></Placemark><Placemark><name>Open Society Foundations HQ - New York</name><styleUrl>#t-governance</styleUrl><description><![CDATA[<p><b>Section VII</b> &middot; governance</p><p>George Soros&#x27;s grantmaking network, founded in 1993, is headquartered at 224 West 57th Street in Manhattan. With an endowment of roughly $23 billion, it funds civil-society, human-rights and media groups worldwide and is a recurring target of political campaigns internationally. Source: Open Society Foundations — Wikipedia / GuideStar.</p><p><a href="https://www.b0b.dev/report#VII">View in report</a></p>]]></description><TimeSpan><begin>1993-01-01</begin><end>1993-12-31</end></TimeSpan><Point><coordinates>-73.9815,40.7659,0</coordinates></Point></Placemark><Placemark><name>Luxor Temple Standing Obelisk (Twin of the Concorde Obelisk)</name><styleUrl>#t-obelisk</styleUrl><description><![CDATA[<p><b>Section VII</b> &middot; obelisk</p><p>The ~25 m red-granite obelisk of Ramesses II still stands at the entrance pylon of Luxor Temple; its twin was gifted to France in the 1830s and now stands in Paris&#x27;s Place de la Concorde. France formally renounced any claim to the remaining Luxor obelisk in 1981. Source: UNESCO World Heritage &#x27;Ancient Thebes with its Necropolis&#x27; / obelisks.org.</p><p><a href="https://www.b0b.dev/report#VII">View in report</a></p>]]></description><TimeSpan><begin>1830-01-01</begin><end>1830-12-31</end></TimeSpan><Point><coordinates>32.6391,25.6995,0</coordinates></Point></Placemark><Placemark><name>Wellington Testimonial (Wellington Monument), Phoenix Park, Dublin</name><styleUrl>#t-obelisk</styleUrl><description><![CDATA[<p><b>Section VII</b> &middot; obelisk</p><p>At 62 m (203 ft), the granite obelisk to the Duke of Wellington, begun 1817 and completed only in 1861 due to funding shortfalls, is the tallest obelisk in Europe; its bronze relief plaques were cast from cannon captured at Waterloo. Source: Wikipedia, &#x27;Wellington Monument, Dublin&#x27; / Buildings of Ireland.</p><p><a href="https://www.b0b.dev/report#VII">View in report</a></p>]]></description><TimeSpan><begin>1817-01-01</begin><end>1817-12-31</end></TimeSpan><Point><coordinates>-6.3031,53.349,0</coordinates></Point></Placemark><Placemark><name>Elephant and Obelisk (Pulcino della Minerva), Piazza della Minerva, Rome</name><styleUrl>#t-obelisk</styleUrl><description><![CDATA[<p><b>Section VII</b> &middot; obelisk</p><p>A 6th-century BC Egyptian obelisk mounted on Bernini&#x27;s marble elephant, unveiled 1667 outside Santa Maria sopra Minerva beside the former seat of the Roman Inquisition and Dominican order; the Latin inscription frames the elephant as a symbol that a robust mind is needed to sustain solid wisdom. Source: Wikipedia, &#x27;Elephant and Obelisk&#x27; / Bernini catalogue.</p><p><a href="https://www.b0b.dev/report#VII">View in report</a></p>]]></description><TimeSpan><begin>1667-01-01</begin><end>1667-12-31</end></TimeSpan><Point><coordinates>12.4775,41.8979,0</coordinates></Point></Placemark><Placemark><name>Quirinal Obelisk, Piazza del Quirinale, Rome</name><styleUrl>#t-obelisk</styleUrl><description><![CDATA[<p><b>Section VII</b> &middot; obelisk</p><p>A ~14.6 m ancient Roman obelisk moved from the Mausoleum of Augustus and re-erected in 1786 by Pope Pius VI between the colossal Dioscuri statues, directly before the Quirinal Palace - former papal residence and now the official residence of the President of the Italian Republic. Source: Wikipedia, &#x27;Obelisks of Rome&#x27; (Quirinal obelisk).</p><p><a href="https://www.b0b.dev/report#VII">View in report</a></p>]]></description><TimeSpan><begin>1786-01-01</begin><end>1786-12-31</end></TimeSpan><Point><coordinates>12.4865,41.8993,0</coordinates></Point></Placemark><Placemark><name>San Jacinto Monument, La Porte, Texas</name><styleUrl>#t-obelisk</styleUrl><description><![CDATA[<p><b>Section VII</b> &middot; obelisk</p><p>At 172.92 m (567.31 ft) and topped by a 220-ton Lone Star, this 1936-39 obelisk on the Houston Ship Channel is the world&#x27;s tallest masonry column, taller than the Washington Monument, commemorating the 1836 Battle of San Jacinto that secured Texan independence. Source: Wikipedia, &#x27;San Jacinto Monument&#x27;.</p><p><a href="https://www.b0b.dev/report#VII">View in report</a></p>]]></description><TimeSpan><begin>1936-01-01</begin><end>1936-12-31</end></TimeSpan><Point><coordinates>-95.0807,29.7499,0</coordinates></Point></Placemark><Placemark><name>Shaheed Minar (Ochterlony Monument), Kolkata</name><styleUrl>#t-obelisk</styleUrl><description><![CDATA[<p><b>Section VII</b> &middot; obelisk</p><p>A 48 m column-obelisk built in 1828 to honor East India Company general David Ochterlony, fusing Egyptian, Syrian and Turkish motifs; independent India renamed it Shaheed Minar (&#x27;Martyrs&#x27; Tower&#x27;) in 1969, converting a colonial monument into a memorial to freedom fighters. Source: Wikipedia, &#x27;Shaheed Minar, Kolkata&#x27; / Maps of India.</p><p><a href="https://www.b0b.dev/report#VII">View in report</a></p>]]></description><TimeSpan><begin>1828-01-01</begin><end>1828-12-31</end></TimeSpan><Point><coordinates>88.3493,22.5629,0</coordinates></Point></Placemark><Placemark><name>Obelisk of Montevideo (a los Constituyentes de 1830), Uruguay</name><styleUrl>#t-obelisk</styleUrl><description><![CDATA[<p><b>Section VII</b> &middot; obelisk</p><p>A 40 m three-sided pink-granite obelisk by sculptor Jose Luis Zorrilla de San Martin, inaugurated 1938 at the entrance to Parque Batlle, bearing three bronze figures for &#x27;Law&#x27;, &#x27;Liberty&#x27; and &#x27;Force&#x27; to honor the framers of Uruguay&#x27;s first 1830 constitution. Source: Wikipedia, &#x27;Obelisk of Montevideo&#x27;.</p><p><a href="https://www.b0b.dev/report#VII">View in report</a></p>]]></description><TimeSpan><begin>1938-01-01</begin><end>1938-12-31</end></TimeSpan><Point><coordinates>-56.1644,-34.8974,0</coordinates></Point></Placemark><Placemark><name>SWIFT Headquarters, La Hulpe, Belgium</name><styleUrl>#t-financial</styleUrl><description><![CDATA[<p><b>Section VII</b> &middot; financial</p><p>SWIFT, the cooperative that runs the dominant global interbank financial-messaging network, links more than 11,000 institutions across over 200 countries and carries tens of millions of messages daily. Control over SWIFT access has become a key instrument of financial sanctions, as when Russian banks were cut off in 2022. Source: Wikipedia, SWIFT (Society for Worldwide Interbank Financial Telecommunication).</p><p><a href="https://www.b0b.dev/report#VII">View in report</a></p>]]></description><TimeStamp><when>1973-05-03</when></TimeStamp><Point><coordinates>4.479,50.7346,0</coordinates></Point></Placemark><Placemark><name>DTCC, Jersey City</name><styleUrl>#t-financial</styleUrl><description><![CDATA[<p><b>Section VII</b> &middot; financial</p><p>The Depository Trust &amp; Clearing Corporation clears and settles the vast majority of US securities transactions; in 2025 its subsidiaries processed transactions valued at roughly US$4.7 quadrillion. As the central securities depository, DTCC holds custody of most US stocks and bonds through its nominee, Cede &amp; Co. Source: Wikipedia, Depository Trust &amp; Clearing Corporation.</p><p><a href="https://www.b0b.dev/report#VII">View in report</a></p>]]></description><TimeSpan><begin>2025-01-01</begin><end>2025-12-31</end></TimeSpan><Point><coordinates>-74.0346,40.7309,0</coordinates></Point></Placemark><Placemark><name>Ugland House, George Town, Cayman Islands</name><styleUrl>#t-financial</styleUrl><description><![CDATA[<p><b>Section VII</b> &middot; financial</p><p>This five-story building, home to the law firm Maples and Calder, is the registered office for roughly 40,000 companies — a density that prompted President Obama to call it &#x27;either the biggest building or the biggest tax scam on record.&#x27; It is an icon of offshore corporate structuring. Source: Wikipedia, Ugland House; Foreign Policy, &#x27;House of 19,000 Corporations&#x27;.</p><p><a href="https://www.b0b.dev/report#VII">View in report</a></p>]]></description><Point><coordinates>-81.3854,19.292,0</coordinates></Point></Placemark><Placemark><name>Corporation Trust Center, 1209 North Orange St, Delaware</name><styleUrl>#t-financial</styleUrl><description><![CDATA[<p><b>Section VII</b> &middot; financial</p><p>This single Wilmington address is the registered-agent home to hundreds of thousands of entities — reported at over 285,000 in 2012 — including subsidiaries of Apple, Google, Coca-Cola and Walmart, exploiting Delaware&#x27;s corporate-secrecy and tax regime. Run by CT Corporation (Wolters Kluwer). Source: Wikipedia, Corporation Trust Center; Washington Free Beacon.</p><p><a href="https://www.b0b.dev/report#VII">View in report</a></p>]]></description><TimeSpan><begin>2012-01-01</begin><end>2012-12-31</end></TimeSpan><Point><coordinates>-75.5477,39.7485,0</coordinates></Point></Placemark><Placemark><name>People&#x27;s Bank of China, Beijing</name><styleUrl>#t-financial</styleUrl><description><![CDATA[<p><b>Section VII</b> &middot; financial</p><p>The PBOC is the central bank of China, managing the world&#x27;s largest foreign-exchange reserves (over US$3 trillion) and issuing the renminbi. It pioneered a state-controlled central bank digital currency (the digital yuan / e-CNY) and is a central instrument of China&#x27;s financial statecraft. Source: Wikipedia, People&#x27;s Bank of China.</p><p><a href="https://www.b0b.dev/report#VII">View in report</a></p>]]></description><Point><coordinates>116.3545,39.9072,0</coordinates></Point></Placemark><Placemark><name>Rothschild &amp; Co, New Court, London</name><styleUrl>#t-financial</styleUrl><description><![CDATA[<p><b>Section VII</b> &middot; financial</p><p>New Court on St Swithin&#x27;s Lane has been the London seat of the Rothschild banking house since Nathan Mayer Rothschild established N M Rothschild &amp; Sons there (1809-1811). It hosted the twice-daily London gold fixing from soon after its first sitting (12 Sept 1919) until 2004, when Rothschild withdrew and the fix moved to a telephone call. The firm remains a leading independent M&amp;A adviser.</p><p><a href="https://www.b0b.dev/report#VII">View in report</a></p>]]></description><TimeSpan><begin>1919-01-01</begin><end>1919-12-31</end></TimeSpan><Point><coordinates>-0.089,51.5123,0</coordinates></Point></Placemark><Placemark><name>HMNB Clyde (Faslane) - Trident Submarine Base, Scotland</name><styleUrl>#t-military</styleUrl><description><![CDATA[<p><b>Section VII</b> &middot; military</p><p>HMNB Clyde at Faslane on the Gare Loch is the home port of the Royal Navy&#x27;s four Vanguard-class SSBNs carrying Trident II D5 missiles, providing the UK&#x27;s sole continuous-at-sea nuclear deterrent; the associated RNAD Coulport, 8 miles away, stores and processes the warheads. It is among the most heavily protected sites in Britain. Source: Nuclear Information Service, &#x27;Faslane and Coulport Nuclear Submarine Bases: A Briefing&#x27; (nuclearinfo.org); GlobalSecurity.org.</p><p><a href="https://www.b0b.dev/report#VII">View in report</a></p>]]></description><Point><coordinates>-4.8175,56.06611,0</coordinates></Point></Placemark><Placemark><name>Pokhran Test Range - Operation Shakti, Rajasthan, India</name><styleUrl>#t-military</styleUrl><description><![CDATA[<p><b>Section VII</b> &middot; military</p><p>At the Pokhran Test Range in the Thar Desert, India conducted the Pokhran-II (Operation Shakti) series of five underground nuclear detonations on 11–13 May 1998, including a claimed 45-kiloton thermonuclear device, moving India to declared nuclear-weapons status and triggering international sanctions. Source: Wikipedia, &#x27;Pokhran-II&#x27;; Nuclear Weapon Archive, &#x27;Operation Shakti: 1998&#x27;.</p><p><a href="https://www.b0b.dev/report#VII">View in report</a></p>]]></description><TimeStamp><when>1998-05-11</when></TimeStamp><Point><coordinates>71.72222,27.07889,0</coordinates></Point></Placemark><Placemark><name>Ream Naval Base - China-Backed Expansion, Cambodia</name><styleUrl>#t-military</styleUrl><description><![CDATA[<p><b>Section VII</b> &middot; military</p><p>China financed a major upgrade of Cambodia&#x27;s Ream Naval Base from 2022, adding a 300-metre deepwater pier, a 5,000-ton dry dock and a slipway; two Chinese Type-056A corvettes have been stationed there near-continuously since December 2023, prompting US concern it could become a PLA Navy foothold on the Gulf of Thailand. Source: CSIS Asia Maritime Transparency Initiative; Nikkei Asia; NPR (2025).</p><p><a href="https://www.b0b.dev/report#VII">View in report</a></p>]]></description><TimeSpan><begin>2023-12-01</begin><end>2023-12-28</end></TimeSpan><Point><coordinates>103.6133,10.5058,0</coordinates></Point></Placemark><Placemark><name>Sohae Satellite Launching Station - Tongchang-ri, North Korea</name><styleUrl>#t-military</styleUrl><description><![CDATA[<p><b>Section VII</b> &middot; military</p><p>Sohae (Tongchang-ri) on North Korea&#x27;s northwest coast is the DPRK&#x27;s primary long-range rocket facility and the site of all seven of its satellite launch attempts since 2012, doubling as a testbed for ICBM development. Following Kim Jong Un&#x27;s March 2022 visit, satellite imagery has shown near-constant expansion of pads, an assembly building and a new sea port. Source: CSIS Beyond Parallel; 38 North; NTI Facilities Profile.</p><p><a href="https://www.b0b.dev/report#VII">View in report</a></p>]]></description><TimeSpan><begin>2022-03-01</begin><end>2022-03-28</end></TimeSpan><Point><coordinates>124.705,39.66,0</coordinates></Point></Placemark><Placemark><name>Natanz Nuclear Enrichment Complex - Iran</name><styleUrl>#t-military</styleUrl><description><![CDATA[<p><b>Section VII</b> &middot; military</p><p>Iran&#x27;s main uranium-enrichment site near Natanz, with underground halls built for tens of thousands of centrifuges. Around 2009-2010 the Stuxnet worm sabotaged its controllers; ISIS estimated about 1,000 centrifuges were decommissioned and replaced - widely attributed to a US-Israeli operation, never acknowledged. Bombed by Israel in June 2025 (above-ground plant partially destroyed, per the IAEA) and by the United States on 22 June 2025; further damage in the 2026 war, with the core underground hall reported not destroyed as of March 2026.</p><p><a href="https://www.b0b.dev/report#VII">View in report</a></p>]]></description><TimeSpan><begin>2009-01-01</begin><end>2009-12-31</end></TimeSpan><Point><coordinates>51.725,33.725,0</coordinates></Point></Placemark><Placemark><name>HMAS Stirling (Fleet Base West) - AUKUS SRF-West, Australia</name><styleUrl>#t-military</styleUrl><description><![CDATA[<p><b>Section VII</b> &middot; military</p><p>HMAS Stirling on Garden Island off Rockingham is the Royal Australian Navy&#x27;s submarine home port and the designated site for AUKUS &#x27;Submarine Rotational Force – West&#x27;: from 2027 up to four US and one UK nuclear-powered submarines will rotate through, backed by an Australian investment of up to A$8 billion. Source: Australian Submarine Agency (asa.gov.au); Australian Dept of Defence.</p><p><a href="https://www.b0b.dev/report#VII">View in report</a></p>]]></description><Point><coordinates>115.68333,-32.24167,0</coordinates></Point></Placemark><Placemark><name>Khan Research Laboratories - Kahuta, Pakistan</name><styleUrl>#t-military</styleUrl><description><![CDATA[<p><b>Section VII</b> &middot; military</p><p>The Khan Research Laboratories at Kahuta, established 31 July 1976 (as Engineering Research Laboratories) under A.Q. Khan, who brought URENCO centrifuge designs from the Netherlands, are Pakistan&#x27;s main gas-centrifuge enrichment and weapons-research complex. KRL produced highly enriched uranium by 1985 and is outside IAEA safeguards.</p><p><a href="https://www.b0b.dev/report#VII">View in report</a></p>]]></description><TimeSpan><begin>1976-01-01</begin><end>1976-12-31</end></TimeSpan><Point><coordinates>73.3781,33.621106,0</coordinates></Point></Placemark><Placemark><name>World Economic Forum HQ - Cologny, Geneva</name><styleUrl>#t-governance</styleUrl><description><![CDATA[<p><b>Section VII</b> &middot; governance</p><p>The WEF, founded by Klaus Schwab in 1971, runs from its lakeside headquarters at 91-93 Route de la Capite in Cologny, Geneva. It maintains a top &#x27;Strategic Partner&#x27; tier of roughly 100 of the world&#x27;s largest corporations that pay premium membership fees and shape its agenda. Source: World Economic Forum / Geneva Environment Network (genevaenvironmentnetwork.org).</p><p><a href="https://www.b0b.dev/report#VII">View in report</a></p>]]></description><TimeSpan><begin>1971-01-01</begin><end>1971-12-31</end></TimeSpan><Point><coordinates>6.1922,46.2247,0</coordinates></Point></Placemark><Placemark><name>Davos Congress Centre - WEF Annual Meeting, Davos</name><styleUrl>#t-governance</styleUrl><description><![CDATA[<p><b>Section VII</b> &middot; governance</p><p>The 12,000-square-metre Congress Centre has hosted the World Economic Forum&#x27;s flagship annual meeting since 1971, drawing around 3,000 heads of state, CEOs and financiers each January under heavy security. The venue can accommodate up to 5,000 participants across a plenum and 34 rooms. Source: Davos Congress Centre — Wikipedia / davos.ch.</p><p><a href="https://www.b0b.dev/report#VII">View in report</a></p>]]></description><TimeSpan><begin>1971-01-01</begin><end>1971-12-31</end></TimeSpan><Point><coordinates>9.827,46.7978,0</coordinates></Point></Placemark><Placemark><name>Chatham House (Royal Institute of International Affairs) - London</name><styleUrl>#t-governance</styleUrl><description><![CDATA[<p><b>Section VII</b> &middot; governance</p><p>Founded in 1920, Chatham House occupies a Grade I-listed former residence of three British prime ministers at 10 St James&#x27;s Square, donated to the institute in 1923. It originated the globally used &#x27;Chatham House Rule&#x27; of source non-attribution and is consistently ranked among the world&#x27;s most influential think tanks. Source: Chatham House (chathamhouse.org) / Wikipedia.</p><p><a href="https://www.b0b.dev/report#VII">View in report</a></p>]]></description><TimeSpan><begin>1920-01-01</begin><end>1920-12-31</end></TimeSpan><Point><coordinates>-0.136,51.5077,0</coordinates></Point></Placemark><Placemark><name>Munich Security Conference - Hotel Bayerischer Hof, Munich</name><styleUrl>#t-governance</styleUrl><description><![CDATA[<p><b>Section VII</b> &middot; governance</p><p>Held annually since 1963 at the Hotel Bayerischer Hof, the Munich Security Conference is the world&#x27;s leading forum on international security policy, gathering heads of state, defense ministers and NATO leadership. Landmark speeches there, including Vladimir Putin&#x27;s 2007 address, have marked shifts in global geopolitics. Source: Munich Security Conference (securityconference.org) / Wikipedia.</p><p><a href="https://www.b0b.dev/report#VII">View in report</a></p>]]></description><TimeSpan><begin>1963-01-01</begin><end>1963-12-31</end></TimeSpan><Point><coordinates>11.5727,48.1406,0</coordinates></Point></Placemark><Placemark><name>Ditchley Foundation - Enstone, Oxfordshire</name><styleUrl>#t-governance</styleUrl><description><![CDATA[<p><b>Section VII</b> &middot; governance</p><p>The Ditchley Foundation, an Anglo-American educational trust established in 1958 at a 1722 James Gibbs mansion, hosts around twelve private conferences a year of roughly 40 senior figures from politics, business, the military, media and academia. All discussions are held under the Chatham House Rule. Source: Ditchley Foundation (ditchley.com) / Wikipedia.</p><p><a href="https://www.b0b.dev/report#VII">View in report</a></p>]]></description><TimeSpan><begin>1958-01-01</begin><end>1958-12-31</end></TimeSpan><Point><coordinates>-1.4344,51.8879,0</coordinates></Point></Placemark><Placemark><name>Obelisk of Senusret I (Al-Masalla), Heliopolis, Cairo</name><styleUrl>#t-obelisk</styleUrl><description><![CDATA[<p><b>Section VII</b> &middot; obelisk</p><p>The 20.7 m, roughly 120-ton red-granite obelisk raised by Pharaoh Senusret I around 1940 BC is the oldest standing obelisk in Egypt and the sole surviving element of the great Temple of Ra-Atum at ancient Heliopolis, now swallowed by Cairo&#x27;s Matariya district. It marks the ancient priestly-solar power center that gave the West its obelisk form. Source: Wikipedia, &#x27;Al-Masalla&#x27; / EgyptToday, &#x27;Meet the Obelisk of Senusret I&#x27;.</p><p><a href="https://www.b0b.dev/report#VII">View in report</a></p>]]></description><Point><coordinates>31.307528,30.129333,0</coordinates></Point></Placemark><Placemark><name>Pantheon Obelisk (Macuteo Obelisk), Piazza della Rotonda, Rome</name><styleUrl>#t-obelisk</styleUrl><description><![CDATA[<p><b>Section VII</b> &middot; obelisk</p><p>A 6.34 m Egyptian obelisk bearing Ramesses II&#x27;s cartouches, from Heliopolis, later in Domitian&#x27;s sanctuary of Isis; excavated in the 14th or 16th century and set on the fountain before the Pantheon by Pope Clement XI in 1711. One of the 13 ancient obelisks in Rome.</p><p><a href="https://www.b0b.dev/report#VII">View in report</a></p>]]></description><TimeSpan><begin>1711-01-01</begin><end>1711-12-31</end></TimeSpan><Point><coordinates>12.4769,41.8993,0</coordinates></Point></Placemark><Placemark><name>Tower of the Juche Idea (Juche Tower), Pyongyang</name><styleUrl>#t-obelisk</styleUrl><description><![CDATA[<p><b>Section VII</b> &middot; obelisk</p><p>Completed 1982 for Kim Il Sung&#x27;s 70th birthday, this 170 m granite spire is the tallest granite structure in the world, built from 25,550 blocks (one per day of the leader&#x27;s first 70 years) and capped by a 20 m illuminated metal torch - a state monument to the ruling Juche ideology. Source: Wikipedia, &#x27;Juche Tower&#x27;.</p><p><a href="https://www.b0b.dev/report#VII">View in report</a></p>]]></description><TimeSpan><begin>1982-01-01</begin><end>1982-12-31</end></TimeSpan><Point><coordinates>125.7637,39.0176,0</coordinates></Point></Placemark><Placemark><name>Monument to the People&#x27;s Heroes, Tiananmen Square, Beijing</name><styleUrl>#t-obelisk</styleUrl><description><![CDATA[<p><b>Section VII</b> &middot; obelisk</p><p>A 37.94 m granite obelisk built 1952-58 at the exact center of Tiananmen Square to honor revolutionary martyrs; designed by architect Liang Sicheng, it later became a focal gathering point during the 1989 pro-democracy protests. Source: Wikipedia, &#x27;Monument to the People&#x27;s Heroes&#x27; / TravelChinaGuide.</p><p><a href="https://www.b0b.dev/report#VII">View in report</a></p>]]></description><TimeSpan><begin>1952-01-01</begin><end>1952-12-31</end></TimeSpan><Point><coordinates>116.3914,39.9027,0</coordinates></Point></Placemark><Placemark><name>Woody Island (Yongxing) - PLA Outpost, Paracel Islands</name><styleUrl>#t-military</styleUrl><description><![CDATA[<p><b>Section VII</b> &middot; military</p><p>Woody Island (Yongxing), the largest of the disputed Paracels and seat of China&#x27;s Sansha city, hosts an ~8,900-foot military-civil runway able to handle nuclear-capable H-6 bombers, plus reinforced hangars, radar sites and HQ-9 surface-to-air missile batteries, functioning as the administrative and military center of China&#x27;s South China Sea presence. Source: CSIS (Gregory Poling); Newsweek; Radio Free Asia; CNBC.</p><p><a href="https://www.b0b.dev/report#VII">View in report</a></p>]]></description><Point><coordinates>112.343,16.834,0</coordinates></Point></Placemark><Placemark><name>L3Harris Communications &amp; Spectrum Dominance - 1680 University Ave, Rochester NY</name><styleUrl>#t-corporate</styleUrl><description><![CDATA[<p><b>Section VII</b> &middot; corporate</p><p>Segment headquarters of L3Harris Communications &amp; Spectrum Dominance, the Rochester region&#x27;s largest manufacturer (~3,800 employees, RBJ Aug 2026). Origin: RF Communications, a Rochester radio maker acquired by Harris in 1969; Harris merged with L3 in 2019. Product: the Falcon tactical radio line; in July 2026 Rochester took an $84M US Army order for next-generation Falcon manpacks. The segment&#x27;s name states what it sells: the electromagnetic spectrum treated as terrain. On 17 Aug 2026 Christopher Aebli (with the company since 1991) became segment president, filling the seat vacated when Sam Mehta, who had led the SMS and CSD segments, became CEO - after the board&#x27;s investigation found that CEO Christopher Kubasik&#x27;s conduct was inconsistent with the company&#x27;s Code of Conduct and he and the company agreed to end his employment (SEC 8-K).</p><p><a href="https://www.b0b.dev/report#VII">View in report</a></p>]]></description><TimeStamp><when>2026-08-17</when></TimeStamp><Point><coordinates>-77.55891,43.14796,0</coordinates></Point></Placemark><Placemark><name>L3Harris Technologies HQ - Melbourne, Florida</name><styleUrl>#t-corporate</styleUrl><description><![CDATA[<p><b>Section VII</b> &middot; corporate</p><p>Corporate headquarters of L3Harris Technologies, formed by the 2019 merger of Harris Corporation and L3 Technologies; about 47,000 employees (2025). Three reporting segments as of 2026: Space &amp; Mission Systems, Communications &amp; Spectrum Dominance, and Missile Solutions - the last built on Aerojet Rocketdyne (acquired July 2023), the solid-rocket-motor maker, consolidating much of US missile propulsion in one prime; in Jan 2026 it agreed to sell a majority of Aerojet&#x27;s space propulsion business. On 17 Aug 2026, after a board-led investigation found that chairman and CEO Christopher Kubasik&#x27;s conduct was inconsistent with the Code of Conduct, he and the company agreed to end his employment, without severance; the 8-K says the conduct did not involve financial reporting, controls, customer relationships or operational performance. Sam Mehta became CEO and Lewis Hay III independent chairman.</p><p><a href="https://www.b0b.dev/report#VII">View in report</a></p>]]></description><TimeStamp><when>2026-08-17</when></TimeStamp><Point><coordinates>-80.63437,28.0929,0</coordinates></Point></Placemark></Folder><Folder><name>Section VIII (17)</name><open>0</open><Placemark><name>New Jersey Turnpike - Nash Crash Site</name><styleUrl>#t-crypto-tech</styleUrl><description><![CDATA[<p><b>Section VIII</b> &middot; crypto-tech</p><p>May 23, 2015: John Nash and wife Alicia killed in taxi crash returning from Norway (Abel Prize). Nash proposed &#x27;Ideal Money&#x27; - a currency standard pegged to an industrial consumption price index; reading it as a description of Bitcoin is later commentary, not his claim. Both ejected - not wearing seatbelts.</p><p><a href="https://www.b0b.dev/report#VIII">View in report</a></p>]]></description><TimeStamp><when>2015-05-23</when></TimeStamp><Point><coordinates>-74.5169,40.3032,0</coordinates></Point></Placemark><Placemark><name>Temple City, California - Hal Finney</name><styleUrl>#t-crypto-tech</styleUrl><description><![CDATA[<p><b>Section VIII</b> &middot; crypto-tech</p><p>Hal Finney lived here for about ten years, a few blocks from Dorian Satoshi Nakamoto (Forbes, 2014). Received first Bitcoin transaction from Satoshi (2009). Created first reusable proof-of-work system (RPOW). Finney died 28 Aug 2014 (ALS).</p><p><a href="https://www.b0b.dev/report#VIII">View in report</a></p>]]></description><TimeSpan><begin>2009-01-01</begin><end>2009-12-31</end></TimeSpan><Point><coordinates>-118.0579,34.1073,0</coordinates></Point></Placemark><Placemark><name>Alcor, Scottsdale, Arizona</name><styleUrl>#t-crypto-tech</styleUrl><description><![CDATA[<p><b>Section VIII</b> &middot; crypto-tech</p><p>Alcor Life Extension Foundation. Finney&#x27;s body cryopreserved at -196°C. Bitcoin&#x27;s first transaction recipient is stored in a desert facility. Peter Thiel also reportedly signed up for cryopreservation.</p><p><a href="https://www.b0b.dev/report#VIII">View in report</a></p>]]></description><Point><coordinates>-111.9109,33.6174,0</coordinates></Point></Placemark><Placemark><name>Zug, Switzerland - Crypto Valley</name><styleUrl>#t-crypto-tech</styleUrl><description><![CDATA[<p><b>Section VIII</b> &middot; crypto-tech</p><p>Self-proclaimed &#x27;Crypto Valley.&#x27; Ethereum Foundation HQ. Bitcoin Suisse. Cardano Foundation. Polkadot. A low-tax Swiss canton. The offshore finance model applied to cryptocurrency - same geography, updated product.</p><p><a href="https://www.b0b.dev/report#VIII">View in report</a></p>]]></description><Point><coordinates>8.5155,47.166,0</coordinates></Point></Placemark><Placemark><name>El Zonte, El Salvador - Bitcoin Beach</name><styleUrl>#t-crypto-tech</styleUrl><description><![CDATA[<p><b>Section VIII</b> &middot; crypto-tech</p><p>Origin of El Salvador&#x27;s Bitcoin adoption. Anonymous donor seeded BTC in fishing village (2019). President Bukele made BTC legal tender (2021). Chivo wallet - government-run Bitcoin wallet. Legal-tender status rescinded Feb 2025 under the IMF deal. Village experiment scaled to national policy, then rolled back.</p><p><a href="https://www.b0b.dev/report#VIII">View in report</a></p>]]></description><TimeSpan><begin>2019-01-01</begin><end>2019-12-31</end></TimeSpan><Point><coordinates>-89.3864,13.4975,0</coordinates></Point></Placemark><Placemark><name>Volcano Bond Site, Conchagua, El Salvador</name><styleUrl>#t-crypto-tech</styleUrl><description><![CDATA[<p><b>Section VIII</b> &middot; crypto-tech</p><p>Proposed &#x27;Bitcoin City&#x27; at base of Conchagua volcano. Geothermal-powered Bitcoin mining. Proposed $1B &#x27;Volcano Bond&#x27; (tokenized sovereign debt), postponed in March 2022. The volcano as power source for a digital currency city that hasn&#x27;t been built.</p><p><a href="https://www.b0b.dev/report#VIII">View in report</a></p>]]></description><Point><coordinates>-87.8469,13.2756,0</coordinates></Point></Placemark><Placemark><name>Genesis Block Café, Hong Kong</name><styleUrl>#t-crypto-tech</styleUrl><description><![CDATA[<p><b>Section VIII</b> &middot; crypto-tech</p><p>Named after Bitcoin&#x27;s first block (Jan 3, 2009). Hong Kong: global crypto trading hub before 2023 regulatory shifts. Proximity to mainland China - where 65%+ of Bitcoin mining once concentrated before the ban.</p><p><a href="https://www.b0b.dev/report#VIII">View in report</a></p>]]></description><TimeStamp><when>2009-01-03</when></TimeStamp><Point><coordinates>114.1545,22.2816,0</coordinates></Point></Placemark><Placemark><name>FTX / Albany Resort, Nassau, Bahamas</name><styleUrl>#t-crypto-tech</styleUrl><description><![CDATA[<p><b>Section VIII</b> &middot; crypto-tech</p><p>FTX moved its headquarters to Nassau in 2021 and collapsed in November 2022 in one of history&#x27;s largest financial frauds; founder Sam Bankman-Fried ran the empire from a roughly $40 million penthouse at the gated Albany resort and was later convicted on seven counts and sentenced to 25 years. FTX left an $8 billion customer shortfall. Source: Rolling Stone / Forbes / Time (2022); U.S. v. Bankman-Fried.</p><p><a href="https://www.b0b.dev/report#VIII">View in report</a></p>]]></description><TimeSpan><begin>2022-11-01</begin><end>2022-11-28</end></TimeSpan><Point><coordinates>-77.3067,25.0608,0</coordinates></Point></Placemark><Placemark><name>Glen Park Branch Library, San Francisco (Silk Road Arrest)</name><styleUrl>#t-crypto-tech</styleUrl><description><![CDATA[<p><b>Section VIII</b> &middot; crypto-tech</p><p>In October 2013 the FBI arrested Ross Ulbricht, the &#x27;Dread Pirate Roberts&#x27; behind the Bitcoin-powered darknet market Silk Road, at this branch library while he was logged into the site&#x27;s admin panel. He was sentenced to life before receiving a full presidential pardon in January 2025. Source: KQED (2013 SF sting); NBC News; Glen Park Association.</p><p><a href="https://www.b0b.dev/report#VIII">View in report</a></p>]]></description><TimeSpan><begin>2013-10-01</begin><end>2013-10-28</end></TimeSpan><Point><coordinates>-122.4336,37.734,0</coordinates></Point></Placemark><Placemark><name>Ledger HQ, Paris, France</name><styleUrl>#t-crypto-tech</styleUrl><description><![CDATA[<p><b>Section VIII</b> &middot; crypto-tech</p><p>Paris-based Ledger is the leading maker of hardware wallets for securing crypto private keys offline, having sold more than 7.5 million devices across 200 countries with over 20% of the world&#x27;s crypto assets reportedly secured on its hardware. A 2020 data breach exposed customer emails, and for a subset names, postal addresses and phone numbers (Ledger). Source: Decrypt (&#x27;Ledger Unveils New Global Headquarters in Paris&#x27;); Ledger careers.</p><p><a href="https://www.b0b.dev/report#VIII">View in report</a></p>]]></description><TimeSpan><begin>2020-01-01</begin><end>2020-12-31</end></TimeSpan><Point><coordinates>2.3414,48.8664,0</coordinates></Point></Placemark><Placemark><name>Chainalysis HQ, New York</name><styleUrl>#t-crypto-tech</styleUrl><description><![CDATA[<p><b>Section VIII</b> &middot; crypto-tech</p><p>Chainalysis is the leading blockchain-forensics firm, tracing crypto transactions for law enforcement and governments in over 70 countries; its clients include the FBI, DEA, IRS Criminal Investigation and the UK National Crime Agency, making it a central node in state surveillance of cryptocurrency flows. Source: Wikipedia: Chainalysis; Chainalysis Government Solutions.</p><p><a href="https://www.b0b.dev/report#VIII">View in report</a></p>]]></description><Point><coordinates>-73.9917,40.7378,0</coordinates></Point></Placemark><Placemark><name>Ekibastuz Bitcoin Mining Hub, Kazakhstan</name><styleUrl>#t-crypto-tech</styleUrl><description><![CDATA[<p><b>Section VIII</b> &middot; crypto-tech</p><p>After China banned crypto mining in May 2021, coal-rich Ekibastuz became a magnet for relocating miners, briefly helping push Kazakhstan to the world&#x27;s second-largest Bitcoin hash rate; the local Enegix facility alone was built to power over 50,000 ASICs at 150 MW, roughly five times the town&#x27;s own peak demand, straining the national grid. Source: MIT Technology Review (2023); Rest of World; Bitcoin Magazine.</p><p><a href="https://www.b0b.dev/report#VIII">View in report</a></p>]]></description><TimeSpan><begin>2021-05-01</begin><end>2021-05-28</end></TimeSpan><Point><coordinates>75.3289,51.7276,0</coordinates></Point></Placemark><Placemark><name>Mt. Gox Office, Cerulean Tower, Shibuya, Tokyo</name><styleUrl>#t-crypto-tech</styleUrl><description><![CDATA[<p><b>Section VIII</b> &middot; crypto-tech</p><p>The Shibuya-based Mt. Gox exchange handled over 70% of all global Bitcoin transactions before it collapsed in February 2014, having lost roughly 850,000 BTC (worth hundreds of millions then, tens of billions later) to theft and mismanagement. Protesters gathered outside its Tokyo office as it filed for bankruptcy. Source: Wikipedia: Mt. Gox; Japan Times (Mt. Gox coverage).</p><p><a href="https://www.b0b.dev/report#VIII">View in report</a></p>]]></description><TimeSpan><begin>2014-02-01</begin><end>2014-02-28</end></TimeSpan><Point><coordinates>139.7009,35.6556,0</coordinates></Point></Placemark><Placemark><name>Bitmain HQ, Beijing, China</name><styleUrl>#t-crypto-tech</styleUrl><description><![CDATA[<p><b>Section VIII</b> &middot; crypto-tech</p><p>Beijing-based Bitmain has been the dominant maker of Bitcoin-mining ASICs, at its peak credited with a large majority of the market (share estimates vary) for mining rigs through its Antminer brand, and it operates Antpool, one of the largest mining pools. Its dominance means even &#x27;Made in USA&#x27; Bitcoin largely runs on Chinese-designed hardware. Source: Bloomberg (2024); Wikipedia: Bitmain.</p><p><a href="https://www.b0b.dev/report#VIII">View in report</a></p>]]></description><Point><coordinates>116.2924,39.9581,0</coordinates></Point></Placemark><Placemark><name>Riot Platforms Rockdale Facility (Whinstone), Texas</name><styleUrl>#t-crypto-tech</styleUrl><description><![CDATA[<p><b>Section VIII</b> &middot; crypto-tech</p><p>Built on an abandoned aluminum smelter, Riot Platforms&#x27; Rockdale site is the largest single Bitcoin-mining facility by developed capacity in North America at about 700 MW, and Greenpeace calls it the most energy- and carbon-intensive Bitcoin mine in the US. Riot acquired builder Whinstone for $651 million in 2021. Source: Greenpeace USA; Global Energy Monitor (Whinstone Bitcoin mining facility).</p><p><a href="https://www.b0b.dev/report#VIII">View in report</a></p>]]></description><TimeSpan><begin>2021-01-01</begin><end>2021-12-31</end></TimeSpan><Point><coordinates>-97.0058,30.6549,0</coordinates></Point></Placemark><Placemark><name>Strategy (MicroStrategy) HQ, Tysons Corner, Virginia</name><styleUrl>#t-crypto-tech</styleUrl><description><![CDATA[<p><b>Section VIII</b> &middot; crypto-tech</p><p>Founded by Michael Saylor, the software firm rebranded from MicroStrategy to &#x27;Strategy&#x27; in 2025 and is the world&#x27;s largest corporate Bitcoin holder, having amassed roughly 597,000 BTC (worth over $70 billion in mid-2025) funded largely through equity and debt issuance. It pioneered the Bitcoin corporate-treasury model. Source: Virginia Business; Bitcoin Treasuries; Wikipedia: MicroStrategy.</p><p><a href="https://www.b0b.dev/report#VIII">View in report</a></p>]]></description><TimeSpan><begin>2025-01-01</begin><end>2025-12-31</end></TimeSpan><Point><coordinates>-77.223,38.9191,0</coordinates></Point></Placemark><Placemark><name>Bletchley Park, Milton Keynes, UK</name><styleUrl>#t-crypto-tech</styleUrl><description><![CDATA[<p><b>Section VIII</b> &middot; crypto-tech</p><p>Bletchley Park was Britain&#x27;s WWII codebreaking center, where Alan Turing and colleagues broke the German Enigma and Lorenz ciphers and built Colossus, the world&#x27;s first programmable electronic digital computer. It is a foundational site of modern cryptography and computing, kept secret for decades after the war. Source: UK National Museum of Computing / Bletchley Park Trust.</p><p><a href="https://www.b0b.dev/report#VIII">View in report</a></p>]]></description><Point><coordinates>-0.7411,51.9981,0</coordinates></Point></Placemark></Folder><Folder><name>Section IX (154)</name><open>0</open><Placemark><name>Harvard Law School, Cambridge, MA</name><styleUrl>#t-governance</styleUrl><description><![CDATA[<p><b>Section IX</b> &middot; governance</p><p>Dershowitz joined the Harvard Law faculty in 1964; full professor in 1967 at 28, then the youngest in the school&#x27;s history; Felix Frankfurter Professor of Law from 1993; retired 2013.</p><p><a href="https://www.b0b.dev/report#IX">View in report</a></p>]]></description><TimeSpan><begin>1964-01-01</begin><end>1964-12-31</end></TimeSpan><Point><coordinates>-71.1167,42.377,0</coordinates></Point></Placemark><Placemark><name>Palm Beach County, FL - Epstein NPA</name><styleUrl>#t-governance</styleUrl><description><![CDATA[<p><b>Section IX</b> &middot; governance</p><p>Dershowitz was on Epstein&#x27;s defence team and helped negotiate the non-prosecution agreement approved by U.S. Attorney Alexander Acosta (signed 2007). It granted immunity to Epstein, four named co-conspirators and any unnamed &#x27;potential co-conspirators&#x27;; victims were not told. Judge Kenneth Marra ruled in 2019 that it violated the Crime Victims&#x27; Rights Act; the 11th Circuit reversed in 2020.</p><p><a href="https://www.b0b.dev/report#IX">View in report</a></p>]]></description><TimeSpan><begin>2007-01-01</begin><end>2007-12-31</end></TimeSpan><Point><coordinates>-80.0534,26.7153,0</coordinates></Point></Placemark><Placemark><name>Cheyenne Mountain, Colorado</name><styleUrl>#t-underground</styleUrl><description><![CDATA[<p><b>Section IX</b> &middot; underground</p><p>NORAD/USNORTHCOM alternate command center under ~2,000 ft of granite; ~5.1 acres. Built 1961-66, operational 1966. 2015: $700M Raytheon contract to move communications systems into the EMP-hardened complex (Adm. Gortney).</p><p><a href="https://www.b0b.dev/report#IX">View in report</a></p>]]></description><TimeSpan><begin>1966-01-01</begin><end>1966-12-31</end></TimeSpan><Point><coordinates>-104.8467,38.7446,0</coordinates></Point></Placemark><Placemark><name>Raven Rock (Site R), Pennsylvania</name><styleUrl>#t-underground</styleUrl><description><![CDATA[<p><b>Section IX</b> &middot; underground</p><p>Alternate National Military Command Center (Site R). Built 1951-53. About 6 miles from Camp David; an underground link between the two is rumoured, not documented.</p><p><a href="https://www.b0b.dev/report#IX">View in report</a></p>]]></description><TimeSpan><begin>1951-01-01</begin><end>1951-12-31</end></TimeSpan><Point><coordinates>-77.4247,39.7365,0</coordinates></Point></Placemark><Placemark><name>Camp David, Maryland</name><styleUrl>#t-governance</styleUrl><description><![CDATA[<p><b>Section IX</b> &middot; governance</p><p>Presidential retreat on Catoctin Mountain. Raven Rock (Site R), the alternate military command center, lies about 6 miles away; an underground corridor between them is rumoured, not documented.</p><p><a href="https://www.b0b.dev/report#IX">View in report</a></p>]]></description><Point><coordinates>-77.465,39.6484,0</coordinates></Point></Placemark><Placemark><name>Mount Weather, Bluemont, Virginia</name><styleUrl>#t-underground</styleUrl><description><![CDATA[<p><b>Section IX</b> &middot; underground</p><p>Emergency Operations Center. FEMA High Point Special Facility. Classified continuity-of-government facility.</p><p><a href="https://www.b0b.dev/report#IX">View in report</a></p>]]></description><Point><coordinates>-77.889,39.063,0</coordinates></Point></Placemark><Placemark><name>The Greenbrier, White Sulphur Springs, WV</name><styleUrl>#t-underground</styleUrl><description><![CDATA[<p><b>Section IX</b> &middot; underground</p><p>Project Greek Island - secret Congressional bunker built 1958-61 beneath luxury resort. Decommissioned 1992 after media exposure.</p><p><a href="https://www.b0b.dev/report#IX">View in report</a></p>]]></description><TimeSpan><begin>1992-01-01</begin><end>1992-12-31</end></TimeSpan><Point><coordinates>-80.3016,37.788,0</coordinates></Point></Placemark><Placemark><name>Mount Yamantau, Urals, Russia</name><styleUrl>#t-underground</styleUrl><description><![CDATA[<p><b>Section IX</b> &middot; underground</p><p>Large excavation observed by U.S. satellite imagery into the late 1990s; purpose never disclosed. Russia (1996) declined to inform foreign media about &#x27;facilities under construction&#x27;. A 1997 U.S. Congressional finding cited a &#x27;deception and denial policy&#x27;. Closed town of Mezhgorye (formed 1995 from Beloretsk-15 and -16) serves the site.</p><p><a href="https://www.b0b.dev/report#IX">View in report</a></p>]]></description><TimeSpan><begin>1997-01-01</begin><end>1997-12-31</end></TimeSpan><Point><coordinates>58.1,54.25,0</coordinates></Point></Placemark><Placemark><name>Kosvinsky Kamen, Urals, Russia</name><styleUrl>#t-underground</styleUrl><description><![CDATA[<p><b>Section IX</b> &middot; underground</p><p>Command-post bunker under ~300 m of granite (Jane&#x27;s, 1994). U.S. analysts believe it houses the command post of Perimeter (&#x27;Dead Hand&#x27;), a semi-automatic retaliation system; accounts differ on whether launch still needs human approval once activated.</p><p><a href="https://www.b0b.dev/report#IX">View in report</a></p>]]></description><Point><coordinates>59.05,59.517,0</coordinates></Point></Placemark><Placemark><name>Moscow - Metro-2 / D-6</name><styleUrl>#t-underground</styleUrl><description><![CDATA[<p><b>Section IX</b> &middot; underground</p><p>Officially unacknowledged deep metro, said to link the Kremlin, FSB headquarters, Vnukovo-2 government airport and an underground town at Ramenki. Russia has never confirmed it.</p><p><a href="https://www.b0b.dev/report#IX">View in report</a></p>]]></description><Point><coordinates>37.6173,55.7558,0</coordinates></Point></Placemark><Placemark><name>Project 131, Hubei Province, China</name><styleUrl>#t-underground</styleUrl><description><![CDATA[<p><b>Section IX</b> &middot; underground</p><p>Underground Project 131: military command headquarters tunnelled under a hill at Gaoqiao, Xianning, Hubei (~80 km south of Wuhan), decided 31 January 1969 (hence &#x27;131&#x27;), with offices for Mao Zedong and Lin Biao. Now a tourist site.</p><p><a href="https://www.b0b.dev/report#IX">View in report</a></p>]]></description><TimeSpan><begin>1969-01-01</begin><end>1969-12-31</end></TimeSpan><Point><coordinates>114.4758,29.846,0</coordinates></Point></Placemark><Placemark><name>Beijing Underground City</name><styleUrl>#t-underground</styleUrl><description><![CDATA[<p><b>Section IX</b> &middot; underground</p><p>Civil-defence tunnel network built 1969-79 on Mao&#x27;s order during the Sino-Soviet border crisis, dug by more than 300,000 local citizens; the plan was to move half of Beijing&#x27;s population underground.</p><p><a href="https://www.b0b.dev/report#IX">View in report</a></p>]]></description><TimeSpan><begin>1969-01-01</begin><end>1969-12-31</end></TimeSpan><Point><coordinates>116.4074,39.9042,0</coordinates></Point></Placemark><Placemark><name>816 Nuclear Military Plant, Chongqing, China</name><styleUrl>#t-underground</styleUrl><description><![CDATA[<p><b>Section IX</b> &middot; underground</p><p>Underground plutonium-production complex near Fuling, Chongqing, begun 1966 (Third Front) by more than 60,000 PLA engineering soldiers; cancelled February 1984 when nearly complete and never operated. Declassified 2002; opened to tourists 2010.</p><p><a href="https://www.b0b.dev/report#IX">View in report</a></p>]]></description><TimeSpan><begin>1966-01-01</begin><end>1966-12-31</end></TimeSpan><Point><coordinates>107.5072,29.5569,0</coordinates></Point></Placemark><Placemark><name>Burlington / Corsham, Wiltshire, UK</name><styleUrl>#t-underground</styleUrl><description><![CDATA[<p><b>Section IX</b> &middot; underground</p><p>Central Government War Headquarters: 35-acre complex ~120 ft underground in former Corsham stone quarries, for up to 4,000 officials. Decommissioned December 2004.</p><p><a href="https://www.b0b.dev/report#IX">View in report</a></p>]]></description><Point><coordinates>-2.1878,51.4327,0</coordinates></Point></Placemark><Placemark><name>Jerusalem Underground Command, Israel</name><styleUrl>#t-underground</styleUrl><description><![CDATA[<p><b>Section IX</b> &middot; underground</p><p>Crisis command center beneath the Judaean Mountains. Israeli continuity-of-government facility.</p><p><a href="https://www.b0b.dev/report#IX">View in report</a></p>]]></description><Point><coordinates>35.2137,31.7683,0</coordinates></Point></Placemark><Placemark><name>Klara Bunker, Stockholm, Sweden</name><styleUrl>#t-underground</styleUrl><description><![CDATA[<p><b>Section IX</b> &middot; underground</p><p>Capacity 8,000-12,000 people. Sweden has 65,000+ fallout shelters for 10 million population.</p><p><a href="https://www.b0b.dev/report#IX">View in report</a></p>]]></description><Point><coordinates>18.0686,59.3293,0</coordinates></Point></Placemark><Placemark><name>Diefenbunker, Ottawa, Canada</name><styleUrl>#t-underground</styleUrl><description><![CDATA[<p><b>Section IX</b> &middot; underground</p><p>CFS Carp Emergency Government Headquarters, built 1959-61. Now Diefenbunker: Canada&#x27;s Cold War Museum.</p><p><a href="https://www.b0b.dev/report#IX">View in report</a></p>]]></description><TimeSpan><begin>1959-01-01</begin><end>1959-12-31</end></TimeSpan><Point><coordinates>-76.0457,45.351,0</coordinates></Point></Placemark><Placemark><name>COFAS, Taverny, France</name><styleUrl>#t-underground</styleUrl><description><![CDATA[<p><b>Section IX</b> &middot; underground</p><p>Headquarters of the Strategic Air Forces Command (France&#x27;s air-launched nuclear force) 1964-2007 and again since 2024, with a hardened command centre 70-80 m below ground in a former gypsum quarry.</p><p><a href="https://www.b0b.dev/report#IX">View in report</a></p>]]></description><Point><coordinates>2.2028,49.0175,0</coordinates></Point></Placemark><Placemark><name>Mont Verdun, near Lyon, France</name><styleUrl>#t-underground</styleUrl><description><![CDATA[<p><b>Section IX</b> &middot; underground</p><p>Air Base 942 Lyon-Mont Verdun: air defence and operations centre (CDAOA South sector, linked to NATO ACCS) with an underground alternate strategic command centre hardened against chemical and nuclear attack.</p><p><a href="https://www.b0b.dev/report#IX">View in report</a></p>]]></description><Point><coordinates>4.778,45.8735,0</coordinates></Point></Placemark><Placemark><name>Regierungsbunker, Ahrweiler, Germany</name><styleUrl>#t-underground</styleUrl><description><![CDATA[<p><b>Section IX</b> &middot; underground</p><p>Federal government emergency bunker built 1960-72 in disused railway tunnels of the Ahr valley; 17.3 km of tunnels. Decommissioned 1997; a short section is now the Government Bunker Documentation Site, the rest abandoned and sealed.</p><p><a href="https://www.b0b.dev/report#IX">View in report</a></p>]]></description><TimeSpan><begin>1960-01-01</begin><end>1960-12-31</end></TimeSpan><Point><coordinates>7.063,50.541,0</coordinates></Point></Placemark><Placemark><name>K-116, Zlíchov, Prague, Czech Republic</name><styleUrl>#t-underground</styleUrl><description><![CDATA[<p><b>Section IX</b> &middot; underground</p><p>Cold War-era underground command bunker beneath Zlíchov hill. Eastern Bloc continuity infrastructure.</p><p><a href="https://www.b0b.dev/report#IX">View in report</a></p>]]></description><Point><coordinates>14.4025,50.0624,0</coordinates></Point></Placemark><Placemark><name>REGAN Vest, Jutland, Denmark</name><styleUrl>#t-underground</styleUrl><description><![CDATA[<p><b>Section IX</b> &middot; underground</p><p>REGAN Vest: Denmark&#x27;s Cold War civil-government nuclear bunker in Rold Skov forest, northern Jutland.</p><p><a href="https://www.b0b.dev/report#IX">View in report</a></p>]]></description><Point><coordinates>9.817,56.8,0</coordinates></Point></Placemark><Placemark><name>Salt Pit / &#x27;The Dark Prison&#x27;, North Kabul, Afghanistan</name><styleUrl>#t-blacksite</styleUrl><description><![CDATA[<p><b>Section IX</b> &middot; blacksite</p><p>CIA facility. Detainee Gul Rahman froze to death November 2002. &#x27;Enhanced interrogation&#x27; - the U.S. government&#x27;s euphemism for torture.</p><p><a href="https://www.b0b.dev/report#IX">View in report</a></p>]]></description><TimeSpan><begin>2002-11-01</begin><end>2002-11-28</end></TimeSpan><Point><coordinates>69.2905,34.5768,0</coordinates></Point></Placemark><Placemark><name>Stare Kiejkuty, Poland</name><styleUrl>#t-blacksite</styleUrl><description><![CDATA[<p><b>Section IX</b> &middot; blacksite</p><p>Former intelligence facility converted to CIA black site. Confirmed by European Court of Human Rights 2014.</p><p><a href="https://www.b0b.dev/report#IX">View in report</a></p>]]></description><TimeSpan><begin>2014-01-01</begin><end>2014-12-31</end></TimeSpan><Point><coordinates>21.067,53.633,0</coordinates></Point></Placemark><Placemark><name>Detention Site Black, Bucharest, Romania</name><styleUrl>#t-blacksite</styleUrl><description><![CDATA[<p><b>Section IX</b> &middot; blacksite</p><p>ECHR, Al Nashiri v. Romania (31 May 2018): Romania hosted a CIA secret prison, &#x27;Detention Site Black&#x27;, Sept 2003 - Nov 2005, and was complicit in the ill-treatment held there. The 2014 Senate report places Al Nashiri in Bucharest. Exact building not established here; Mihail Kogălniceanu airbase was a reported flight point, not the established detention site.</p><p><a href="https://www.b0b.dev/report#IX">View in report</a></p>]]></description><TimeSpan><begin>2018-01-01</begin><end>2018-12-31</end></TimeSpan><Point><coordinates>26.1025,44.4268,0</coordinates></Point></Placemark><Placemark><name>Antaviliai, Lithuania</name><styleUrl>#t-blacksite</styleUrl><description><![CDATA[<p><b>Section IX</b> &middot; blacksite</p><p>Former riding school converted to CIA detention facility. Confirmed ECHR 2018. Another EU/NATO state hosting black sites.</p><p><a href="https://www.b0b.dev/report#IX">View in report</a></p>]]></description><TimeSpan><begin>2018-01-01</begin><end>2018-12-31</end></TimeSpan><Point><coordinates>25.403,54.798,0</coordinates></Point></Placemark><Placemark><name>Ramasun Station / &#x27;Detention Site Green&#x27;, Thailand</name><styleUrl>#t-blacksite</styleUrl><description><![CDATA[<p><b>Section IX</b> &middot; blacksite</p><p>Former U.S. Army Security Agency intercept station (7th RRFS, built 1964). Suspected by some as the CIA&#x27;s first black site, &#x27;Detention Site Green&#x27; (Abu Zubaydah, March 2002); a senior Thai official instead placed that site at Udorn RTAFB, and the Royal Thai Army denies Ramasun&#x27;s use. Location contested.</p><p><a href="https://www.b0b.dev/report#IX">View in report</a></p>]]></description><TimeSpan><begin>2002-01-01</begin><end>2002-12-31</end></TimeSpan><Point><coordinates>102.7708,17.4069,0</coordinates></Point></Placemark><Placemark><name>Camp Lemonnier, Djibouti</name><styleUrl>#t-military</styleUrl><description><![CDATA[<p><b>Section IX</b> &middot; military</p><p>U.S. base leased from Djibouti in 2002; supports CIA and DoD counter-terrorism and drone operations in Yemen and Somalia. Djibouti is listed among states reported to have assisted CIA rendition (attributed).</p><p><a href="https://www.b0b.dev/report#IX">View in report</a></p>]]></description><Point><coordinates>43.1464,11.5469,0</coordinates></Point></Placemark><Placemark><name>Diego Garcia, British Indian Ocean Territory</name><styleUrl>#t-military</styleUrl><description><![CDATA[<p><b>Section IX</b> &middot; military</p><p>UK territory leased to the U.S. The UK admitted (Feb 2008) that two U.S. rendition flights refuelled here in 2002; detention on the island is alleged, not established. Chagossians expelled 1968-1973 to make way for the base. 2025 treaty transfers sovereignty to Mauritius, base retained for 99 years.</p><p><a href="https://www.b0b.dev/report#IX">View in report</a></p>]]></description><TimeSpan><begin>1968-01-01</begin><end>1968-12-31</end></TimeSpan><Point><coordinates>72.4229,-7.3195,0</coordinates></Point></Placemark><Placemark><name>Negev Nuclear Research Center, Dimona, Israel</name><styleUrl>#t-underground</styleUrl><description><![CDATA[<p><b>Section IX</b> &middot; underground</p><p>Dimona reactor, ~13 km SE of Dimona; built in secret outside IAEA inspection. U.S. inspections ran 1965-69 with advance notice; Israel reportedly installed temporary false walls before each, and the inspectors reportedly told Washington the visits were useless (attributed).</p><p><a href="https://www.b0b.dev/report#IX">View in report</a></p>]]></description><TimeSpan><begin>1965-01-01</begin><end>1965-12-31</end></TimeSpan><Point><coordinates>35.1445,31.0013,0</coordinates></Point></Placemark><Placemark><name>Little Saint James Island, U.S. Virgin Islands</name><styleUrl>#t-enclave</styleUrl><description><![CDATA[<p><b>Section IX</b> &middot; enclave</p><p>70-78 acres. A 2005 power and fibre-optic cable from St Thomas gave the island dedicated connections; a maintenance building has sally-port doors. Sold May 2023, with Great Saint James, to Stephen Deckoff&#x27;s SD Investments for US$60 million; announced plan: a luxury resort.</p><p><a href="https://www.b0b.dev/report#IX">View in report</a></p>]]></description><TimeSpan><begin>2023-05-01</begin><end>2023-05-28</end></TimeSpan><Point><coordinates>-64.8253,18.3,0</coordinates></Point></Placemark><Placemark><name>Kola Superdeep Borehole, Russia</name><styleUrl>#t-underground</styleUrl><description><![CDATA[<p><b>Section IX</b> &middot; underground</p><p>Deepest human-made hole: 12,262 m true vertical depth, reached 1989. Drilling from 1970; stopped 1992 at 180°C against ~100°C expected; closed 1995. Penetrated about a third of the Baltic Shield crust; microscopic plankton fossils found 6 km down.</p><p><a href="https://www.b0b.dev/report#IX">View in report</a></p>]]></description><TimeSpan><begin>1970-01-01</begin><end>1970-12-31</end></TimeSpan><Point><coordinates>30.61,69.3965,0</coordinates></Point></Placemark><Placemark><name>Dulce, New Mexico - Archuleta Mesa</name><styleUrl>#t-underground</styleUrl><description><![CDATA[<p><b>Section IX</b> &middot; underground</p><p>Alleged underground base beneath Archuleta Mesa on the Jicarilla Apache Nation reservation - a claim with no documentary support at any tier. About 80 miles north of Los Alamos National Laboratory.</p><p><a href="https://www.b0b.dev/report#IX">View in report</a></p>]]></description><Point><coordinates>-106.9989,36.9336,0</coordinates></Point></Placemark><Placemark><name>Camp Hero / Montauk AFS, Long Island</name><styleUrl>#t-military</styleUrl><description><![CDATA[<p><b>Section IX</b> &middot; military</p><p>Montauk Air Force Station (Camp Hero), 1942-1981. Joined SAGE in 1958; its AN/FPS-35 radar (126-ft reflector) became operational in 1960 and was abandoned in place when the station closed in January 1981. The &#x27;Montauk Project&#x27; mind-control story is folklore with no documentary support.</p><p><a href="https://www.b0b.dev/report#IX">View in report</a></p>]]></description><TimeSpan><begin>1942-01-01</begin><end>1942-12-31</end></TimeSpan><Point><coordinates>-71.8573,41.0711,0</coordinates></Point></Placemark><Placemark><name>Plum Island Animal Disease Center</name><styleUrl>#t-military</styleUrl><description><![CDATA[<p><b>Section IX</b> &middot; military</p><p>USDA Plum Island Animal Disease Center (1954 - September 2025): foot-and-mouth and other foreign animal disease research. The Army Chemical Corps had reactivated Fort Terry in 1952; Cold War anti-livestock bioweapons research there ended in 1969. Its work moved to NBAF, Manhattan, Kansas.</p><p><a href="https://www.b0b.dev/report#IX">View in report</a></p>]]></description><TimeSpan><begin>1954-01-01</begin><end>1954-12-31</end></TimeSpan><Point><coordinates>-72.1893,41.1854,0</coordinates></Point></Placemark><Placemark><name>HAARP, Gakona, Alaska</name><styleUrl>#t-military</styleUrl><description><![CDATA[<p><b>Section IX</b> &middot; military</p><p>High-frequency Active Auroral Research Program. 3.6 MW, 180 antenna array. Originally DARPA/Air Force/Navy. Transferred to University of Alaska Fairbanks (2015). Ionospheric heater: communications disruption, over-the-horizon radar, ELF submarine communication. Transfer to university changed FOIA jurisdiction, not capability.</p><p><a href="https://www.b0b.dev/report#IX">View in report</a></p>]]></description><TimeSpan><begin>2015-01-01</begin><end>2015-12-31</end></TimeSpan><Point><coordinates>-145.15,62.3907,0</coordinates></Point></Placemark><Placemark><name>Clear Space Force Station, Alaska</name><styleUrl>#t-military</styleUrl><description><![CDATA[<p><b>Section IX</b> &middot; military</p><p>AN/FPS-132 UEWR missile warning radar. NORAD ballistic missile detection. Ground-based midcourse defense architecture. Northern early warning line.</p><p><a href="https://www.b0b.dev/report#IX">View in report</a></p>]]></description><Point><coordinates>-149.195,64.295,0</coordinates></Point></Placemark><Placemark><name>Joint Base Elmendorf-Richardson, Alaska</name><styleUrl>#t-military</styleUrl><description><![CDATA[<p><b>Section IX</b> &middot; military</p><p>NORAD Alaska Region. Pacific Air Forces (11th Air Force). U.S. Army Alaska. Primary Arctic airpower projection. Joint base combining Air Force and Army at Alaska&#x27;s population center.</p><p><a href="https://www.b0b.dev/report#IX">View in report</a></p>]]></description><Point><coordinates>-149.807,61.253,0</coordinates></Point></Placemark><Placemark><name>Fort Greely, Alaska - Missile Defense</name><styleUrl>#t-military</styleUrl><description><![CDATA[<p><b>Section IX</b> &middot; military</p><p>Ground-based Midcourse Defense (GMD) operational interceptors. Anti-ballistic missile shield&#x27;s northern component. The missiles that defend against missiles, stationed in permafrost.</p><p><a href="https://www.b0b.dev/report#IX">View in report</a></p>]]></description><Point><coordinates>-145.737,63.995,0</coordinates></Point></Placemark><Placemark><name>McMurdo Station, Antarctica (US)</name><styleUrl>#t-military</styleUrl><description><![CDATA[<p><b>Section IX</b> &middot; military</p><p>Ross Island. Largest community in Antarctica - ~1,000 in summer, up to 1,200. Run by the NSF&#x27;s U.S. Antarctic Program with military logistics (Operation Deep Freeze); harbour and airfields. PM-3A nuclear reactor 1962-1972, removed after leaks. The Antarctic Treaty permits military personnel and equipment for scientific or peaceful purposes.</p><p><a href="https://www.b0b.dev/report#IX">View in report</a></p>]]></description><TimeSpan><begin>1962-01-01</begin><end>1962-12-31</end></TimeSpan><Point><coordinates>166.668,-77.846,0</coordinates></Point></Placemark><Placemark><name>Amundsen-Scott South Pole Station (US)</name><styleUrl>#t-military</styleUrl><description><![CDATA[<p><b>Section IX</b> &middot; military</p><p>Geographic South Pole. NSF research station; IceCube Neutrino Observatory uses the 2-mile ice sheet to detect neutrinos. Supplied by New York Air National Guard LC-130 flights from McMurdo.</p><p><a href="https://www.b0b.dev/report#IX">View in report</a></p>]]></description><Point><coordinates>0,-89.983,0</coordinates></Point></Placemark><Placemark><name>Vostok Station, Antarctica (Russia)</name><styleUrl>#t-underground</styleUrl><description><![CDATA[<p><b>Section IX</b> &middot; underground</p><p>Lowest reliably measured temperature on Earth: −89.2°C (21 July 1983). Russian drilling reached subglacial Lake Vostok, sealed under ~4 km of ice for an estimated 15-25 million years.</p><p><a href="https://www.b0b.dev/report#IX">View in report</a></p>]]></description><TimeSpan><begin>1983-01-01</begin><end>1983-12-31</end></TimeSpan><Point><coordinates>106.837,-78.464,0</coordinates></Point></Placemark><Placemark><name>Concordia Station, Antarctica (France/Italy)</name><styleUrl>#t-military</styleUrl><description><![CDATA[<p><b>Section IX</b> &middot; military</p><p>Dome C, East Antarctic Plateau. ESA Mars conditions analog - testing Mars habitation protocols in Antarctica. The space agency rehearses planetary colonization at the bottom of this planet.</p><p><a href="https://www.b0b.dev/report#IX">View in report</a></p>]]></description><Point><coordinates>123.35,-75.1,0</coordinates></Point></Placemark><Placemark><name>Rothera Station, Antarctica (UK)</name><styleUrl>#t-military</styleUrl><description><![CDATA[<p><b>Section IX</b> &middot; military</p><p>Adelaide Island. British Antarctic Survey&#x27;s main station, with a 900 m crushed-rock runway, hangar and wharf - the logistics hub for UK Antarctic flights.</p><p><a href="https://www.b0b.dev/report#IX">View in report</a></p>]]></description><Point><coordinates>-68.13,-67.57,0</coordinates></Point></Placemark><Placemark><name>Palmer Station, Antarctica (US)</name><styleUrl>#t-military</styleUrl><description><![CDATA[<p><b>Section IX</b> &middot; military</p><p>Anvers Island, Antarctic Peninsula. Marine and terrestrial biology. The only U.S. Antarctic station north of the Antarctic Circle.</p><p><a href="https://www.b0b.dev/report#IX">View in report</a></p>]]></description><Point><coordinates>-64.054,-64.774,0</coordinates></Point></Placemark><Placemark><name>Pine Island Glacier, Antarctica</name><styleUrl>#t-surveillance</styleUrl><description><![CDATA[<p><b>Section IX</b> &middot; surveillance</p><p>Fastest-melting glacier in Antarctica, about 13% of the continent&#x27;s ice loss. Pine Island and neighbouring ice streams would raise sea level about 1.5 m if lost, and their loss would destabilise the West Antarctic Ice Sheet. Monitored by satellite.</p><p><a href="https://www.b0b.dev/report#IX">View in report</a></p>]]></description><Point><coordinates>-100,-75.167,0</coordinates></Point></Placemark><Placemark><name>Denver International Airport (DIA)</name><styleUrl>#t-airport</styleUrl><description><![CDATA[<p><b>Section IX</b> &middot; airport</p><p>Opened 28 Feb 1995, 16 months late, at a cost of $4.8B - nearly $2B over budget. 33,531 acres. Dedication capstone dated March 19, 1994 (&#x27;New World Airport Commission&#x27;). Blue Mustang (&#x27;Blucifer&#x27;), 32 ft, killed its sculptor Luis Jiménez when a section fell on him. Automated underground baggage system abandoned. Leo Tanguma murals.</p><p><a href="https://www.b0b.dev/report#IX">View in report</a></p>]]></description><TimeStamp><when>1994-03-19</when></TimeStamp><Point><coordinates>-104.6737,39.8561,0</coordinates></Point></Placemark><Placemark><name>Dulles International Airport (IAD), Virginia</name><styleUrl>#t-airport</styleUrl><description><![CDATA[<p><b>Section IX</b> &middot; airport</p><p>About 17 miles (27 km) from CIA headquarters at Langley. Named for John Foster Dulles, Secretary of State and brother of CIA Director Allen Dulles (Iran 1953, Guatemala 1954 coups; plot against Lumumba in Congo). Rendition aircraft reported to have used Dulles (attributed).</p><p><a href="https://www.b0b.dev/report#IX">View in report</a></p>]]></description><Point><coordinates>-77.4565,38.9531,0</coordinates></Point></Placemark><Placemark><name>Shannon Airport, Ireland - Rendition Transit</name><styleUrl>#t-airport</styleUrl><description><![CDATA[<p><b>Section IX</b> &middot; airport</p><p>Amnesty International (2006): four CIA-operated aircraft used in renditions stopped at Shannon at least 77 times since 2001 - second in Europe after Frankfurt. The Rendition Project and Reprieve later identified 11 planes (2002-04) possibly on rendition circuits and 16 more (2002-06) linking secret prisons. Ireland did not search them.</p><p><a href="https://www.b0b.dev/report#IX">View in report</a></p>]]></description><TimeSpan><begin>2001-01-01</begin><end>2001-12-31</end></TimeSpan><Point><coordinates>-8.9247,52.702,0</coordinates></Point></Placemark><Placemark><name>Palma de Mallorca Airport, Spain - Rendition Transit</name><styleUrl>#t-airport</styleUrl><description><![CDATA[<p><b>Section IX</b> &middot; airport</p><p>Documented CIA rendition flight hub. Jeppesen Dataplan (Boeing subsidiary, Denver-based) provided flight planning for rendition aircraft. European Parliament investigation confirmed rendition flights through Spanish territory.</p><p><a href="https://www.b0b.dev/report#IX">View in report</a></p>]]></description><Point><coordinates>2.7389,39.5517,0</coordinates></Point></Placemark><Placemark><name>Johnston Atoll, Pacific - Chemical/Military</name><styleUrl>#t-military</styleUrl><description><![CDATA[<p><b>Section IX</b> &middot; military</p><p>Remote Pacific atoll ~1,330 km WSW of Honolulu. U.S. nuclear tests (1958, 1962); biological-weapons testing; storage and destruction of chemical weapons until 2000. Now a National Wildlife Refuge, with plutonium clean-up on record.</p><p><a href="https://www.b0b.dev/report#IX">View in report</a></p>]]></description><TimeSpan><begin>1958-01-01</begin><end>1958-12-31</end></TimeSpan><Point><coordinates>-169.5339,16.7295,0</coordinates></Point></Placemark><Placemark><name>Groom Lake / Area 51 Airstrip, Nevada</name><styleUrl>#t-airport</styleUrl><description><![CDATA[<p><b>Section IX</b> &middot; airport</p><p>CIA/USAF classified flight test facility. U-2, A-12 (OXCART) and F-117 tested here. JANET flights carry workers from Las Vegas. CIA publicly acknowledged the base on 25 June 2013 through a FOIA release. On land the Western Shoshone hold was never ceded under the 1863 Treaty of Ruby Valley (their position).</p><p><a href="https://www.b0b.dev/report#IX">View in report</a></p>]]></description><TimeSpan><begin>1955-01-01</begin><end>1955-12-31</end></TimeSpan><Point><coordinates>-115.8111,37.235,0</coordinates></Point></Placemark><Placemark><name>Tora Bora, Nangarhar Province, Afghanistan</name><styleUrl>#t-underground</styleUrl><description><![CDATA[<p><b>Section IX</b> &middot; underground</p><p>Spin Ghar (White Mountains) cave complex: natural caverns later expanded into a CIA-financed mujahideen base. In 2001 Western media described an &#x27;impregnable cave fortress&#x27; with hydroelectric power and hospitals; after the battle no trace of such a fortress was found. Bin Laden escaped to Pakistan in December 2001.</p><p><a href="https://www.b0b.dev/report#IX">View in report</a></p>]]></description><TimeSpan><begin>2001-12-01</begin><end>2001-12-28</end></TimeSpan><Point><coordinates>70.217,34.117,0</coordinates></Point></Placemark><Placemark><name>Zhawar Kili, Khost Province, Afghanistan</name><styleUrl>#t-underground</styleUrl><description><![CDATA[<p><b>Section IX</b> &middot; underground</p><p>Mujahideen base complex near the Pakistan border, built in the Soviet-Afghan war (CIA/ISI support, attributed). Tunnels and caves struck by U.S. cruise missiles in August 1998 (Operation Infinite Reach) and bombed again in January 2002, when SEALs found 50+ tunnels.</p><p><a href="https://www.b0b.dev/report#IX">View in report</a></p>]]></description><TimeSpan><begin>1998-01-01</begin><end>1998-12-31</end></TimeSpan><Point><coordinates>69.9127,33.1488,0</coordinates></Point></Placemark><Placemark><name>Khost-Gardez Pass (K-G Pass), Afghanistan</name><styleUrl>#t-underground</styleUrl><description><![CDATA[<p><b>Section IX</b> &middot; underground</p><p>Mountain road between Khost and Gardez, contested in turn by Soviet, mujahideen, Taliban and U.S. forces. FOB Chapman (CIA) near Khost: suicide bombing on 30 Dec 2009 killed seven Americans, CIA officers and contractors.</p><p><a href="https://www.b0b.dev/report#IX">View in report</a></p>]]></description><TimeSpan><begin>2009-12-01</begin><end>2009-12-28</end></TimeSpan><Point><coordinates>69.5,33.5,0</coordinates></Point></Placemark><Placemark><name>Shamsi Airfield (CIA Drone Base), Balochistan, Pakistan</name><styleUrl>#t-military</styleUrl><description><![CDATA[<p><b>Section IX</b> &middot; military</p><p>Airstrip leased to the U.S. 20 Oct 2001 - 11 Dec 2011 for joint CIA/USAF Predator operations against militants in Pakistan&#x27;s tribal areas. Pakistan ordered the U.S. out on 26 Nov 2011 after the Salala strike killed 24 Pakistani soldiers.</p><p><a href="https://www.b0b.dev/report#IX">View in report</a></p>]]></description><TimeSpan><begin>2011-01-01</begin><end>2011-12-31</end></TimeSpan><Point><coordinates>65.1667,27.85,0</coordinates></Point></Placemark><Placemark><name>Củ Chi Tunnels, Vietnam</name><styleUrl>#t-underground</styleUrl><description><![CDATA[<p><b>Section IX</b> &middot; underground</p><p>Viet Cong tunnel network (~250 km) with hospitals, command posts and living quarters. U.S. and Australian &#x27;tunnel rat&#x27; specialists fought inside; tunnels were attacked with gas, water, explosives and bombing.</p><p><a href="https://www.b0b.dev/report#IX">View in report</a></p>]]></description><Point><coordinates>106.4635,11.1415,0</coordinates></Point></Placemark><Placemark><name>Vịnh Mốc Tunnels, Quảng Trị, Vietnam</name><styleUrl>#t-underground</styleUrl><description><![CDATA[<p><b>Section IX</b> &middot; underground</p><p>Village of about sixty families moved underground to survive U.S. bombing, 1966 - early 1972. Three levels, down to 30 m. As many as 17 children were born inside; no villager died in the tunnels.</p><p><a href="https://www.b0b.dev/report#IX">View in report</a></p>]]></description><Point><coordinates>107.1106,17.0803,0</coordinates></Point></Placemark><Placemark><name>Gotthard Base Tunnel, Switzerland</name><styleUrl>#t-underground</styleUrl><description><![CDATA[<p><b>Section IX</b> &middot; underground</p><p>World&#x27;s longest railway tunnel: 57.09 km, up to 2,300m below the Alps. Opened 2016, cost CHF 12.2B. Opening ceremony widely discussed for its theatrical production. Connects northern and southern Europe&#x27;s rail logistics through the mountain the Swiss built their National Redoubt inside.</p><p><a href="https://www.b0b.dev/report#IX">View in report</a></p>]]></description><TimeSpan><begin>2016-01-01</begin><end>2016-12-31</end></TimeSpan><Point><coordinates>8.65,46.83,0</coordinates></Point></Placemark><Placemark><name>Channel Tunnel (Chunnel), UK-France</name><styleUrl>#t-underground</styleUrl><description><![CDATA[<p><b>Section IX</b> &middot; underground</p><p>50.45 km, up to 75 m below the seabed; two rail tunnels and a service tunnel; the longest undersea section of any tunnel. Opened 1994.</p><p><a href="https://www.b0b.dev/report#IX">View in report</a></p>]]></description><TimeSpan><begin>1994-01-01</begin><end>1994-12-31</end></TimeSpan><Point><coordinates>1.4861,51.0125,0</coordinates></Point></Placemark><Placemark><name>CFB North Bay - NORAD Underground, Ontario</name><styleUrl>#t-underground</styleUrl><description><![CDATA[<p><b>Section IX</b> &middot; underground</p><p>Canadian NORAD Underground Complex, 60 storeys (~600 ft) underground. Built 1959-63; operations from 1 Oct 1963 until October 2006, when air-defence operations moved to a new surface building. Regional HQ moved to Winnipeg in 1997.</p><p><a href="https://www.b0b.dev/report#IX">View in report</a></p>]]></description><TimeSpan><begin>1959-01-01</begin><end>1959-12-31</end></TimeSpan><Point><coordinates>-79.42,46.36,0</coordinates></Point></Placemark><Placemark><name>CFB Suffield / DRDC Suffield, Alberta</name><styleUrl>#t-military</styleUrl><description><![CDATA[<p><b>Section IX</b> &middot; military</p><p>Largest army training area in Canada (~2,690 km²); home of the British Army Training Unit Suffield. Expropriated in 1941 for British chemical-warfare experiments. DRDC Suffield is Canada&#x27;s lead laboratory for chemical and biological defence research.</p><p><a href="https://www.b0b.dev/report#IX">View in report</a></p>]]></description><Point><coordinates>-111,50.27,0</coordinates></Point></Placemark><Placemark><name>CFS Debert Emergency Government HQ, Nova Scotia</name><styleUrl>#t-underground</styleUrl><description><![CDATA[<p><b>Section IX</b> &middot; underground</p><p>Regional Emergency Government Headquarters (&#x27;Diefenbunker&#x27;) of CFS Debert, built in the 1960s; CFS Debert closed in the mid-1990s and was decommissioned in 1998. (HMCS Trinity, the naval ocean-surveillance unit, is at CFB Halifax.)</p><p><a href="https://www.b0b.dev/report#IX">View in report</a></p>]]></description><Point><coordinates>-63.4565,45.4369,0</coordinates></Point></Placemark><Placemark><name>Rideau Canal / Parliamentary Precinct Tunnels, Ottawa</name><styleUrl>#t-underground</styleUrl><description><![CDATA[<p><b>Section IX</b> &middot; underground</p><p>Rideau Canal (UNESCO, 2007): built 1826-32 under Lt-Col John By as a military supply route avoiding the St Lawrence in case of U.S. invasion. 202 km. In winter part of it is a skating rink.</p><p><a href="https://www.b0b.dev/report#IX">View in report</a></p>]]></description><TimeSpan><begin>1826-01-01</begin><end>1826-12-31</end></TimeSpan><Point><coordinates>-75.6972,45.4215,0</coordinates></Point></Placemark><Placemark><name>Chelyabinsk-40 / Ozersk, Russia (Mayak)</name><styleUrl>#t-underground</styleUrl><description><![CDATA[<p><b>Section IX</b> &middot; underground</p><p>Mayak plutonium complex. Kyshtym disaster (1957), the only INES Level 6 accident and third-worst after Chernobyl and Fukushima: 270,000+ people affected, 10,000-12,000 evacuated. Waste dumped in the Techa River and Lake Karachay, once lethal within an hour at its shore; the lake has since been infilled. Closed city.</p><p><a href="https://www.b0b.dev/report#IX">View in report</a></p>]]></description><TimeSpan><begin>1957-01-01</begin><end>1957-12-31</end></TimeSpan><Point><coordinates>60.705,55.713,0</coordinates></Point></Placemark><Placemark><name>Krasnoyarsk-26 / Zheleznogorsk, Russia</name><styleUrl>#t-underground</styleUrl><description><![CDATA[<p><b>Section IX</b> &middot; underground</p><p>Mining and Chemical Combine: plutonium reactors built in caverns in a granite mountain (AD 1958, ADE-1 1961, ADE-2 1965; last shut 2010); now stores spent fuel. The closed city also hosts ISS Reshetnev, Russia&#x27;s largest satellite maker.</p><p><a href="https://www.b0b.dev/report#IX">View in report</a></p>]]></description><Point><coordinates>93.5333,56.25,0</coordinates></Point></Placemark><Placemark><name>Kapustin Yar, Astrakhan Oblast, Russia</name><styleUrl>#t-military</styleUrl><description><![CDATA[<p><b>Section IX</b> &middot; military</p><p>Soviet rocket test range established 13 May 1946 using technology and specialists taken from defeated Germany; early Soviet ballistic-missile launches. Russia&#x27;s original missile range.</p><p><a href="https://www.b0b.dev/report#IX">View in report</a></p>]]></description><TimeSpan><begin>1946-01-01</begin><end>1946-12-31</end></TimeSpan><Point><coordinates>45.755,48.57,0</coordinates></Point></Placemark><Placemark><name>Sarov / Arzamas-16, Russia (VNIIEF)</name><styleUrl>#t-underground</styleUrl><description><![CDATA[<p><b>Section IX</b> &middot; underground</p><p>VNIIEF (formerly KB-11), Russia&#x27;s nuclear-weapons design centre - the Soviet &#x27;Los Alamos&#x27;. RDS-1 atomic bombs were produced here. Closed town of ~92,000 (2010 census); entry by permit.</p><p><a href="https://www.b0b.dev/report#IX">View in report</a></p>]]></description><TimeSpan><begin>1949-01-01</begin><end>1949-12-31</end></TimeSpan><Point><coordinates>43.3235,54.9353,0</coordinates></Point></Placemark><Placemark><name>Novaya Zemlya, Arctic Russia - Nuclear Test Site</name><styleUrl>#t-military</styleUrl><description><![CDATA[<p><b>Section IX</b> &middot; military</p><p>Arctic nuclear test range: 224 detonations (1955-1990), ~265 Mt total. Tsar Bomba (30 Oct 1961), 50 Mt - largest man-made explosion; blast wave circled the Earth three times; cloud ~67 km high; windowpanes broken up to 900 km away.</p><p><a href="https://www.b0b.dev/report#IX">View in report</a></p>]]></description><TimeStamp><when>1961-10-30</when></TimeStamp><Point><coordinates>54.9833,73.35,0</coordinates></Point></Placemark><Placemark><name>Semipalatinsk Test Site (The Polygon), Kazakhstan</name><styleUrl>#t-military</styleUrl><description><![CDATA[<p><b>Section IX</b> &middot; military</p><p>Soviet nuclear test site: 456 tests 1949-1989 (340 underground, 116 atmospheric), including the first Soviet bomb. ~18,000 km². Kazakh experts estimate 1.5 million people were exposed to fallout. Closed 29 August 1991.</p><p><a href="https://www.b0b.dev/report#IX">View in report</a></p>]]></description><TimeSpan><begin>1949-01-01</begin><end>1949-12-31</end></TimeSpan><Point><coordinates>78.43,50.07,0</coordinates></Point></Placemark><Placemark><name>Gaza Tunnel Network, Rafah Crossing</name><styleUrl>#t-underground</styleUrl><description><![CDATA[<p><b>Section IX</b> &middot; underground</p><p>Smuggling tunnels under the Egypt-Gaza border at Rafah, dug since the early 1980s, numbered about 1,200 before Egypt&#x27;s military destroyed most of them in 2013-14. Hamas&#x27;s combat tunnel network inside Gaza grew from that expertise; Israel&#x27;s 2023-24 ground operation targeted it.</p><p><a href="https://www.b0b.dev/report#IX">View in report</a></p>]]></description><TimeSpan><begin>2023-01-01</begin><end>2023-12-31</end></TimeSpan><Point><coordinates>34.2522,31.2475,0</coordinates></Point></Placemark><Placemark><name>Hezbollah Tunnel Network, Southern Lebanon</name><styleUrl>#t-underground</styleUrl><description><![CDATA[<p><b>Section IX</b> &middot; underground</p><p>Israel&#x27;s Operation Northern Shield (Dec 2018 - Jan 2019) found and destroyed six Hezbollah cross-border attack tunnels from southern Lebanon.</p><p><a href="https://www.b0b.dev/report#IX">View in report</a></p>]]></description><TimeSpan><begin>2018-01-01</begin><end>2018-12-31</end></TimeSpan><Point><coordinates>35.203,33.0985,0</coordinates></Point></Placemark><Placemark><name>DMZ Tunnels, Korean Peninsula</name><styleUrl>#t-underground</styleUrl><description><![CDATA[<p><b>Section IX</b> &middot; underground</p><p>Four North Korean infiltration tunnels found since 15 Nov 1974. Third Tunnel: 1,635 m long, ~73 m deep; visitor information says it could move 30,000 men per hour. North Korea first denied it, then called it a coal mine; the rock is granite.</p><p><a href="https://www.b0b.dev/report#IX">View in report</a></p>]]></description><TimeSpan><begin>1974-01-01</begin><end>1974-12-31</end></TimeSpan><Point><coordinates>126.6986,37.9164,0</coordinates></Point></Placemark><Placemark><name>Balaklava Submarine Base, Crimea</name><styleUrl>#t-underground</styleUrl><description><![CDATA[<p><b>Section IX</b> &middot; underground</p><p>Object 825 GTS: Soviet submarine base inside Tavros mountain with exits on both sides and a canal to the open sea; caisson gates could seal it; built to protect crews from nuclear fallout. Closed 1993; now a naval museum.</p><p><a href="https://www.b0b.dev/report#IX">View in report</a></p>]]></description><Point><coordinates>33.597,44.4986,0</coordinates></Point></Placemark><Placemark><name>Cassidy International Airport, Kiritimati (Christmas Island)</name><styleUrl>#t-airport</styleUrl><description><![CDATA[<p><b>Section IX</b> &middot; airport</p><p>Kiritimati (Christmas Island). British Operation Grapple (1957-58): nine tests at Malden Island and Kiritimati. U.S. Operation Dominic (1962): airdrop tests off Christmas Island. Servicemen and islanders exposed to radiation. Population 7,369 (2020); the whole island is a wildlife sanctuary.</p><p><a href="https://www.b0b.dev/report#IX">View in report</a></p>]]></description><TimeSpan><begin>1957-01-01</begin><end>1957-12-31</end></TimeSpan><Point><coordinates>-157.35,1.9862,0</coordinates></Point></Placemark><Placemark><name>Esrange Space Center, Kiruna, Sweden</name><styleUrl>#t-satellite</styleUrl><description><![CDATA[<p><b>Section IX</b> &middot; satellite</p><p>Rocket range and satellite ground station ~40 km east of Kiruna, above the Arctic Circle; owned and operated by SSC Space. Hosts ESA and commercial programmes.</p><p><a href="https://www.b0b.dev/report#IX">View in report</a></p>]]></description><Point><coordinates>21.1042,67.8933,0</coordinates></Point></Placemark><Placemark><name>Woomera Range Complex, Australia</name><styleUrl>#t-military</styleUrl><description><![CDATA[<p><b>Section IX</b> &middot; military</p><p>Woomera Prohibited Area (~122,000 km²): the largest land-based defence and aerospace range in the world. Britain&#x27;s nuclear tests at Maralinga (1956-63) took place inside it; Anangu people were displaced and exposed. Former joint U.S.-Australian station at Nurrungar.</p><p><a href="https://www.b0b.dev/report#IX">View in report</a></p>]]></description><TimeSpan><begin>1956-01-01</begin><end>1956-12-31</end></TimeSpan><Point><coordinates>136.834,-31.1556,0</coordinates></Point></Placemark><Placemark><name>Kwajalein Atoll / Reagan Test Site, Marshall Islands</name><styleUrl>#t-military</styleUrl><description><![CDATA[<p><b>Section IX</b> &middot; military</p><p>U.S. Army missile testing facility. Space Fence radar installation. 67 nuclear tests on Bikini and Enewetak atolls (1946-58) - Marshallese people permanently displaced. Compact of Free Association gives U.S. military access in exchange for aid. Nuclear testing victims still seeking compensation.</p><p><a href="https://www.b0b.dev/report#IX">View in report</a></p>]]></description><TimeSpan><begin>1946-01-01</begin><end>1946-12-31</end></TimeSpan><Point><coordinates>167.73,8.72,0</coordinates></Point></Placemark><Placemark><name>Kourou, French Guiana - Guiana Space Centre</name><styleUrl>#t-satellite</styleUrl><description><![CDATA[<p><b>Section IX</b> &middot; satellite</p><p>Guiana Space Centre at Kourou, Europe&#x27;s spaceport since 1968: ~5°N, near the equator, which raises payload to geostationary orbit; open sea to the east. Ariane 6 launches since July 2024.</p><p><a href="https://www.b0b.dev/report#IX">View in report</a></p>]]></description><Point><coordinates>-52.6903,5.169,0</coordinates></Point></Placemark><Placemark><name>Derinkuyu Underground City, Cappadocia, Turkey</name><styleUrl>#t-underground</styleUrl><description><![CDATA[<p><b>Section IX</b> &middot; underground</p><p>Excavated to ~85 m, with rolling stone doors; large enough for as many as 20,000 people with livestock and stores. Linked to Kaymakli by 8-9 km of tunnels. Carved from volcanic tuff; fully formed in the Byzantine era.</p><p><a href="https://www.b0b.dev/report#IX">View in report</a></p>]]></description><Point><coordinates>34.7344,38.3736,0</coordinates></Point></Placemark><Placemark><name>MIT - Massachusetts Institute of Technology, Cambridge, MA</name><styleUrl>#t-technology</styleUrl><description><![CDATA[<p><b>Section IX</b> &middot; technology</p><p>MIT Radiation Laboratory (WWII): radar. Lincoln Laboratory (1951): SAGE air defence, missile defence, space surveillance - DoD-funded. Instrumentation Lab (now Draper): Apollo, ICBM and Trident guidance. Epstein gave MIT 10 gifts totalling $850,000 (2002-2017); the nine after his 2008 conviction included $525,000 to the Media Lab (Goodwin Procter report, Jan 2020).</p><p><a href="https://www.b0b.dev/report#IX">View in report</a></p>]]></description><TimeSpan><begin>1951-01-01</begin><end>1951-12-31</end></TimeSpan><Point><coordinates>-71.0942,42.3601,0</coordinates></Point></Placemark><Placemark><name>Stanford University, Palo Alto, CA</name><styleUrl>#t-technology</styleUrl><description><![CDATA[<p><b>Section IX</b> &middot; technology</p><p>Stanford Research Institute (1946) formally separated from Stanford in 1970 and kept defence contracts; SRI ran CIA/DIA-funded remote-viewing research in the 1970s-80s. SAIL: DARPA-funded AI research. Ken Kesey volunteered for a CIA-financed MKUltra drug study at the Menlo Park Veterans&#x27; Hospital (1959-60), an experience he wrote and lived out with the Merry Pranksters. Stanford alumni founded HP, Cisco, Yahoo and Google.</p><p><a href="https://www.b0b.dev/report#IX">View in report</a></p>]]></description><TimeSpan><begin>1970-09-01</begin><end>1970-09-28</end></TimeSpan><Point><coordinates>-122.1697,37.4275,0</coordinates></Point></Placemark><Placemark><name>Yale University, New Haven, CT</name><styleUrl>#t-technology</styleUrl><description><![CDATA[<p><b>Section IX</b> &middot; technology</p><p>Skull and Bones (founded 1832): members include George H.W. Bush (later CIA Director), George W. Bush, John Kerry and William F. Buckley Jr. Yale also produced James Jesus Angleton, CIA counterintelligence chief 1954-1975 (not a Bonesman). Yale&#x27;s José Delgado implanted radio-controlled brain electrodes - his 1963 bull demonstration was filmed in Córdoba, Spain.</p><p><a href="https://www.b0b.dev/report#IX">View in report</a></p>]]></description><TimeSpan><begin>1832-01-01</begin><end>1832-12-31</end></TimeSpan><Point><coordinates>-72.9223,41.3163,0</coordinates></Point></Placemark><Placemark><name>Harvard University, Cambridge, MA</name><styleUrl>#t-technology</styleUrl><description><![CDATA[<p><b>Section IX</b> &middot; technology</p><p>Henry Murray (OSS assessment veteran) ran stress experiments on undergraduates in 1959-62, recognised as purposefully abusive; Ted Kaczynski spent ~200 hours in the study (CIA funding alleged, not established). Timothy Leary and Richard Alpert&#x27;s Harvard Psilocybin Project, 1960-62. Henry Kissinger: Harvard professor, then National Security Advisor and Secretary of State.</p><p><a href="https://www.b0b.dev/report#IX">View in report</a></p>]]></description><TimeSpan><begin>1959-01-01</begin><end>1959-12-31</end></TimeSpan><Point><coordinates>-71.1167,42.377,0</coordinates></Point></Placemark><Placemark><name>Johns Hopkins University / APL, Laurel, MD</name><styleUrl>#t-technology</styleUrl><description><![CDATA[<p><b>Section IX</b> &middot; technology</p><p>Johns Hopkins Applied Physics Laboratory (1942): university-affiliated DoD research centre, budget ~$2.09B, 8,800 staff. Missile defence, Aegis, space systems, cyber. APL developed the WWII variable-time proximity fuze. Separately, Johns Hopkins Medicine&#x27;s psilocybin research under Roland Griffiths (2006-2023).</p><p><a href="https://www.b0b.dev/report#IX">View in report</a></p>]]></description><TimeSpan><begin>2006-01-01</begin><end>2006-12-31</end></TimeSpan><Point><coordinates>-76.8978,39.1667,0</coordinates></Point></Placemark><Placemark><name>University of Chicago, IL</name><styleUrl>#t-technology</styleUrl><description><![CDATA[<p><b>Section IX</b> &middot; technology</p><p>Chicago Pile-1: Fermi&#x27;s team achieved the first self-sustaining nuclear chain reaction on 2 December 1942 in a rackets court under the west stands of Stagg Field. Separately, the &#x27;Chicago Boys&#x27; - Chilean economists trained under Milton Friedman and Arnold Harberger - ran economic policy for Pinochet&#x27;s junta after the 1973 coup.</p><p><a href="https://www.b0b.dev/report#IX">View in report</a></p>]]></description><TimeStamp><when>1942-12-02</when></TimeStamp><Point><coordinates>-87.5987,41.7886,0</coordinates></Point></Placemark><Placemark><name>Columbia University, New York, NY</name><styleUrl>#t-technology</styleUrl><description><![CDATA[<p><b>Section IX</b> &middot; technology</p><p>Early Manhattan Project research at Columbia (Pupin Hall, 1939-42; later SAM Laboratories). New York State Psychiatric Institute, a Columbia affiliate: tennis player Harold Blauer died there in January 1953 after injections of a mescaline derivative in an Army Chemical Corps experiment. Zbigniew Brzezinski: Columbia professor, then Carter&#x27;s National Security Advisor during the covert aid to the Afghan mujahideen.</p><p><a href="https://www.b0b.dev/report#IX">View in report</a></p>]]></description><TimeSpan><begin>1942-01-01</begin><end>1942-12-31</end></TimeSpan><Point><coordinates>-73.9626,40.8075,0</coordinates></Point></Placemark><Placemark><name>Georgetown University, Washington D.C.</name><styleUrl>#t-technology</styleUrl><description><![CDATA[<p><b>Section IX</b> &middot; technology</p><p>Georgetown&#x27;s Walsh School of Foreign Service: training ground for U.S. diplomats and national-security officials. Center for Security and Emerging Technology (2019): AI and security think tank funded by Open Philanthropy and others. Alumnus Bill Clinton (SFS &#x27;68).</p><p><a href="https://www.b0b.dev/report#IX">View in report</a></p>]]></description><TimeSpan><begin>1950-01-01</begin><end>1950-12-31</end></TimeSpan><Point><coordinates>-77.0723,38.9076,0</coordinates></Point></Placemark><Placemark><name>University of California, Berkeley</name><styleUrl>#t-technology</styleUrl><description><![CDATA[<p><b>Section IX</b> &middot; technology</p><p>Ernest Lawrence&#x27;s Radiation Laboratory: cyclotron, plutonium work, Manhattan Project. UC ran Los Alamos and Livermore for decades and remains a partner in the LLCs that now hold both NNSA contracts. The FBI kept files on UC President Clark Kerr and Free Speech Movement leader Mario Savio and interfered with them under COINTELPRO.</p><p><a href="https://www.b0b.dev/report#IX">View in report</a></p>]]></description><TimeSpan><begin>1960-01-01</begin><end>1960-12-31</end></TimeSpan><Point><coordinates>-122.2585,37.8719,0</coordinates></Point></Placemark><Placemark><name>Caltech - California Institute of Technology, Pasadena</name><styleUrl>#t-technology</styleUrl><description><![CDATA[<p><b>Section IX</b> &middot; technology</p><p>Caltech manages JPL, a NASA FFRDC. Jack Parsons, a principal founder of JPL and Aerojet, led the Agape Lodge of Crowley&#x27;s Thelema in Pasadena and performed the &#x27;Babalon Working&#x27; with L. Ron Hubbard (1946); he died in a 1952 explosion ruled accidental. JPL later built the Ranger and Surveyor probes that scouted the Moon for Apollo.</p><p><a href="https://www.b0b.dev/report#IX">View in report</a></p>]]></description><TimeSpan><begin>1946-01-01</begin><end>1946-12-31</end></TimeSpan><Point><coordinates>-118.1253,34.1377,0</coordinates></Point></Placemark><Placemark><name>Princeton University / IDA, Princeton, NJ</name><styleUrl>#t-technology</styleUrl><description><![CDATA[<p><b>Section IX</b> &middot; technology</p><p>Institute for Defense Analyses (1956), founded under a university consortium that Princeton joined (oversight ended 1968); its Center for Communications Research, working for the NSA, has been in Princeton since 1959. JASON was first administered through IDA (1960). The separate Institute for Advanced Study hosted Einstein, Oppenheimer and von Neumann.</p><p><a href="https://www.b0b.dev/report#IX">View in report</a></p>]]></description><TimeSpan><begin>1960-01-01</begin><end>1960-12-31</end></TimeSpan><Point><coordinates>-74.6514,40.3431,0</coordinates></Point></Placemark><Placemark><name>University of Pennsylvania, Philadelphia</name><styleUrl>#t-technology</styleUrl><description><![CDATA[<p><b>Section IX</b> &middot; technology</p><p>Holmesburg Prison experiments (1951-1974): UPenn dermatologist Albert Kligman ran non-therapeutic tests on inmates, including dioxin, drugs and other agents, for the Army and industry (documented in Hornblum, &#x27;Acres of Skin&#x27;). ENIAC, the first programmable general-purpose electronic computer, was built at Penn under a WWII Army contract (1945).</p><p><a href="https://www.b0b.dev/report#IX">View in report</a></p>]]></description><TimeSpan><begin>1951-01-01</begin><end>1951-12-31</end></TimeSpan><Point><coordinates>-75.1932,39.9522,0</coordinates></Point></Placemark><Placemark><name>RAND Corporation, Santa Monica, CA</name><styleUrl>#t-technology</styleUrl><description><![CDATA[<p><b>Section IX</b> &middot; technology</p><p>Spun off from Project RAND (Douglas Aircraft/USAF) on 14 May 1948. Nuclear strategy and game theory; Herman Kahn&#x27;s &#x27;On Thermonuclear War&#x27;. Daniel Ellsberg worked here before leaking the Pentagon Papers. Paul Baran&#x27;s 1964 work at RAND on distributed communications was one of the two independent origins of packet switching.</p><p><a href="https://www.b0b.dev/report#IX">View in report</a></p>]]></description><TimeSpan><begin>1948-01-01</begin><end>1948-12-31</end></TimeSpan><Point><coordinates>-118.4953,34.0195,0</coordinates></Point></Placemark><Placemark><name>Tavistock Institute, London, UK</name><styleUrl>#t-technology</styleUrl><description><![CDATA[<p><b>Section IX</b> &middot; technology</p><p>Tavistock Institute of Human Relations, founded 20 Sept 1947 out of the Tavistock Clinic by staff including John Rawlings Rees and Wilfred Bion, after their WWII work on Army officer selection and morale. Work on group dynamics and sociotechnical systems (Eric Trist). Rees&#x27;s 1945 call for psychiatric &#x27;shock troops&#x27; is quoted from a lecture (attributed).</p><p><a href="https://www.b0b.dev/report#IX">View in report</a></p>]]></description><TimeSpan><begin>1947-01-01</begin><end>1947-12-31</end></TimeSpan><Point><coordinates>-0.128,51.525,0</coordinates></Point></Placemark><Placemark><name>École Polytechnique, Palaiseau, France</name><styleUrl>#t-technology</styleUrl><description><![CDATA[<p><b>Section IX</b> &middot; technology</p><p>Founded 1794 during the Revolution; militarised by Napoleon in 1804 and still under the Ministry of the Armed Forces. Its graduates staff the French state&#x27;s technical corps, the nuclear and aerospace sector and senior government.</p><p><a href="https://www.b0b.dev/report#IX">View in report</a></p>]]></description><TimeSpan><begin>1794-01-01</begin><end>1794-12-31</end></TimeSpan><Point><coordinates>2.2117,48.7147,0</coordinates></Point></Placemark><Placemark><name>Technion - Israel Institute of Technology, Haifa</name><styleUrl>#t-technology</styleUrl><description><![CDATA[<p><b>Section IX</b> &middot; technology</p><p>Israel&#x27;s premier STEM university. Unit 8200 (SIGINT) recruits heavily from Technion and produces founders: Check Point Software, NSO Group (Pegasus spyware), Cellebrite (phone forensics). The Technion→8200→startup pipeline: military surveillance training → commercial surveillance products. Pegasus zero-click spyware sold to governments that used it on journalists (Jamal Khashoggi&#x27;s associates, Mexican reporters, Indian activists). The university that trains the coders who build the spyware that surveils the journalists.</p><p><a href="https://www.b0b.dev/report#IX">View in report</a></p>]]></description><Point><coordinates>35.0235,32.7775,0</coordinates></Point></Placemark><Placemark><name>Moscow State University (MSU), Russia</name><styleUrl>#t-technology</styleUrl><description><![CDATA[<p><b>Section IX</b> &middot; technology</p><p>Russia&#x27;s flagship university; its main building (1953, 239 m spire) is the tallest of Stalin&#x27;s &#x27;Seven Sisters&#x27;.</p><p><a href="https://www.b0b.dev/report#IX">View in report</a></p>]]></description><TimeSpan><begin>1953-01-01</begin><end>1953-12-31</end></TimeSpan><Point><coordinates>37.5314,55.7033,0</coordinates></Point></Placemark><Placemark><name>Tsinghua University, Beijing, China</name><styleUrl>#t-technology</styleUrl><description><![CDATA[<p><b>Section IX</b> &middot; technology</p><p>China&#x27;s premier engineering university. Alumni include Xi Jinping (chemical engineering, 1979) and Hu Jintao (hydraulic engineering, 1964).</p><p><a href="https://www.b0b.dev/report#IX">View in report</a></p>]]></description><TimeSpan><begin>1979-01-01</begin><end>1979-12-31</end></TimeSpan><Point><coordinates>116.3267,39.9987,0</coordinates></Point></Placemark><Placemark><name>JASON - IDA / MITRE, McLean, VA</name><styleUrl>#t-technology</styleUrl><description><![CDATA[<p><b>Section IX</b> &middot; technology</p><p>JASON: independent scientific advisory group founded 1960, 30-60 members, mostly physicists, meeting in an annual summer study. Known work: the Vietnam-era McNamara Line, nuclear-weapons issues, early global-warming and acid-rain studies. Administered through the MITRE Corporation; DoD ended the contract in April 2019, then reinstated it.</p><p><a href="https://www.b0b.dev/report#IX">View in report</a></p>]]></description><TimeSpan><begin>1960-01-01</begin><end>1960-12-31</end></TimeSpan><Point><coordinates>-77.1773,38.9339,0</coordinates></Point></Placemark><Placemark><name>JASON Summer Study - La Jolla, CA</name><styleUrl>#t-technology</styleUrl><description><![CDATA[<p><b>Section IX</b> &middot; technology</p><p>JASON holds an annual summer study, historically in La Jolla, where its members - academics holding clearances - review problems for DoD, DOE and other sponsors.</p><p><a href="https://www.b0b.dev/report#IX">View in report</a></p>]]></description><Point><coordinates>-117.2713,32.8328,0</coordinates></Point></Placemark><Placemark><name>MITRE Corporation, Bedford, MA</name><styleUrl>#t-technology</styleUrl><description><![CDATA[<p><b>Section IX</b> &middot; technology</p><p>Not-for-profit spun out of MIT Lincoln Laboratory in 1958 (SAGE engineers). Manages six federally funded R&amp;D centres serving DoD, the FAA, the IRS and VA, DHS and others. Revenue $2.37B (2023). Administers the JASON advisory group.</p><p><a href="https://www.b0b.dev/report#IX">View in report</a></p>]]></description><TimeSpan><begin>1958-01-01</begin><end>1958-12-31</end></TimeSpan><Point><coordinates>-71.2756,42.4862,0</coordinates></Point></Placemark><Placemark><name>Lawrence Livermore National Laboratory, Livermore, CA</name><styleUrl>#t-technology</styleUrl><description><![CDATA[<p><b>Section IX</b> &middot; technology</p><p>Nuclear-weapons laboratory founded 2 Sept 1952 (Lawrence and Teller). Designed the W87 (Minuteman III) and later W80 variants. Its National Ignition Facility achieved fusion ignition on 5 Dec 2022: 3.15 MJ out from 2.05 MJ of laser energy. Run by UC until 2007, then by Lawrence Livermore National Security LLC.</p><p><a href="https://www.b0b.dev/report#IX">View in report</a></p>]]></description><TimeStamp><when>2022-12-05</when></TimeStamp><Point><coordinates>-121.71,37.69,0</coordinates></Point></Placemark><Placemark><name>Los Alamos National Laboratory, NM</name><styleUrl>#t-technology</styleUrl><description><![CDATA[<p><b>Section IX</b> &middot; technology</p><p>Manhattan Project laboratory (1943) under Oppenheimer; designed both Little Boy and Fat Man. The Trinity site is ~150 miles south. Still one of the two U.S. nuclear-weapons design laboratories. Los Alamos town: ~13,200 people (2020).</p><p><a href="https://www.b0b.dev/report#IX">View in report</a></p>]]></description><TimeSpan><begin>1943-01-01</begin><end>1943-12-31</end></TimeSpan><Point><coordinates>-106.306,35.88,0</coordinates></Point></Placemark><Placemark><name>Mt. Shasta, Siskiyou County, California</name><styleUrl>#t-underground</styleUrl><description><![CDATA[<p><b>Section IX</b> &middot; underground</p><p>14,179 ft stratovolcano. Subject of a Lemuria legend that grew from an 1880s mention to a hidden-city story by 1925-31 (Cerve). Lava tubes on its flanks. Sacred to Native peoples. Marked as an &#x27;entrance&#x27; on a 1978 &#x27;Inner-Earth&#x27; map (a private map, not a government one).</p><p><a href="https://www.b0b.dev/report#IX">View in report</a></p>]]></description><TimeSpan><begin>1978-01-01</begin><end>1978-12-31</end></TimeSpan><Point><coordinates>-122.1949,41.4092,0</coordinates></Point></Placemark><Placemark><name>Mt. Rainier, Washington</name><styleUrl>#t-underground</styleUrl><description><![CDATA[<p><b>Section IX</b> &middot; underground</p><p>14,411 ft, highest peak of the Cascades; summit steam caves. Kenneth Arnold&#x27;s 1947 sighting near the mountain gave rise to the term &#x27;flying saucers&#x27;. Paradise Ice Caves documented from 1908. Marked on a 1978 &#x27;Inner-Earth&#x27; map.</p><p><a href="https://www.b0b.dev/report#IX">View in report</a></p>]]></description><TimeSpan><begin>1947-01-01</begin><end>1947-12-31</end></TimeSpan><Point><coordinates>-121.7603,46.8523,0</coordinates></Point></Placemark><Placemark><name>Carlsbad Caverns, New Mexico</name><styleUrl>#t-underground</styleUrl><description><![CDATA[<p><b>Section IX</b> &middot; underground</p><p>119 known caves in a Permian reef (~265 million years). The Big Room - almost 4,000 ft long, 255 ft high - is the largest cave chamber in North America. Nearby Lechuguilla Cave is 1,588 ft deep, seventh-deepest in the U.S. Marked on a 1978 &#x27;Inner-Earth&#x27; map.</p><p><a href="https://www.b0b.dev/report#IX">View in report</a></p>]]></description><TimeSpan><begin>1978-01-01</begin><end>1978-12-31</end></TimeSpan><Point><coordinates>-104.4439,32.1753,0</coordinates></Point></Placemark><Placemark><name>Mammoth Cave, Kentucky</name><styleUrl>#t-underground</styleUrl><description><![CDATA[<p><b>Section IX</b> &middot; underground</p><p>Longest known cave system in the world: more than 426 miles surveyed (2025). Several levels, underground rivers. Prehistoric Native mining; saltpeter mining for gunpowder in the War of 1812; tuberculosis hospital in the cave (1840s). Marked on a 1978 &#x27;Inner-Earth&#x27; map.</p><p><a href="https://www.b0b.dev/report#IX">View in report</a></p>]]></description><TimeSpan><begin>1812-01-01</begin><end>1812-12-31</end></TimeSpan><Point><coordinates>-86.1004,37.1862,0</coordinates></Point></Placemark><Placemark><name>Lava Beds National Monument, California</name><styleUrl>#t-underground</styleUrl><description><![CDATA[<p><b>Section IX</b> &middot; underground</p><p>Hundreds of lava-tube caves on the flank of Medicine Lake Volcano, ~40 miles NE of Mount Shasta. In the Modoc War (1872-73) Kintpuash (Captain Jack)&#x27;s band held the lava beds against the U.S. Army for months before defeat. Marked on a 1978 &#x27;Inner-Earth&#x27; map.</p><p><a href="https://www.b0b.dev/report#IX">View in report</a></p>]]></description><TimeSpan><begin>1872-01-01</begin><end>1872-12-31</end></TimeSpan><Point><coordinates>-121.5076,41.7142,0</coordinates></Point></Placemark><Placemark><name>Yucca Mountain, Nevada</name><styleUrl>#t-underground</styleUrl><description><![CDATA[<p><b>Section IX</b> &middot; underground</p><p>Proposed high-level waste repository; ~5 miles of exploratory tunnel in volcanic tuff ~1,000 ft down. Funding ended April 2011 under Obama. Designed for 70,000 metric tons; U.S. spent fuel instead sits at 76 reactor sites in 34 states. ~45 miles SW of Area 51; on land claimed by the Western Shoshone under the 1863 Ruby Valley treaty.</p><p><a href="https://www.b0b.dev/report#IX">View in report</a></p>]]></description><TimeSpan><begin>2011-01-01</begin><end>2011-12-31</end></TimeSpan><Point><coordinates>-116.4282,36.8382,0</coordinates></Point></Placemark><Placemark><name>China Lake NAWS, Ridgecrest, California</name><styleUrl>#t-military</styleUrl><description><![CDATA[<p><b>Section IX</b> &middot; military</p><p>1.1 million acres - the U.S. Navy&#x27;s largest single landholding (85% of its land for weapons R&amp;D). Navy since 1943. The July 2019 Ridgecrest earthquakes (M6.4, M7.1) struck largely within the base; the M7.1 was California&#x27;s strongest since 1999. Marked on 1978 and 1996 &#x27;underground base&#x27; maps.</p><p><a href="https://www.b0b.dev/report#IX">View in report</a></p>]]></description><TimeSpan><begin>2019-07-01</begin><end>2019-07-28</end></TimeSpan><Point><coordinates>-117.6924,35.6856,0</coordinates></Point></Placemark><Placemark><name>Tonopah Test Range, Nevada</name><styleUrl>#t-military</styleUrl><description><![CDATA[<p><b>Section IX</b> &middot; military</p><p>DOE range managed by Sandia within the Nevada Test and Training Range. The F-117 Nighthawk wing operated secretly from its airfield from 1983, was acknowledged in November 1988, and moved to Holloman AFB around 1992. ~70 miles NW of Area 51.</p><p><a href="https://www.b0b.dev/report#IX">View in report</a></p>]]></description><TimeSpan><begin>1983-01-01</begin><end>1983-12-31</end></TimeSpan><Point><coordinates>-116.7808,37.7988,0</coordinates></Point></Placemark><Placemark><name>Dugway Proving Ground, Utah</name><styleUrl>#t-military</styleUrl><description><![CDATA[<p><b>Section IX</b> &middot; military</p><p>Army chemical and biological test range since 1942, 801,505 acres. 1968 Dugway sheep incident. Project SHAD-era open-air tests in the 1960s. On 26 Jan 2011 the base locked down when a vial of VX was temporarily lost; it was recovered the next day.</p><p><a href="https://www.b0b.dev/report#IX">View in report</a></p>]]></description><TimeSpan><begin>2011-01-01</begin><end>2011-12-31</end></TimeSpan><Point><coordinates>-112.9336,40.1756,0</coordinates></Point></Placemark><Placemark><name>Chaco Canyon, New Mexico</name><styleUrl>#t-underground</styleUrl><description><![CDATA[<p><b>Section IX</b> &middot; underground</p><p>UNESCO World Heritage. Ancestral Puebloan centre (c. 850-1250 CE): great houses with subterranean kivas, some aligned to solstices; prehistoric roads radiate to outlying sites. Labeled a &#x27;suspected ancient tunnel site&#x27; on a Four Corners map.</p><p><a href="https://www.b0b.dev/report#IX">View in report</a></p>]]></description><Point><coordinates>-107.9613,36.0604,0</coordinates></Point></Placemark><Placemark><name>Mt. Taylor, New Mexico</name><styleUrl>#t-underground</styleUrl><description><![CDATA[<p><b>Section IX</b> &middot; underground</p><p>11,301 ft; sacred to the Navajo (Tsoodził), Acoma, Laguna, Zuni and Hopi. The surrounding Grants belt was mined for uranium 1951-1989; Laguna Pueblo&#x27;s Jackpile Mine (1953-1982) was then the world&#x27;s largest open-pit uranium mine. Marked on a Four Corners map.</p><p><a href="https://www.b0b.dev/report#IX">View in report</a></p>]]></description><Point><coordinates>-107.6323,35.2733,0</coordinates></Point></Placemark><Placemark><name>Socorro, New Mexico</name><styleUrl>#t-technology</styleUrl><description><![CDATA[<p><b>Section IX</b> &middot; technology</p><p>New Mexico Tech and its Energetic Materials Research and Testing Center (explosives research). Trinity Site (first atomic test, 16 July 1945) ~35 miles SE; the Very Large Array ~40 miles W. Marked on a Four Corners map.</p><p><a href="https://www.b0b.dev/report#IX">View in report</a></p>]]></description><TimeStamp><when>1945-07-16</when></TimeStamp><Point><coordinates>-106.9013,34.0584,0</coordinates></Point></Placemark><Placemark><name>Paris Catacombs, France</name><styleUrl>#t-underground</styleUrl><description><![CDATA[<p><b>Section IX</b> &middot; underground</p><p>Ossuary holding remains of more than six million people, moved from overflowing cemeteries from 1786, in a fraction of Paris&#x27;s ~300 km of old limestone quarries. Used in WWII by the Resistance and by German forces. Only a short stretch is open to visitors; cataphiles enter the rest illegally.</p><p><a href="https://www.b0b.dev/report#IX">View in report</a></p>]]></description><TimeSpan><begin>1786-01-01</begin><end>1786-12-31</end></TimeSpan><Point><coordinates>2.3322,48.8338,0</coordinates></Point></Placemark><Placemark><name>Edinburgh Vaults, Scotland</name><styleUrl>#t-underground</styleUrl><description><![CDATA[<p><b>Section IX</b> &middot; underground</p><p>South Bridge Vaults: about 120 rooms in the nineteen arches of South Bridge (completed 1788), used for taverns, workshops and lodgings for about 30 years, then abandoned. Nearby Mary King&#x27;s Close, a 17th-century street, lies beneath the former Royal Exchange (City Chambers).</p><p><a href="https://www.b0b.dev/report#IX">View in report</a></p>]]></description><TimeSpan><begin>1788-01-01</begin><end>1788-12-31</end></TimeSpan><Point><coordinates>-3.1883,55.949,0</coordinates></Point></Placemark><Placemark><name>Kaymakli Underground City, Cappadocia, Turkey</name><styleUrl>#t-underground</styleUrl><description><![CDATA[<p><b>Section IX</b> &middot; underground</p><p>Eight levels (four open). Connected to Derinkuyu by 8-9 km of tunnels. Used by Byzantine Christians as a refuge from Arab raids (780-1180); abandoned after the 1923 population exchange. Nearly a hundred tunnels still serve the village above.</p><p><a href="https://www.b0b.dev/report#IX">View in report</a></p>]]></description><Point><coordinates>34.7525,38.4575,0</coordinates></Point></Placemark><Placemark><name>Wieliczka Salt Mine, Poland</name><styleUrl>#t-underground</styleUrl><description><![CDATA[<p><b>Section IX</b> &middot; underground</p><p>UNESCO World Heritage. Mined from the 13th century until 1996; 327 m deep, over 287 km of passages and chambers. Underground chapels (St Kinga&#x27;s, with rock-salt chandeliers), lakes and a sanatorium. Now a museum.</p><p><a href="https://www.b0b.dev/report#IX">View in report</a></p>]]></description><Point><coordinates>20.0553,49.9833,0</coordinates></Point></Placemark><Placemark><name>Coober Pedy, South Australia</name><styleUrl>#t-underground</styleUrl><description><![CDATA[<p><b>Section IX</b> &middot; underground</p><p>Opal-mining town founded 1915. Many residents live in &#x27;dugouts&#x27; below ground to escape the heat; underground churches, hotels and shops. Population 1,437 (2021). Marked on an underground-city map.</p><p><a href="https://www.b0b.dev/report#IX">View in report</a></p>]]></description><TimeSpan><begin>1915-01-01</begin><end>1915-12-31</end></TimeSpan><Point><coordinates>134.7544,-29.0135,0</coordinates></Point></Placemark><Placemark><name>Naica Mine, Chihuahua, Mexico</name><styleUrl>#t-underground</styleUrl><description><![CDATA[<p><b>Section IX</b> &middot; underground</p><p>Cave of the Crystals: giant selenite crystals in a chamber ~300 m down in the Naica mine; up to 58°C and 90-99% humidity - about ten minutes&#x27; exposure without protection. Discovered April 2000; flooded again after pumping stopped (2015).</p><p><a href="https://www.b0b.dev/report#IX">View in report</a></p>]]></description><TimeSpan><begin>2000-01-01</begin><end>2000-12-31</end></TimeSpan><Point><coordinates>-105.4967,27.8514,0</coordinates></Point></Placemark><Placemark><name>Lalibela Rock-Hewn Churches, Ethiopia</name><styleUrl>#t-underground</styleUrl><description><![CDATA[<p><b>Section IX</b> &middot; underground</p><p>Eleven monolithic churches cut down into the bedrock (12th-13th century), connected by passages; UNESCO World Heritage. Bete Giyorgis is cruciform, carved ~40 ft into a pit.</p><p><a href="https://www.b0b.dev/report#IX">View in report</a></p>]]></description><Point><coordinates>39.0472,12.0319,0</coordinates></Point></Placemark><Placemark><name>Wuhan Institute of Virology (BSL-4) - Wuhan, China</name><styleUrl>#t-technology</styleUrl><description><![CDATA[<p><b>Section IX</b> &middot; technology</p><p>Wuhan Institute of Virology (Chinese Academy of Sciences, founded 1956). Its National Biosafety Laboratory - mainland China&#x27;s first BSL-4 - was built in 2014-15 for ~300 million yuan (US$44 million) with French assistance and opened in 2018. A central subject of COVID-19 origin investigations.</p><p><a href="https://www.b0b.dev/report#IX">View in report</a></p>]]></description><TimeSpan><begin>2018-01-01</begin><end>2018-12-31</end></TimeSpan><Point><coordinates>114.2611,30.3769,0</coordinates></Point></Placemark><Placemark><name>TSMC / Hsinchu Science Park - Hsinchu, Taiwan</name><styleUrl>#t-technology</styleUrl><description><![CDATA[<p><b>Section IX</b> &middot; technology</p><p>Hsinchu Science Park hosts TSMC&#x27;s headquarters and R&amp;D and its 2 nm Fab 20; TSMC&#x27;s other leading-edge fabs are in Tainan (Fab 18) and Kaohsiung (Fab 22). Press estimates put ~90% of the world&#x27;s most advanced chips in TSMC&#x27;s Taiwan fabs - the basis of the &#x27;Silicon Shield&#x27; argument (Foreign Policy, 2025).</p><p><a href="https://www.b0b.dev/report#IX">View in report</a></p>]]></description><Point><coordinates>120.993,24.7773,0</coordinates></Point></Placemark><Placemark><name>ITER Fusion Reactor - Saint-Paul-lès-Durance, France</name><styleUrl>#t-technology</styleUrl><description><![CDATA[<p><b>Section IX</b> &middot; technology</p><p>The 35-nation ITER tokamak at Cadarache aims to produce 500 MW of fusion power from 50 MW of heating (gain of 10). Initial budget close to €6 billion; construction and operation now projected at €18-22 billion, with outside estimates of $45-65 billion that ITER disputes.</p><p><a href="https://www.b0b.dev/report#IX">View in report</a></p>]]></description><Point><coordinates>5.7776,43.7071,0</coordinates></Point></Placemark><Placemark><name>Oak Ridge National Laboratory - Oak Ridge, Tennessee, USA</name><styleUrl>#t-technology</styleUrl><description><![CDATA[<p><b>Section IX</b> &middot; technology</p><p>Established in 1943 as the Manhattan Project&#x27;s plutonium-piloting &#x27;Secret City&#x27; (population eventually ~75,000), ORNL is now the DOE&#x27;s largest science and energy lab and hosts Frontier, the world&#x27;s first exascale supercomputer, built with HPE Cray and AMD for about US$600 million. Source: Wikipedia / Undark / HPE (en.wikipedia.org/wiki/Frontier_(supercomputer)).</p><p><a href="https://www.b0b.dev/report#IX">View in report</a></p>]]></description><TimeSpan><begin>1943-01-01</begin><end>1943-12-31</end></TimeSpan><Point><coordinates>-84.3119,35.9301,0</coordinates></Point></Placemark><Placemark><name>RIKEN Center for Computational Science (Fugaku) - Kobe, Japan</name><styleUrl>#t-technology</styleUrl><description><![CDATA[<p><b>Section IX</b> &middot; technology</p><p>RIKEN R-CCS on Kobe&#x27;s Port Island houses Fugaku: 158,976 Fujitsu A64FX nodes, 442 PFLOPS on TOP500 (Rmax, after upgrade). Fastest in the world June 2020 - June 2022 and the first ARM-based #1. Successor to the K computer.</p><p><a href="https://www.b0b.dev/report#IX">View in report</a></p>]]></description><TimeSpan><begin>2020-06-01</begin><end>2020-06-28</end></TimeSpan><Point><coordinates>135.2207,34.6529,0</coordinates></Point></Placemark><Placemark><name>Huawei Ox Horn Campus - Dongguan, China</name><styleUrl>#t-technology</styleUrl><description><![CDATA[<p><b>Section IX</b> &middot; technology</p><p>Huawei&#x27;s ~300-acre R&amp;D campus on Songshan Lake, opened June 2018 at a cost of ~US$1.5 billion, is built as 12 villages replicating European cities (Paris, Verona, Freiburg) linked by an imported Swiss red train, and houses tens of thousands of researchers at a company central to US–China tech-sanctions disputes. Source: Wikipedia / Yahoo Finance (en.wikipedia.org/wiki/Huawei_Ox_Horn_Campus).</p><p><a href="https://www.b0b.dev/report#IX">View in report</a></p>]]></description><TimeSpan><begin>2019-01-01</begin><end>2019-12-31</end></TimeSpan><Point><coordinates>113.8819,22.8804,0</coordinates></Point></Placemark><Placemark><name>Olsztyn-Mazury Airport (Szymany), Poland</name><styleUrl>#t-airport</styleUrl><description><![CDATA[<p><b>Section IX</b> &middot; airport</p><p>A remote airfield where a Council of Europe inquiry found at least seven CIA-linked flights landed in 2002-2003, delivering high-value detainees to the nearby Stare Kiejkuty intelligence base ~12 miles away; Gulfstream jets reportedly bypassed customs. Khalid Sheikh Mohammed is said to have been held and waterboarded near here. Source: Worldcrunch, &#x27;Inside a Secret CIA Prison in the Polish Countryside&#x27;; CBS News, &#x27;Polish Logs Confirm CIA Rendition Flights&#x27;.</p><p><a href="https://www.b0b.dev/report#IX">View in report</a></p>]]></description><TimeSpan><begin>2002-01-01</begin><end>2002-12-31</end></TimeSpan><Point><coordinates>20.9473,53.4875,0</coordinates></Point></Placemark><Placemark><name>Wenchang Space Launch Site, Hainan, China</name><styleUrl>#t-satellite</styleUrl><description><![CDATA[<p><b>Section IX</b> &middot; satellite</p><p>China&#x27;s southernmost spaceport (19°N), operational since June 2016. Unlike the inland sites it receives rocket stages by sea from Tianjin, avoiding rail size limits; the only launch site of the Long March 5 and 7, which lifted the Tiangong modules.</p><p><a href="https://www.b0b.dev/report#IX">View in report</a></p>]]></description><TimeSpan><begin>2016-01-01</begin><end>2016-12-31</end></TimeSpan><Point><coordinates>110.9598,19.6286,0</coordinates></Point></Placemark><Placemark><name>Jiuquan Satellite Launch Center, Inner Mongolia, China</name><styleUrl>#t-satellite</styleUrl><description><![CDATA[<p><b>Section IX</b> &middot; satellite</p><p>China&#x27;s first launch centre (Dong Fang Hong I, 1970; Shenzhou 5, 2003), in the Gobi across Ejin Banner (Inner Mongolia) and Jinta (Gansu); all Chinese crewed launches have left from here. Operated by the PLA.</p><p><a href="https://www.b0b.dev/report#IX">View in report</a></p>]]></description><Point><coordinates>100.2838,40.965,0</coordinates></Point></Placemark><Placemark><name>Satish Dhawan Space Centre, Sriharikota, India</name><styleUrl>#t-satellite</styleUrl><description><![CDATA[<p><b>Section IX</b> &middot; satellite</p><p>India&#x27;s primary spaceport, on a barrier island off the Bay of Bengal, from which ISRO launches its PSLV and GSLV/LVM3 rockets including the Chandrayaan and Mangalyaan interplanetary missions; the near-equatorial coastal site allows spent stages to drop safely over the sea. Source: ISRO, isro.gov.in; Wikipedia / Satish Dhawan Space Centre.</p><p><a href="https://www.b0b.dev/report#IX">View in report</a></p>]]></description><Point><coordinates>80.23,13.72,0</coordinates></Point></Placemark><Placemark><name>Mittelwerk / Mittelbau-Dora Underground V-2 Factory, Nordhausen</name><styleUrl>#t-underground</styleUrl><description><![CDATA[<p><b>Section IX</b> &middot; underground</p><p>Underground factory in a former gypsum mine in the Kohnstein, built with slave labour from the Mittelbau-Dora camp to produce V-2 missiles and later V-1s. About 60,000 prisoners passed through the camp in 1943-45; around one in three (~20,000) died - more than the V-2 killed in its attacks.</p><p><a href="https://www.b0b.dev/report#IX">View in report</a></p>]]></description><TimeSpan><begin>1943-01-01</begin><end>1943-12-31</end></TimeSpan><Point><coordinates>10.7507,51.5345,0</coordinates></Point></Placemark><Placemark><name>Gran Sasso National Laboratory (LNGS), Assergi</name><styleUrl>#t-underground</styleUrl><description><![CDATA[<p><b>Section IX</b> &middot; underground</p><p>INFN laboratory beside the Gran Sasso highway tunnel under ~1,400 m of rock, operational since 1987; three main halls, 180,000 m³ in total. Dark-matter and neutrino experiments; endpoint of the 2011 CERN-OPERA neutrino-speed measurement. Long the world&#x27;s largest underground lab, a title China&#x27;s CJPL-II now claims.</p><p><a href="https://www.b0b.dev/report#IX">View in report</a></p>]]></description><TimeSpan><begin>1987-01-01</begin><end>1987-12-31</end></TimeSpan><Point><coordinates>13.5162,42.4211,0</coordinates></Point></Placemark><Placemark><name>ASML Headquarters - Veldhoven, Netherlands</name><styleUrl>#t-technology</styleUrl><description><![CDATA[<p><b>Section IX</b> &middot; technology</p><p>ASML is the only firm on Earth able to build extreme-ultraviolet (EUV) lithography machines — bus-sized systems priced around €150 million each — and holds effectively 100% of the EUV market; the Netherlands has barred EUV exports to China since 2019 under US pressure, making Veldhoven a linchpin of the global chip war. Source: Silicon Canals / Wikipedia (en.wikipedia.org/wiki/ASML).</p><p><a href="https://www.b0b.dev/report#IX">View in report</a></p>]]></description><TimeSpan><begin>2019-01-01</begin><end>2019-12-31</end></TimeSpan><Point><coordinates>5.417,51.4044,0</coordinates></Point></Placemark><Placemark><name>NSO Group Headquarters - Herzliya, Israel</name><styleUrl>#t-technology</styleUrl><description><![CDATA[<p><b>Section IX</b> &middot; technology</p><p>The Israeli cyber-intelligence firm NSO Group, founded 2010, develops Pegasus — a zero-click smartphone spyware classified as a military export and licensed sale-by-sale by the Israeli government. Investigations documented its use against journalists, activists and Palestinian NGO staff, and the US blacklisted the company in 2021. Source: Wikipedia / Amnesty International / OCCRP Pegasus Project (en.wikipedia.org/wiki/NSO_Group).</p><p><a href="https://www.b0b.dev/report#IX">View in report</a></p>]]></description><TimeSpan><begin>2010-01-01</begin><end>2010-12-31</end></TimeSpan><Point><coordinates>34.8469,32.1656,0</coordinates></Point></Placemark><Placemark><name>VECTOR State Research Center of Virology - Koltsovo, Russia</name><styleUrl>#t-technology</styleUrl><description><![CDATA[<p><b>Section IX</b> &middot; technology</p><p>Founded 1974 within the Soviet Biopreparat network, VECTOR is one of only two WHO-authorized repositories on Earth for the live variola (smallpox) virus, with BSL-1 to BSL-4 capability and ~1,614 staff. A 2019 explosion at the facility drew global attention to its pathogen stocks. Source: Wikipedia / Slate (en.wikipedia.org/wiki/State_Research_Center_of_Virology_and_Biotechnology_VECTOR).</p><p><a href="https://www.b0b.dev/report#IX">View in report</a></p>]]></description><TimeSpan><begin>1974-01-01</begin><end>1974-12-31</end></TimeSpan><Point><coordinates>83.1871,54.9368,0</coordinates></Point></Placemark><Placemark><name>DARPA Headquarters - Arlington, Virginia, USA</name><styleUrl>#t-technology</styleUrl><description><![CDATA[<p><b>Section IX</b> &middot; technology</p><p>The Defense Advanced Research Projects Agency, created February 7, 1958 in response to Sputnik, funds the Pentagon&#x27;s emerging-technology research (its ARPANET work seeded the internet). Its 13-story, 353,000 sq ft Ballston headquarters at 675 North Randolph Street meets DoD anti-terrorism standards with an 82-foot secured perimeter. Source: Wikipedia / CoStar (en.wikipedia.org/wiki/DARPA).</p><p><a href="https://www.b0b.dev/report#IX">View in report</a></p>]]></description><TimeStamp><when>1958-02-07</when></TimeStamp><Point><coordinates>-77.1086,38.8787,0</coordinates></Point></Placemark><Placemark><name>Long Tieng (Lima Site 20A), Laos</name><styleUrl>#t-airport</styleUrl><description><![CDATA[<p><b>Section IX</b> &middot; airport</p><p>A CIA-run airbase and &#x27;secret city&#x27; that was the unofficial headquarters of the Secret War in Laos; at its peak the single airstrip handled around 900 daily takeoffs and landings, making it one of the busiest airfields in the world, while the surrounding town of 40,000 never appeared on maps. Source: CNN Travel, &#x27;Long Tieng, Laos: Once the most secret place on Earth&#x27;; Wikipedia / Long Tieng.</p><p><a href="https://www.b0b.dev/report#IX">View in report</a></p>]]></description><Point><coordinates>102.9235,19.1078,0</coordinates></Point></Placemark><Placemark><name>Pinal Airpark (Marana), Arizona, USA</name><styleUrl>#t-airport</styleUrl><description><![CDATA[<p><b>Section IX</b> &middot; airport</p><p>During the Vietnam era, Marana was the headquarters of all CIA air operations and the main U.S. maintenance base for Intermountain Airlines, a CIA front supporting Air America; later acquired by Evergreen, it is today the world&#x27;s largest commercial-aircraft storage and heavy-maintenance boneyard. Source: Center for Land Use Interpretation, clui.org; Wikipedia / Pinal Airpark.</p><p><a href="https://www.b0b.dev/report#IX">View in report</a></p>]]></description><Point><coordinates>-111.3325,32.5111,0</coordinates></Point></Placemark><Placemark><name>Udorn Royal Thai Air Force Base, Udon Thani, Thailand</name><styleUrl>#t-airport</styleUrl><description><![CDATA[<p><b>Section IX</b> &middot; airport</p><p>The Asian headquarters of Air America, the CIA&#x27;s covertly owned airline, and one of five Thai bases used covertly by the U.S. from 1961; it also hosted &#x27;Headquarters 333,&#x27; the Thai command directing forces in Laos. Air America ran operations into Laos from Udorn until June 1974. Source: Wikipedia / Udorn Royal Thai Air Force Base; Grey Dynamics, &#x27;Project 404&#x27;.</p><p><a href="https://www.b0b.dev/report#IX">View in report</a></p>]]></description><TimeSpan><begin>1974-06-01</begin><end>1974-06-28</end></TimeSpan><Point><coordinates>102.7883,17.3864,0</coordinates></Point></Placemark><Placemark><name>Transit Center at Manas, Bishkek, Kyrgyzstan</name><styleUrl>#t-airport</styleUrl><description><![CDATA[<p><b>Section IX</b> &middot; airport</p><p>A key U.S. logistics hub for the Afghanistan war until 2014, at the center of a fuel-contracting scandal: a 2010 congressional probe found offshore suppliers Mina Corp and Red Star Enterprises had won over $1 billion in Pentagon contracts and imported jet fuel via opaque structures allegedly deceiving Russia. Source: Eurasianet, &#x27;Deconstructing Manas Fuel Suppliers&#x27; Corporate Structures&#x27;; U.S. House Oversight subcommittee report (Dec. 2010).</p><p><a href="https://www.b0b.dev/report#IX">View in report</a></p>]]></description><TimeSpan><begin>2010-01-01</begin><end>2010-12-31</end></TimeSpan><Point><coordinates>74.4694,43.0503,0</coordinates></Point></Placemark><Placemark><name>Eloy Alfaro Air Base (FOL Manta), Ecuador</name><styleUrl>#t-airport</styleUrl><description><![CDATA[<p><b>Section IX</b> &middot; airport</p><p>From 1999 to 2009 the U.S. ran this coastal base as a Forward Operating Location, flying E-3 Sentry and P-3 Orion surveillance missions across a 6,400 km swath feeding intelligence to Joint Interagency Task Force South; Manta flights accounted for about 60% of eastern-Pacific drug interdictions before Ecuador declined to renew the lease. Source: GlobalSecurity.org, &#x27;Eloy Alfaro Air Base / FOL Manta&#x27;; Air &amp; Space Forces Magazine.</p><p><a href="https://www.b0b.dev/report#IX">View in report</a></p>]]></description><TimeSpan><begin>1999-01-01</begin><end>1999-12-31</end></TimeSpan><Point><coordinates>-80.6786,-0.9458,0</coordinates></Point></Placemark><Placemark><name>Sohae Satellite Launching Station (Tongchang-ri), North Korea</name><styleUrl>#t-satellite</styleUrl><description><![CDATA[<p><b>Section IX</b> &middot; satellite</p><p>North Korea&#x27;s principal rocket-launch and engine-test facility near the Chinese border, used for satellite launches widely assessed as covers for long-range ballistic-missile development; commercial-satellite analysts (38 North, CSIS) closely track its gantry and engine-stand expansions. Source: 38 North (Stimson Center), 38north.org; CSIS Beyond Parallel, beyondparallel.csis.org.</p><p><a href="https://www.b0b.dev/report#IX">View in report</a></p>]]></description><Point><coordinates>124.705,39.66,0</coordinates></Point></Placemark><Placemark><name>Sonnenberg Tunnel Civil Defense Shelter, Lucerne, Switzerland</name><styleUrl>#t-underground</styleUrl><description><![CDATA[<p><b>Section IX</b> &middot; underground</p><p>Built 1971-1976, this twin-bore motorway tunnel doubled as the world&#x27;s largest civilian nuclear fallout shelter, engineered to hold 20,000 people behind 350-tonne blast doors, with a seven-storey central cavern housing a command post, hospital, radio studio and prison cells. Switzerland cut its rated capacity to 2,000 in 2002 after concluding the dual-use design was unworkable. Source: Swiss Review (swisscommunity.org); Wikipedia, &#x27;Sonnenberg Tunnel&#x27;.</p><p><a href="https://www.b0b.dev/report#IX">View in report</a></p>]]></description><TimeSpan><begin>1971-01-01</begin><end>1971-12-31</end></TimeSpan><Point><coordinates>8.2808,47.0341,0</coordinates></Point></Placemark><Placemark><name>Olavsvern Naval Base, Ramfjord, Tromsø</name><styleUrl>#t-underground</styleUrl><description><![CDATA[<p><b>Section IX</b> &middot; underground</p><p>Cold War Royal Norwegian Navy submarine base blasted into a mountain near Tromsø: 25,000 m² inside under ~274 m of rock. Decommissioned and sold in 2013 for NOK 38 million; then rented by companies linked to Russia&#x27;s Gazprom, which alarmed Norwegian officers. Bought by a Wilhelmsen subsidiary in 2019.</p><p><a href="https://www.b0b.dev/report#IX">View in report</a></p>]]></description><TimeSpan><begin>2013-01-01</begin><end>2013-12-31</end></TimeSpan><Point><coordinates>19.0125,69.5309,0</coordinates></Point></Placemark><Placemark><name>Onkalo Spent Nuclear Fuel Repository, Olkiluoto</name><styleUrl>#t-underground</styleUrl><description><![CDATA[<p><b>Section IX</b> &middot; underground</p><p>World&#x27;s first deep geological repository for spent nuclear fuel, built by Posiva ~430 m down in ancient bedrock at Olkiluoto; capacity 6,500 tonnes of uranium, isolation for 100,000 years. Scheduled to begin operation by 2026.</p><p><a href="https://www.b0b.dev/report#IX">View in report</a></p>]]></description><Point><coordinates>21.4908,61.2341,0</coordinates></Point></Placemark><Placemark><name>China Jinping Underground Laboratory (CJPL), Sichuan</name><styleUrl>#t-underground</styleUrl><description><![CDATA[<p><b>Section IX</b> &middot; underground</p><p>Now the world&#x27;s deepest and largest underground laboratory, sited beside a hydropower traffic tunnel under 2,400 m of rock beneath Jinping Mountain; its CJPL-II expansion, operational December 2023, spans about 330,000 cubic metres and overtook Italy&#x27;s Gran Sasso in both depth and volume. It houses the PandaX and CDEX dark-matter searches. Source: Scientific American; Wikipedia, &#x27;China Jinping Underground Laboratory&#x27;.</p><p><a href="https://www.b0b.dev/report#IX">View in report</a></p>]]></description><TimeSpan><begin>2023-12-01</begin><end>2023-12-28</end></TimeSpan><Point><coordinates>101.7114,28.1532,0</coordinates></Point></Placemark><Placemark><name>Waste Isolation Pilot Plant (WIPP), Carlsbad</name><styleUrl>#t-underground</styleUrl><description><![CDATA[<p><b>Section IX</b> &middot; underground</p><p>The only U.S. deep geologic repository for defense transuranic (mostly plutonium-contaminated) waste, with disposal rooms mined 2,150 feet down into a 2,000-foot-thick, 250-million-year-old salt bed that slowly creeps shut to encapsulate the waste. Operating since 1999, it suffered a 2014 radiological release from a chemically reactive waste drum that shut the facility for years. Source: U.S. Department of Energy (energy.gov); EPA (epa.gov).</p><p><a href="https://www.b0b.dev/report#IX">View in report</a></p>]]></description><TimeSpan><begin>2014-01-01</begin><end>2014-12-31</end></TimeSpan><Point><coordinates>-103.7936,32.3717,0</coordinates></Point></Placemark><Placemark><name>Kelvedon Hatch Secret Nuclear Bunker, Essex</name><styleUrl>#t-underground</styleUrl><description><![CDATA[<p><b>Section IX</b> &middot; underground</p><p>A three-storey Cold War bunker sunk about 125 feet under an ordinary-looking Essex bungalow, walls of 10 feet of reinforced concrete inside a Faraday cage, designed as a Regional Government Headquarters for up to 600 personnel (potentially including the Prime Minister) to administer survivors after a nuclear strike. Decommissioned in 1992 and now a museum. Source: Wikipedia, &#x27;Kelvedon Hatch Secret Nuclear Bunker&#x27;; Nuclear Essex (nuclearessex.com).</p><p><a href="https://www.b0b.dev/report#IX">View in report</a></p>]]></description><TimeSpan><begin>1992-01-01</begin><end>1992-12-31</end></TimeSpan><Point><coordinates>0.2547,51.6743,0</coordinates></Point></Placemark><Placemark><name>Bunker-42 (Tagansky Protected Command Point), Moscow</name><styleUrl>#t-underground</styleUrl><description><![CDATA[<p><b>Section IX</b> &middot; underground</p><p>A 7,000-square-metre command complex, &#x27;Facility-02,&#x27; built from 1950 on Stalin&#x27;s orders 65 metres beneath Moscow near Taganskaya metro, intended as a bomb-proof refuge and command post for Soviet strategic nuclear-armed bombers. Staff were reportedly bused in windowless vehicles and kept unaware of its location; it now operates as a Cold War museum. Source: Rusmania (rusmania.com); Wikipedia, &#x27;Tagansky Protected Command Point&#x27;.</p><p><a href="https://www.b0b.dev/report#IX">View in report</a></p>]]></description><TimeSpan><begin>1950-01-01</begin><end>1950-12-31</end></TimeSpan><Point><coordinates>37.6493,55.7417,0</coordinates></Point></Placemark><Placemark><name>Mount Pony Federal Reserve Bunker (Culpeper Switch), Virginia</name><styleUrl>#t-underground</styleUrl><description><![CDATA[<p><b>Section IX</b> &middot; underground</p><p>A radiation-hardened 140,000-square-foot bunker excavated into Mount Pony in 1969 as the Federal Reserve&#x27;s continuity-of-government center; it stored roughly USD 4 billion in shrink-wrapped currency to restart the economy after nuclear war and ran the &#x27;Culpeper Switch&#x27; handling the Fed&#x27;s national wire transfers from 1970-1988. Now the Library of Congress Packard Campus audio-visual archive. Source: Gizmodo/Paleofuture; FAS Nuclear Forces (nuke.fas.org); Wikipedia, &#x27;National Audio-Visual Conservation Center&#x27;.</p><p><a href="https://www.b0b.dev/report#IX">View in report</a></p>]]></description><TimeSpan><begin>1969-01-01</begin><end>1969-12-31</end></TimeSpan><Point><coordinates>-77.9731,38.442,0</coordinates></Point></Placemark><Placemark><name>Projekt Riese Underground Complex, Owl Mountains</name><styleUrl>#t-underground</styleUrl><description><![CDATA[<p><b>Section IX</b> &middot; underground</p><p>An unfinished Nazi network code-named &#x27;Riese&#x27; (Giant) begun 1943-45 across seven sites in the Owl Mountains and Książ Castle, with about 90,000 cubic metres of tunnels excavated (only ~11% concrete-lined) and its true purpose - Führer headquarters or weapons plant - still undocumented. Built by forced laborers who died in large numbers from disease, starvation and cave-ins. Source: Wikipedia, &#x27;Project Riese&#x27;; Atlas Obscura.</p><p><a href="https://www.b0b.dev/report#IX">View in report</a></p>]]></description><TimeSpan><begin>1943-01-01</begin><end>1943-12-31</end></TimeSpan><Point><coordinates>16.3256,50.8071,0</coordinates></Point></Placemark><Placemark><name>Željava Underground Air Base (Objekt Klek 505), near Bihać</name><styleUrl>#t-underground</styleUrl><description><![CDATA[<p><b>Section IX</b> &middot; underground</p><p>Yugoslavia&#x27;s largest air base and underground hangar, under Plješevica mountain on the Croatia-Bosnia border near Bihać; designed to survive a direct 20-kiloton nuclear hit; four runways, the longest 2,500 m. The withdrawing Yugoslav army blew it up in 1992.</p><p><a href="https://www.b0b.dev/report#IX">View in report</a></p>]]></description><TimeSpan><begin>1957-01-01</begin><end>1957-12-31</end></TimeSpan><Point><coordinates>15.7581,44.8364,0</coordinates></Point></Placemark></Folder><Folder><name>Section X (147)</name><open>0</open><Placemark><name>The Octagon (State Strategic Command Center) - New Capital, Egypt</name><styleUrl>#t-military</styleUrl><description><![CDATA[<p><b>Section X</b> &middot; military</p><p>Egypt&#x27;s Ministry of Defence headquarters, inaugurated July 2026. Official name: State Strategic Command Center. 22,000 acres (89 km²) across 13 zones, ~1,160 acres of floor area, eight buildings set around a ring; the Pentagon is one building of about 29 acres. Sits inside the New Capital, 45 km east of Cairo, whose governing vehicle ACUD is 51% Ministry of Defence, alongside 6,000+ AI cameras and the Iconic Tower (393.8m). Who financed the complex is not in the public record: US FMF ($1.3bn/yr since 1987) is disbursed to US contractors from a Federal Reserve Bank of New York account and cannot buy Egyptian construction; CSCEC financing is documented for the CBD, not for this; no Israeli funding is documented at any tier — Israeli coverage of the Octagon is the worried kind.</p><p><a href="https://www.b0b.dev/report#X">View in report</a></p>]]></description><TimeSpan><begin>2026-07-01</begin><end>2026-07-28</end></TimeSpan><Point><coordinates>31.653917,29.937917,0</coordinates></Point></Placemark><Placemark><name>Tura–Masara limestone quarries, Egypt</name><styleUrl>#t-underground</styleUrl><description><![CDATA[<p><b>Section X</b> &middot; underground</p><p>About 6 km of underground limestone galleries on the Nile&#x27;s east bank, ~12 km south of Cairo and west of the Octagon. Cut as tunnels, not open pits, with limestone pillars left standing to carry the roofs. Source of the Great Pyramid&#x27;s outer casing (~67,390 m³ of fine Tura limestone for Khufu alone). Mapped for the British military in WWII for use as bomb-proof storage. Now the Tura cement works — Portland and oil-well cement — under Heidelberg Materials. Three tenancies in one hole in the ground; continuity of use is not continuity of purpose.</p><p><a href="https://www.b0b.dev/report#X">View in report</a></p>]]></description><Point><coordinates>31.31806,29.94583,0</coordinates></Point></Placemark><Placemark><name>NEOM / THE LINE, Saudi Arabia</name><styleUrl>#t-surveillance</styleUrl><description><![CDATA[<p><b>Section X</b> &middot; surveillance</p><p>Announced 2021 as a 170 km linear city, 200 m wide and 500 m tall; by 2024 a first phase of 2.4 km was reported (WSJ/Bloomberg; Saudi officials denied) and by 2025 the project was substantially scaled down or suspended. OXAGON industrial port; TROJENA ski resort (lost the 2029 Asian Winter Games to Kazakhstan, 2026). April 2020: Howeitat tribesman Abdul Rahim al-Huwaiti, who refused eviction, was shot dead by Saudi security forces (who said he opened fire; disputed); three other tribe members were later sentenced to death.</p><p><a href="https://www.b0b.dev/report#X">View in report</a></p>]]></description><Point><coordinates>35.3,27.95,0</coordinates></Point></Placemark><Placemark><name>Songdo International Business District, South Korea</name><styleUrl>#t-surveillance</styleUrl><description><![CDATA[<p><b>Section X</b> &middot; surveillance</p><p>Built on 1,500 acres (600 ha) reclaimed from the Yellow Sea off Incheon. &#x27;Ubiquitous city&#x27; with ubiquitous sensing. Population 167,346 (2020).</p><p><a href="https://www.b0b.dev/report#X">View in report</a></p>]]></description><Point><coordinates>126.6593,37.3818,0</coordinates></Point></Placemark><Placemark><name>Masdar City, Abu Dhabi, UAE</name><styleUrl>#t-surveillance</styleUrl><description><![CDATA[<p><b>Section X</b> &middot; surveillance</p><p>Zero-carbon planned city by Foster + Partners. Population ~5,000 vs 50,000 target. The smart city that couldn&#x27;t attract residents.</p><p><a href="https://www.b0b.dev/report#X">View in report</a></p>]]></description><Point><coordinates>54.6154,24.4265,0</coordinates></Point></Placemark><Placemark><name>Quayside / Sidewalk Toronto, Canada</name><styleUrl>#t-surveillance</styleUrl><description><![CDATA[<p><b>Section X</b> &middot; surveillance</p><p>Proposed 12-acre (4.9 ha) smart district at Quayside by Alphabet&#x27;s Sidewalk Labs, after a 2017 Waterfront Toronto RFP. Drew sustained criticism over data collection. Alphabet withdrew on 7 May 2020, citing economic uncertainty from the COVID-19 pandemic.</p><p><a href="https://www.b0b.dev/report#X">View in report</a></p>]]></description><TimeStamp><when>2020-05-07</when></TimeStamp><Point><coordinates>-79.3602,43.6426,0</coordinates></Point></Placemark><Placemark><name>Amaravati, Andhra Pradesh, India</name><styleUrl>#t-surveillance</styleUrl><description><![CDATA[<p><b>Section X</b> &middot; surveillance</p><p>New capital of Andhra Pradesh - 217 sq km, master plan by Foster + Partners. Land assembled by voluntary land pooling from 27 villages. Works halted after the 2019 change of government and resumed in June 2024; made the statutory capital by a 2026 amendment act.</p><p><a href="https://www.b0b.dev/report#X">View in report</a></p>]]></description><TimeStamp><when>2024-06-08</when></TimeStamp><Point><coordinates>80.518,16.515,0</coordinates></Point></Placemark><Placemark><name>Nusantara, Borneo, Indonesia</name><styleUrl>#t-surveillance</styleUrl><description><![CDATA[<p><b>Section X</b> &middot; surveillance</p><p>Designated new national capital replacing Jakarta, East Kalimantan; 256,000 hectares. Central government offices and palace built by 2024; transfer of civil servants planned from 2024 but phased.</p><p><a href="https://www.b0b.dev/report#X">View in report</a></p>]]></description><TimeSpan><begin>2024-01-01</begin><end>2024-12-31</end></TimeSpan><Point><coordinates>116.8312,-1.2834,0</coordinates></Point></Placemark><Placemark><name>Forest City, Johor, Malaysia</name><styleUrl>#t-surveillance</styleUrl><description><![CDATA[<p><b>Section X</b> &middot; surveillance</p><p>$100B development by Country Garden. Largely empty ghost city. The smart city that no one moved to.</p><p><a href="https://www.b0b.dev/report#X">View in report</a></p>]]></description><Point><coordinates>103.631,1.3487,0</coordinates></Point></Placemark><Placemark><name>Microsoft HQ, Redmond, Washington</name><styleUrl>#t-surveillance</styleUrl><description><![CDATA[<p><b>Section X</b> &middot; surveillance</p><p>Windows 72% desktops, Azure cloud, GitHub (100M+ developers), LinkedIn (1B users), VS Code, PowerShell. The operating system layer.</p><p><a href="https://www.b0b.dev/report#X">View in report</a></p>]]></description><Point><coordinates>-122.1267,47.6405,0</coordinates></Point></Placemark><Placemark><name>Amazon / AWS HQ, Seattle</name><styleUrl>#t-surveillance</styleUrl><description><![CDATA[<p><b>Section X</b> &middot; surveillance</p><p>Amazon / AWS: AWS held ~31% of cloud infrastructure (Synergy, Q1 2023). Ring doorbell camera network. Whole Foods. (The Washington Post is owned by Jeff Bezos personally, not by Amazon.) The infrastructure layer.</p><p><a href="https://www.b0b.dev/report#X">View in report</a></p>]]></description><Point><coordinates>-122.3364,47.6223,0</coordinates></Point></Placemark><Placemark><name>Google / Alphabet HQ, Mountain View, CA</name><styleUrl>#t-surveillance</styleUrl><description><![CDATA[<p><b>Section X</b> &middot; surveillance</p><p>Dominant in search, browsers (Chrome) and mobile OS (Android); YouTube 2B+ users (shares undated). Project Maven (Pentagon drone-imagery AI) - Google did not renew after 2018 staff protests. Project Nimbus: $1.2bn cloud contract, with Amazon, serving Israeli government agencies including the defence establishment.</p><p><a href="https://www.b0b.dev/report#X">View in report</a></p>]]></description><Point><coordinates>-122.0841,37.422,0</coordinates></Point></Placemark><Placemark><name>Meta HQ, Menlo Park, CA</name><styleUrl>#t-surveillance</styleUrl><description><![CDATA[<p><b>Section X</b> &middot; surveillance</p><p>Zuckerberg: ~61% voting control (13.7% equity). Facebook, Instagram, WhatsApp: 3bn+ users (undated company figure). Dual-class control concentrates the social graph&#x27;s governance in one person.</p><p><a href="https://www.b0b.dev/report#X">View in report</a></p>]]></description><Point><coordinates>-122.1817,37.453,0</coordinates></Point></Placemark><Placemark><name>Menwith Hill, UK</name><styleUrl>#t-military</styleUrl><description><![CDATA[<p><b>Section X</b> &middot; military</p><p>MoD-owned RAF station made available to the US DoD and run on behalf of the NSA; described as the largest electronic monitoring station in the world. Satellite ground station in dozens of radomes; alleged ECHELON site; connected to the national telecom network by BT fibre since 1992 (revealed in a 1997 court case). 2017: 1,205 staff incl. 344 US contractors and GCHQ personnel.</p><p><a href="https://www.b0b.dev/report#X">View in report</a></p>]]></description><Point><coordinates>-1.6874,54.0016,0</coordinates></Point></Placemark><Placemark><name>Pine Gap, Northern Territory, Australia</name><styleUrl>#t-military</styleUrl><description><![CDATA[<p><b>Section X</b> &middot; military</p><p>Joint Australia-US facility run by the Australian Signals Directorate with the CIA, NSA and NRO. Satellite ground station for US geostationary SIGINT satellites; attributed to the ECHELON network. Five Eyes southern-hemisphere SIGINT hub.</p><p><a href="https://www.b0b.dev/report#X">View in report</a></p>]]></description><Point><coordinates>133.737,-23.7981,0</coordinates></Point></Placemark><Placemark><name>Waihopai Station, New Zealand</name><styleUrl>#t-military</styleUrl><description><![CDATA[<p><b>Section X</b> &middot; military</p><p>GCSB satellite-communications interception station in the Waihopai Valley near Blenheim; identified as part of ECHELON (attributed: MP Keith Locke, Nicky Hager). New Zealand&#x27;s Five Eyes node.</p><p><a href="https://www.b0b.dev/report#X">View in report</a></p>]]></description><Point><coordinates>173.739,-41.576,0</coordinates></Point></Placemark><Placemark><name>Misawa Air Base, Japan</name><styleUrl>#t-military</styleUrl><description><![CDATA[<p><b>Section X</b> &middot; military</p><p>Misawa Security Operations Center, believed (attributed) to be one of the largest ECHELON ground stations. Five Eyes Asia-Pacific SIGINT node.</p><p><a href="https://www.b0b.dev/report#X">View in report</a></p>]]></description><Point><coordinates>141.3686,40.7031,0</coordinates></Point></Placemark><Placemark><name>Sugar Grove, West Virginia</name><styleUrl>#t-military</styleUrl><description><![CDATA[<p><b>Section X</b> &middot; military</p><p>Former NSA radio/satellite intercept station run by the Navy; NSA relocated the mission and the base closed by 30 Sept 2015. Formerly cited as an ECHELON site.</p><p><a href="https://www.b0b.dev/report#X">View in report</a></p>]]></description><TimeStamp><when>2015-09-30</when></TimeStamp><Point><coordinates>-79.283,38.512,0</coordinates></Point></Placemark><Placemark><name>Yakima Research Station, Washington</name><styleUrl>#t-military</styleUrl><description><![CDATA[<p><b>Section X</b> &middot; military</p><p>NSA satellite-intercept station (Yakima Research Station) inside the Yakima Training Center; cited as an ECHELON site. Reported in April 2013 to be closing, its function moving to Colorado.</p><p><a href="https://www.b0b.dev/report#X">View in report</a></p>]]></description><Point><coordinates>-120.19139,46.76111,0</coordinates></Point></Placemark><Placemark><name>Gaza - Gaza Marine Gas Field</name><styleUrl>#t-conflict</styleUrl><description><![CDATA[<p><b>Section X</b> &middot; conflict</p><p>Gaza Marine 1 and 2 gas fields, discovered September 2000 by British Gas under a Palestinian Authority licence, about 36 km offshore at ~610 m depth; estimated at over 1 trillion cubic feet; never developed.</p><p><a href="https://www.b0b.dev/report#X">View in report</a></p>]]></description><TimeSpan><begin>2000-09-01</begin><end>2000-09-28</end></TimeSpan><Point><coordinates>34.4667,31.5,0</coordinates></Point></Placemark><Placemark><name>Porthcurno, Cornwall, UK - Cable Landing Station</name><styleUrl>#t-submarine-cable</styleUrl><description><![CDATA[<p><b>Section X</b> &middot; submarine-cable</p><p>Submarine cable station since 1870, when the first cable of the UK-India telegraph link landed here; eventually eleven cables radiated from Porthcurno (the All Red Line). Modern fibre systems still land on the Cornish coast, part of the UK&#x27;s transatlantic chokepoint; GCHQ&#x27;s Tempora cable access is documented at Bude, not here.</p><p><a href="https://www.b0b.dev/report#X">View in report</a></p>]]></description><TimeSpan><begin>1870-01-01</begin><end>1870-12-31</end></TimeSpan><Point><coordinates>-5.654,50.042,0</coordinates></Point></Placemark><Placemark><name>Bude, Cornwall, UK - GCHQ Cable Tap</name><styleUrl>#t-submarine-cable</styleUrl><description><![CDATA[<p><b>Section X</b> &middot; submarine-cable</p><p>GCHQ Bude - Tempora program intercept station. Snowden documents confirmed GCHQ taps submarine cables with 200+ probes, buffering 3 days of internet traffic and 30 days of metadata. Shared with NSA. The Five Eyes cables tap.</p><p><a href="https://www.b0b.dev/report#X">View in report</a></p>]]></description><Point><coordinates>-4.5537,50.8862,0</coordinates></Point></Placemark><Placemark><name>Marseille, France - Cable Landing Hub</name><styleUrl>#t-submarine-cable</styleUrl><description><![CDATA[<p><b>Section X</b> &middot; submarine-cable</p><p>Major Mediterranean cable landing hub connecting Europe to Africa, the Middle East and Asia. French press (L&#x27;Obs, 2015) reported DGSE intercept access at cable landings - attributed.</p><p><a href="https://www.b0b.dev/report#X">View in report</a></p>]]></description><Point><coordinates>5.3698,43.2965,0</coordinates></Point></Placemark><Placemark><name>Fujairah, UAE - Cable Landing Station</name><styleUrl>#t-submarine-cable</styleUrl><description><![CDATA[<p><b>Section X</b> &middot; submarine-cable</p><p>Strategic Gulf cable landing point on the UAE&#x27;s east coast, outside the Strait of Hormuz; FLAG and other Europe-Asia systems land here.</p><p><a href="https://www.b0b.dev/report#X">View in report</a></p>]]></description><Point><coordinates>56.3264,25.1288,0</coordinates></Point></Placemark><Placemark><name>Mumbai, India - TATA Landing Station</name><styleUrl>#t-submarine-cable</styleUrl><description><![CDATA[<p><b>Section X</b> &middot; submarine-cable</p><p>Major South Asian submarine cable hub; Tata Communications operates landing stations here for systems including TGN-Eurasia and SEACOM.</p><p><a href="https://www.b0b.dev/report#X">View in report</a></p>]]></description><Point><coordinates>72.8777,19.076,0</coordinates></Point></Placemark><Placemark><name>Singapore - Cable Landing Hub</name><styleUrl>#t-submarine-cable</styleUrl><description><![CDATA[<p><b>Section X</b> &middot; submarine-cable</p><p>Southeast Asia&#x27;s primary cable hub, with landing stations at Changi and Tuas among others. Singapore&#x27;s position makes it a transit point for Asia-Pacific data - the digital Strait of Malacca.</p><p><a href="https://www.b0b.dev/report#X">View in report</a></p>]]></description><Point><coordinates>103.8303,1.2494,0</coordinates></Point></Placemark><Placemark><name>Tuas, Singapore - Equinix Cable Station</name><styleUrl>#t-submarine-cable</styleUrl><description><![CDATA[<p><b>Section X</b> &middot; submarine-cable</p><p>Major cable landing for trans-Pacific and intra-Asian cables. Equinix data center colocation. Where submarine cables meet cloud infrastructure.</p><p><a href="https://www.b0b.dev/report#X">View in report</a></p>]]></description><Point><coordinates>103.64,1.31,0</coordinates></Point></Placemark><Placemark><name>Manasquan, New Jersey - TAT-14 Landing</name><styleUrl>#t-submarine-cable</styleUrl><description><![CDATA[<p><b>Section X</b> &middot; submarine-cable</p><p>Transatlantic cable landing on the New Jersey coast; TAT-14 (BT, AT&amp;T, Deutsche Telekom and others) landed at Tuckerton/Manasquan until it was retired on 15 Dec 2020.</p><p><a href="https://www.b0b.dev/report#X">View in report</a></p>]]></description><Point><coordinates>-74.0486,40.1262,0</coordinates></Point></Placemark><Placemark><name>Tuckerton, New Jersey - Cable Landing</name><styleUrl>#t-submarine-cable</styleUrl><description><![CDATA[<p><b>Section X</b> &middot; submarine-cable</p><p>Historic and active submarine cable landing on the New Jersey transatlantic corridor; TAT-14 landed here until its retirement on 15 Dec 2020.</p><p><a href="https://www.b0b.dev/report#X">View in report</a></p>]]></description><Point><coordinates>-74.3402,39.6037,0</coordinates></Point></Placemark><Placemark><name>Long Island, New York - Cable Landing</name><styleUrl>#t-submarine-cable</styleUrl><description><![CDATA[<p><b>Section X</b> &middot; submarine-cable</p><p>Multiple submarine cables terminate on Long Island&#x27;s shores. Connects to Manhattan data centers. Dense concentration of transatlantic cable landings along the northeastern U.S. coast.</p><p><a href="https://www.b0b.dev/report#X">View in report</a></p>]]></description><Point><coordinates>-73.135,40.7891,0</coordinates></Point></Placemark><Placemark><name>Miami, Florida - AMPATH Cable Landing</name><styleUrl>#t-submarine-cable</styleUrl><description><![CDATA[<p><b>Section X</b> &middot; submarine-cable</p><p>Americas cable hub. ARCOS, Bahamas Internet Cable System, and multiple Latin American cables terminate here. Connects North America to Caribbean, Central and South America. NAP of the Americas data center.</p><p><a href="https://www.b0b.dev/report#X">View in report</a></p>]]></description><Point><coordinates>-80.1918,25.7617,0</coordinates></Point></Placemark><Placemark><name>Fortaleza, Brazil - Cable Landing</name><styleUrl>#t-submarine-cable</styleUrl><description><![CDATA[<p><b>Section X</b> &middot; submarine-cable</p><p>South American cable hub. SACS (South Atlantic Cable System) connects directly to Angola. EllaLink connects to Europe. Brazil&#x27;s northeastern coast is the landing point for South Atlantic cables.</p><p><a href="https://www.b0b.dev/report#X">View in report</a></p>]]></description><Point><coordinates>-38.5433,-3.7172,0</coordinates></Point></Placemark><Placemark><name>Luzon, Philippines - Cable Landing</name><styleUrl>#t-submarine-cable</styleUrl><description><![CDATA[<p><b>Section X</b> &middot; submarine-cable</p><p>Major Asia-Pacific cable landing. Multiple cables including Asia-America Gateway (AAG) and Southeast Asia-Japan Cable (SJC). Strategic Pacific data hub.</p><p><a href="https://www.b0b.dev/report#X">View in report</a></p>]]></description><Point><coordinates>120.9842,14.5995,0</coordinates></Point></Placemark><Placemark><name>Lantau Island, Hong Kong - Cable Landing</name><styleUrl>#t-submarine-cable</styleUrl><description><![CDATA[<p><b>Section X</b> &middot; submarine-cable</p><p>Hong Kong cable landing; Hong Kong is a principal international cable hub for southern China and Asia-Pacific.</p><p><a href="https://www.b0b.dev/report#X">View in report</a></p>]]></description><Point><coordinates>113.944,22.2588,0</coordinates></Point></Placemark><Placemark><name>Busan, South Korea - Cable Landing</name><styleUrl>#t-submarine-cable</styleUrl><description><![CDATA[<p><b>Section X</b> &middot; submarine-cable</p><p>East Asian cable hub; the Korea-Japan Cable Network and other regional systems land at Busan, connecting the peninsula to trans-Pacific backbones.</p><p><a href="https://www.b0b.dev/report#X">View in report</a></p>]]></description><Point><coordinates>129.0756,35.1796,0</coordinates></Point></Placemark><Placemark><name>Sydney, Australia - Cable Landing Hub</name><styleUrl>#t-submarine-cable</styleUrl><description><![CDATA[<p><b>Section X</b> &middot; submarine-cable</p><p>Australia&#x27;s primary cable landing area; Southern Cross lands at Alexandria and Brookvale, alongside other trans-Pacific systems. Australia is a Five Eyes member.</p><p><a href="https://www.b0b.dev/report#X">View in report</a></p>]]></description><Point><coordinates>151.2093,-33.8688,0</coordinates></Point></Placemark><Placemark><name>Djibouti - Cable Chokepoint</name><styleUrl>#t-submarine-cable</styleUrl><description><![CDATA[<p><b>Section X</b> &middot; submarine-cable</p><p>Critical submarine cable chokepoint - 10+ cables transit the Bab-el-Mandeb between Africa and Arabia and land or pass at Djibouti. Djibouti also hosts the US base Camp Lemonnier; the two are separate facilities.</p><p><a href="https://www.b0b.dev/report#X">View in report</a></p>]]></description><Point><coordinates>43.1456,11.5721,0</coordinates></Point></Placemark><Placemark><name>Egypt - Suez Canal Cable Corridor</name><styleUrl>#t-submarine-cable</styleUrl><description><![CDATA[<p><b>Section X</b> &middot; submarine-cable</p><p>15+ submarine cables cross Egyptian territory between the Mediterranean and Red Sea coasts. Cuts near Alexandria in January 2008 (SEA-ME-WE 4, FLAG) and in 2013 disrupted internet for millions in the Middle East and South Asia. Single geographic chokepoint for Europe-Asia data.</p><p><a href="https://www.b0b.dev/report#X">View in report</a></p>]]></description><TimeSpan><begin>2008-01-01</begin><end>2008-12-31</end></TimeSpan><Point><coordinates>32.1746,30.0444,0</coordinates></Point></Placemark><Placemark><name>Strait of Malacca - Cable Transit</name><styleUrl>#t-submarine-cable</styleUrl><description><![CDATA[<p><b>Section X</b> &middot; submarine-cable</p><p>Critical strait transited by multiple Asia-Pacific submarine cables. Over 94,000 vessels a year (2008) carry about a quarter of the world&#x27;s traded goods through the same chokepoint.</p><p><a href="https://www.b0b.dev/report#X">View in report</a></p>]]></description><Point><coordinates>101.5,2.5,0</coordinates></Point></Placemark><Placemark><name>Vladivostok, Russia - Polar Express cable terminus</name><styleUrl>#t-submarine-cable</styleUrl><description><![CDATA[<p><b>Section X</b> &middot; submarine-cable</p><p>Pacific terminus of &#x27;Polar Express&#x27;, a proposed 12,650 km Arctic cable from Murmansk (Teriberka) to Vladivostok along the Northern Sea Route, decreed in October 2020 - a Russian route independent of Five Eyes chokepoints. An earlier ROTACS project did not proceed.</p><p><a href="https://www.b0b.dev/report#X">View in report</a></p>]]></description><Point><coordinates>131.9113,43.1332,0</coordinates></Point></Placemark><Placemark><name>Cape Canaveral / Kennedy Space Center, FL</name><styleUrl>#t-satellite</styleUrl><description><![CDATA[<p><b>Section X</b> &middot; satellite</p><p>Primary US launch range. SpaceX launches Starlink from here (over 6,000 launched by May 2024); NRO reconnaissance satellites also launch from the Cape and Vandenberg.</p><p><a href="https://www.b0b.dev/report#X">View in report</a></p>]]></description><Point><coordinates>-80.6077,28.3922,0</coordinates></Point></Placemark><Placemark><name>Vandenberg Space Force Base, CA</name><styleUrl>#t-satellite</styleUrl><description><![CDATA[<p><b>Section X</b> &middot; satellite</p><p>West coast satellite launch facility. NRO, Space Force, and SpaceX launches. Starlink polar orbit launches. Military and commercial satellite infrastructure co-located.</p><p><a href="https://www.b0b.dev/report#X">View in report</a></p>]]></description><Point><coordinates>-120.5724,34.742,0</coordinates></Point></Placemark><Placemark><name>Buckley Space Force Base / ADF-C, Aurora, CO</name><styleUrl>#t-satellite</styleUrl><description><![CDATA[<p><b>Section X</b> &middot; satellite</p><p>Aerospace Data Facility-Colorado (ADF-C) - NRO ground station at Buckley SFB, associated with Space Delta 20. Processes NRO satellite data. Reported (The Verge, 2019; attributed) to feed &#x27;Sentient&#x27;, a classified NRO system that uses automated tipping and cueing to retask satellites. NSA Colorado is on the same installation. Space Delta 4 (SBIRS missile warning).</p><p><a href="https://www.b0b.dev/report#X">View in report</a></p>]]></description><Point><coordinates>-104.752,39.717,0</coordinates></Point></Placemark><Placemark><name>Schriever Space Force Base, Colorado Springs, CO</name><styleUrl>#t-satellite</styleUrl><description><![CDATA[<p><b>Section X</b> &middot; satellite</p><p>GPS Master Control Station - operates the Global Positioning System constellation (24+ satellites), now under the US Space Force (formerly Air Force Space Command). The facility that controls global positioning for military and civilian use.</p><p><a href="https://www.b0b.dev/report#X">View in report</a></p>]]></description><Point><coordinates>-104.5286,38.8058,0</coordinates></Point></Placemark><Placemark><name>Weilheim Ground Station, Bavaria, Germany</name><styleUrl>#t-satellite</styleUrl><description><![CDATA[<p><b>Section X</b> &middot; satellite</p><p>DLR (German Aerospace Center) satellite tracking and control ground station supporting European and international missions. Galileo is controlled from Oberpfaffenhofen and Fucino, not here.</p><p><a href="https://www.b0b.dev/report#X">View in report</a></p>]]></description><Point><coordinates>11.0806,47.8808,0</coordinates></Point></Placemark><Placemark><name>Fucino Space Centre, Abruzzo, Italy</name><styleUrl>#t-satellite</styleUrl><description><![CDATA[<p><b>Section X</b> &middot; satellite</p><p>Telespazio ground station. Controls Galileo (EU GPS alternative), COSMO-SkyMed (Italian military radar satellites), and commercial communications satellites. Europe&#x27;s largest commercial satellite ground station.</p><p><a href="https://www.b0b.dev/report#X">View in report</a></p>]]></description><Point><coordinates>13.6008,41.9774,0</coordinates></Point></Placemark><Placemark><name>Svalbard Satellite Station (SvalSat), Arctic Norway</name><styleUrl>#t-satellite</styleUrl><description><![CDATA[<p><b>Section X</b> &middot; satellite</p><p>Satellite ground station on Platåberget, Svalbard. With TrollSat in Antarctica, one of only two stations that can see low polar-orbiting satellites on every revolution. Customers include NASA, NOAA, ESA and EUMETSAT. About 2.4 km from the Svalbard Global Seed Vault.</p><p><a href="https://www.b0b.dev/report#X">View in report</a></p>]]></description><Point><coordinates>15.3894,78.2306,0</coordinates></Point></Placemark><Placemark><name>GCHQ Bude, Cornwall, UK - Satellite Intercept</name><styleUrl>#t-satellite</styleUrl><description><![CDATA[<p><b>Section X</b> &middot; satellite</p><p>GCHQ satellite communications intercept station. Linked to Echelon. Taps Intelsat and other commercial satellite traffic. Dual-function: cable tap and satellite intercept at same facility.</p><p><a href="https://www.b0b.dev/report#X">View in report</a></p>]]></description><Point><coordinates>-4.5537,50.8862,0</coordinates></Point></Placemark><Placemark><name>Starlink Gateway, Merrillan, WI</name><styleUrl>#t-satellite</styleUrl><description><![CDATA[<p><b>Section X</b> &middot; satellite</p><p>SpaceX Starlink ground gateway station. Routes internet traffic between Starlink satellites and the terrestrial internet backbone. Musk&#x27;s satellite network requires terrestrial ground stations - each one is a potential intercept point.</p><p><a href="https://www.b0b.dev/report#X">View in report</a></p>]]></description><Point><coordinates>-90.833,44.45,0</coordinates></Point></Placemark><Placemark><name>Starlink Gateway, Conrad, MT</name><styleUrl>#t-satellite</styleUrl><description><![CDATA[<p><b>Section X</b> &middot; satellite</p><p>SpaceX Starlink ground gateway, northern US. Starlink is the largest satellite constellation (6,000+ launched by May 2024), operated by SpaceX, which Musk controls.</p><p><a href="https://www.b0b.dev/report#X">View in report</a></p>]]></description><Point><coordinates>-111.946,48.17,0</coordinates></Point></Placemark><Placemark><name>Eutelsat OneWeb Ground Station, Fairbanks, AK</name><styleUrl>#t-satellite</styleUrl><description><![CDATA[<p><b>Section X</b> &middot; satellite</p><p>OneWeb low-Earth-orbit gateway. OneWeb (founded 2012, bankrupt 2020, recapitalised by Bharti Global and the UK government) merged into Eutelsat in 2023. Competitor to Starlink; Arctic ground station for polar-orbit coverage.</p><p><a href="https://www.b0b.dev/report#X">View in report</a></p>]]></description><Point><coordinates>-147.72,64.84,0</coordinates></Point></Placemark><Placemark><name>Beijing Aerospace Command and Control Center, China</name><styleUrl>#t-satellite</styleUrl><description><![CDATA[<p><b>Section X</b> &middot; satellite</p><p>Command centre for China&#x27;s crewed (Shenzhou, Tiangong) and lunar (Chang&#x27;e) missions, in Haidian District. China&#x27;s satellite tracking and control network, including BeiDou, is run from the Xi&#x27;an Satellite Control Center.</p><p><a href="https://www.b0b.dev/report#X">View in report</a></p>]]></description><Point><coordinates>116.257092,40.071989,0</coordinates></Point></Placemark><Placemark><name>Baikonur Cosmodrome, Kazakhstan</name><styleUrl>#t-satellite</styleUrl><description><![CDATA[<p><b>Section X</b> &middot; satellite</p><p>Soviet-era cosmodrome on Kazakh soil, leased to Russia until 2050. Soyuz crew launches to the ISS. Russia&#x27;s military launches mostly use Plesetsk, and it is building Vostochny on its own territory.</p><p><a href="https://www.b0b.dev/report#X">View in report</a></p>]]></description><Point><coordinates>63.305,45.965,0</coordinates></Point></Placemark><Placemark><name>NRO Headquarters, Chantilly, VA</name><styleUrl>#t-surveillance</styleUrl><description><![CDATA[<p><b>Section X</b> &middot; surveillance</p><p>National Reconnaissance Office - builds and operates US reconnaissance satellites. Its proliferated architecture added roughly 180+ SpaceX-built satellites by April 2025 (NROL-145). The Advanced Systems &amp; Technology directorate runs &#x27;Sentient&#x27;, a classified system reported (The Verge, 2019; attributed) to use automated tipping and cueing to retask satellites; a retired CIA analyst described its aim as ingesting &#x27;everything&#x27;, from imagery to financial records.</p><p><a href="https://www.b0b.dev/report#X">View in report</a></p>]]></description><TimeSpan><begin>2025-04-01</begin><end>2025-04-28</end></TimeSpan><Point><coordinates>-77.4508,38.8819,0</coordinates></Point></Placemark><Placemark><name>Aerospace Data Facility-East (ADF-E) / Area 58, Fort Belvoir, VA</name><styleUrl>#t-satellite</styleUrl><description><![CDATA[<p><b>Section X</b> &middot; satellite</p><p>ADF-E, NRO ground station on Fort Belvoir, also known as Area 58 (formerly DCEETA). Reported (Bamford, Richelson) to manage KH-11 imagery and Lacrosse radar satellites. NGA&#x27;s headquarters is on Fort Belvoir&#x27;s North Area. About 19 miles from NRO headquarters.</p><p><a href="https://www.b0b.dev/report#X">View in report</a></p>]]></description><Point><coordinates>-77.1583,38.7361,0</coordinates></Point></Placemark><Placemark><name>Aerospace Data Facility-Southwest (ADF-SW), White Sands, NM</name><styleUrl>#t-satellite</styleUrl><description><![CDATA[<p><b>Section X</b> &middot; satellite</p><p>ADF-SW - NRO ground station inside White Sands Missile Range, one of three NRO ground stations in the continental US (with ADF-C and ADF-E), responsible for command and control of reconnaissance satellites. The range also includes the Trinity site (1945) and saw the first US launches of captured V-2s.</p><p><a href="https://www.b0b.dev/report#X">View in report</a></p>]]></description><Point><coordinates>-106.6108,32.5019,0</coordinates></Point></Placemark><Placemark><name>BlackSky Technology, Herndon, VA</name><styleUrl>#t-surveillance</styleUrl><description><![CDATA[<p><b>Section X</b> &middot; surveillance</p><p>BlackSky - commercial geospatial intelligence company with a high-revisit Earth-observation constellation; an NRO commercial imagery provider. Its Spectra AI platform is marketed as fusing satellite imagery with other data sources (company claims include data from 100M+ mobile devices - attributed). Herndon HQ is about 6 miles from NRO headquarters.</p><p><a href="https://www.b0b.dev/report#X">View in report</a></p>]]></description><Point><coordinates>-77.4055,38.9556,0</coordinates></Point></Placemark><Placemark><name>Vantor (formerly Maxar Intelligence), Westminster, CO</name><styleUrl>#t-surveillance</styleUrl><description><![CDATA[<p><b>Section X</b> &middot; surveillance</p><p>Maxar split in October 2025: Maxar Intelligence became Vantor (Westminster, CO) and Maxar Space Systems became Lanteris (Palo Alto). Vantor operates the WorldView constellation and is a principal NRO commercial imagery supplier; the company says it provides &#x27;90% of the foundational GEOINT&#x27; used by the US government (company claim). About 20 miles from Buckley SFB/ADF-C.</p><p><a href="https://www.b0b.dev/report#X">View in report</a></p>]]></description><TimeSpan><begin>2025-10-01</begin><end>2025-10-28</end></TimeSpan><Point><coordinates>-105.0275,39.9147,0</coordinates></Point></Placemark><Placemark><name>Planet Labs, San Francisco, CA</name><styleUrl>#t-surveillance</styleUrl><description><![CDATA[<p><b>Section X</b> &middot; surveillance</p><p>Planet Labs - operates a large constellation of small Earth-observation satellites (Doves) with the stated goal of imaging Earth&#x27;s landmass daily. Commercial imagery supplier to the US government. Unlike tasked spy satellites, it images continuously whether anyone asked or not.</p><p><a href="https://www.b0b.dev/report#X">View in report</a></p>]]></description><Point><coordinates>-122.3963,37.7815,0</coordinates></Point></Placemark><Placemark><name>SpaceX Starshield / MILNET, Hawthorne, CA</name><styleUrl>#t-satellite</styleUrl><description><![CDATA[<p><b>Section X</b> &middot; satellite</p><p>SpaceX headquarters. SpaceX&#x27;s Starshield line builds satellites for the NRO, Space Development Agency and Space Force: at least 183 Starshield satellites launched by April 2025 (NROL-145). The same company operates the commercial Starlink constellation - same operator, factories and launch vehicles.</p><p><a href="https://www.b0b.dev/report#X">View in report</a></p>]]></description><Point><coordinates>-118.328,33.9207,0</coordinates></Point></Placemark><Placemark><name>Brookhaven National Laboratory, Long Island</name><styleUrl>#t-technology</styleUrl><description><![CDATA[<p><b>Section X</b> &middot; technology</p><p>DOE national laboratory. Relativistic Heavy Ion Collider (RHIC, operating from 2000), one of the world&#x27;s two operating heavy-ion colliders; site of the planned Electron-Ion Collider. Particle and nuclear physics, nanotechnology.</p><p><a href="https://www.b0b.dev/report#X">View in report</a></p>]]></description><Point><coordinates>-72.8865,40.8715,0</coordinates></Point></Placemark><Placemark><name>Hollywood, Los Angeles</name><styleUrl>#t-surveillance</styleUrl><description><![CDATA[<p><b>Section X</b> &middot; surveillance</p><p>Entertainment industry as cultural manufacturing. Carl Bernstein (Rolling Stone, 1977) reported that more than 400 US journalists had carried out assignments for the CIA; the CIA&#x27;s &#x27;Project Mockingbird&#x27; was a separate 1963 wiretap of two columnists. Some 1960s musicians had military fathers - Jim Morrison&#x27;s father commanded US naval forces during the Gulf of Tonkin incident; Frank Zappa&#x27;s father worked at the Edgewood Arsenal chemical-warfare facility. No mechanism linking those families to the counterculture is documented.</p><p><a href="https://www.b0b.dev/report#X">View in report</a></p>]]></description><Point><coordinates>-118.3287,34.0928,0</coordinates></Point></Placemark><Placemark><name>Burbank - Lockheed Skunk Works / Studios</name><styleUrl>#t-technology</styleUrl><description><![CDATA[<p><b>Section X</b> &middot; technology</p><p>Lockheed operated in Burbank 1928-1994; the Skunk Works (from 1943) designed the U-2, SR-71 and F-117 here. ALSO: Warner Bros, Walt Disney Studios, NBC/Universal. The city that built stealth aircraft builds entertainment content - same zip code, different product lines. THE EXIT, DATED: Skunk Works headquarters moved to Palmdale in 1992; the Burbank shutdown completed in 1994. Burbank kept the visible image industry and lost the invisible one. WHAT STAYED: the site sits inside the San Fernando Valley Superfund site, listed 1986 (Burbank Operable Unit) - TCE, PCE, hexavalent chromium and 1,4-dioxane in groundwater, with roughly 3.3 billion gallons treated and returned to municipal supply annually. THE OTHER HALF OF THE SENTENCE: Burbank built the airframe; Rochester, NY made and processed the film it carried (see Kodak Hawkeye Works). Sources: EPA San Fernando Valley Superfund record; Lockheed Burbank plant histories.</p><p><a href="https://www.b0b.dev/report#X">View in report</a></p>]]></description><TimeSpan><begin>1928-01-01</begin><end>1928-12-31</end></TimeSpan><Point><coordinates>-118.309,34.1808,0</coordinates></Point></Placemark><Placemark><name>Glendale, California</name><styleUrl>#t-corporate</styleUrl><description><![CDATA[<p><b>Section X</b> &middot; corporate</p><p>DreamWorks Animation HQ (1000 Flower Street). Forest Lawn Memorial Park - burial ground of many entertainment-industry figures. Nestle USA was headquartered here until its 2017-18 move to Arlington, Virginia.</p><p><a href="https://www.b0b.dev/report#X">View in report</a></p>]]></description><Point><coordinates>-118.2551,34.1425,0</coordinates></Point></Placemark><Placemark><name>Laurel Canyon, Los Angeles</name><styleUrl>#t-surveillance</styleUrl><description><![CDATA[<p><b>Section X</b> &middot; surveillance</p><p>Lookout Mountain Air Force Station - classified US Air Force film studio (1947-1969) that produced films of nuclear tests and military operations. It sat above the canyon that became a centre of the 1960s music scene; no documented link between the studio and the musicians.</p><p><a href="https://www.b0b.dev/report#X">View in report</a></p>]]></description><TimeSpan><begin>1947-01-01</begin><end>1947-12-31</end></TimeSpan><Point><coordinates>-118.369,34.1078,0</coordinates></Point></Placemark><Placemark><name>Fayetteville, North Carolina - Bledsoe Encounters</name><styleUrl>#t-surveillance</styleUrl><description><![CDATA[<p><b>Section X</b> &middot; surveillance</p><p>Chris Bledsoe reports UAP/NHI encounters near Fayetteville from 2007 - testimony tier (evidence of an experience, not of a cause). Fayetteville adjoins Fort Bragg (named Fort Liberty 2023-25), home of the 82nd Airborne, JSOC and Delta Force.</p><p><a href="https://www.b0b.dev/report#X">View in report</a></p>]]></description><Point><coordinates>-78.8784,35.0527,0</coordinates></Point></Placemark><Placemark><name>Esalen Institute, Big Sur, California</name><styleUrl>#t-surveillance</styleUrl><description><![CDATA[<p><b>Section X</b> &middot; surveillance</p><p>Human potential movement centre (founded 1962). John C. Lilly, inventor of the isolation tank, taught here; in 1974 he described an &#x27;Earth Coincidence Control Office&#x27; (ECCO) - a hierarchy he believed arranges coincidences.</p><p><a href="https://www.b0b.dev/report#X">View in report</a></p>]]></description><Point><coordinates>-121.6303,36.1307,0</coordinates></Point></Placemark><Placemark><name>Fullerton, CA - Philip K. Dick / VALIS</name><styleUrl>#t-surveillance</styleUrl><description><![CDATA[<p><b>Section X</b> &middot; surveillance</p><p>Philip K. Dick (1928-1982). Fiction adapted as Blade Runner, Minority Report, A Scanner Darkly, Total Recall, The Man in the High Castle, The Adjustment Bureau. His home was burglarised in November 1971 (unsolved). In October 1972 he wrote to the FBI about Thomas Disch. In February-March 1974 (&#x27;2-3-74&#x27;), after sodium pentothal given for a wisdom-tooth extraction, he experienced visions he called VALIS and wrote the Exegesis, whose recurring thesis is that &#x27;the Empire never ended&#x27;. Donated his papers to Cal State Fullerton; died in Santa Ana, 1982.</p><p><a href="https://www.b0b.dev/report#X">View in report</a></p>]]></description><TimeSpan><begin>1974-02-01</begin><end>1974-02-28</end></TimeSpan><Point><coordinates>-117.9242,33.8703,0</coordinates></Point></Placemark><Placemark><name>Eareckson AFS, Shemya Island, Alaska</name><styleUrl>#t-surveillance</styleUrl><description><![CDATA[<p><b>Section X</b> &middot; surveillance</p><p>Aleutian Islands intelligence station. Cobra Dane phased-array radar (from 1977), built for treaty-verification intelligence on Soviet missile tests; also used by Cobra Ball missile-monitoring aircraft. The listening post at the western end of the Aleutian chain.</p><p><a href="https://www.b0b.dev/report#X">View in report</a></p>]]></description><Point><coordinates>174.112,52.7115,0</coordinates></Point></Placemark><Placemark><name>CERN Large Hadron Collider, Geneva</name><styleUrl>#t-technology</styleUrl><description><![CDATA[<p><b>Section X</b> &middot; technology</p><p>27 km particle accelerator in a tunnel up to 175 m beneath the France-Switzerland border. First collisions 2010; Higgs boson discovery announced 2012. Total cost estimated at $13.25B (press estimate).</p><p><a href="https://www.b0b.dev/report#X">View in report</a></p>]]></description><TimeSpan><begin>2012-01-01</begin><end>2012-12-31</end></TimeSpan><Point><coordinates>6.045,46.235,0</coordinates></Point></Placemark><Placemark><name>CFS Alert, Nunavut, Canada</name><styleUrl>#t-surveillance</styleUrl><description><![CDATA[<p><b>Section X</b> &middot; surveillance</p><p>Northernmost permanently inhabited place on Earth. 817 km from North Pole. Signals intelligence station - Five Eyes Arctic SIGINT. Closer to Moscow than to Ottawa. The listening post at the top of the world.</p><p><a href="https://www.b0b.dev/report#X">View in report</a></p>]]></description><Point><coordinates>-62.3481,82.5018,0</coordinates></Point></Placemark><Placemark><name>Canadian Forces Station St. John&#x27;s, Newfoundland</name><styleUrl>#t-surveillance</styleUrl><description><![CDATA[<p><b>Section X</b> &middot; surveillance</p><p>Canadian Forces Station St. John&#x27;s - armed-forces garrison in St. John&#x27;s (since 1949). Newfoundland has historically been a landing point for transatlantic cables.</p><p><a href="https://www.b0b.dev/report#X">View in report</a></p>]]></description><Point><coordinates>-52.694,47.583,0</coordinates></Point></Placemark><Placemark><name>Novosibirsk - Akademgorodok, Russia</name><styleUrl>#t-technology</styleUrl><description><![CDATA[<p><b>Section X</b> &middot; technology</p><p>&#x27;Science City&#x27; - founded 1957 under the USSR Academy of Sciences in the Siberian forest near Novosibirsk. 35 research institutes and Novosibirsk State University; at its peak home to 65,000 scientists and their families. Never a closed city.</p><p><a href="https://www.b0b.dev/report#X">View in report</a></p>]]></description><TimeSpan><begin>1957-01-01</begin><end>1957-12-31</end></TimeSpan><Point><coordinates>83.0941,54.8529,0</coordinates></Point></Placemark><Placemark><name>Lubyanka Building, Moscow - FSB/KGB HQ</name><styleUrl>#t-surveillance</styleUrl><description><![CDATA[<p><b>Section X</b> &middot; surveillance</p><p>FSB headquarters. Taken over by the Cheka in 1918; later OGPU, NKVD, KGB. Internal prison operational from 1920. Headquarters of the NKVD during Stalin&#x27;s purges. Russia&#x27;s civilian security services trace their lineage to this building.</p><p><a href="https://www.b0b.dev/report#X">View in report</a></p>]]></description><TimeSpan><begin>1918-01-01</begin><end>1918-12-31</end></TimeSpan><Point><coordinates>37.6276,55.76,0</coordinates></Point></Placemark><Placemark><name>Cambridge, UK - ARM Holdings / Silicon Fen</name><styleUrl>#t-crypto-tech</styleUrl><description><![CDATA[<p><b>Section X</b> &middot; crypto-tech</p><p>Silicon Fen technology cluster around Cambridge. Arm Holdings (majority-owned by SoftBank) designs the processor architecture licensed into virtually all modern smartphones.</p><p><a href="https://www.b0b.dev/report#X">View in report</a></p>]]></description><Point><coordinates>0.1218,52.2053,0</coordinates></Point></Placemark><Placemark><name>Tsukuba Science City, Japan</name><styleUrl>#t-technology</styleUrl><description><![CDATA[<p><b>Section X</b> &middot; technology</p><p>Purpose-built science city ordered by the national government in September 1963, ~60 km from Tokyo. JAXA Tsukuba Space Center; KEK particle accelerator laboratory; dozens of national research institutes. Government-planned knowledge concentration.</p><p><a href="https://www.b0b.dev/report#X">View in report</a></p>]]></description><TimeSpan><begin>1963-09-01</begin><end>1963-09-28</end></TimeSpan><Point><coordinates>140.0766,36.0835,0</coordinates></Point></Placemark><Placemark><name>Shenzhen, China - Hardware Capital</name><styleUrl>#t-technology</styleUrl><description><![CDATA[<p><b>Section X</b> &middot; technology</p><p>Special Economic Zone created 1980; 17.56 million people (2020). Home to Huawei, Tencent, DJI, ZTE and BYD. A global centre of electronics manufacturing.</p><p><a href="https://www.b0b.dev/report#X">View in report</a></p>]]></description><TimeSpan><begin>1980-01-01</begin><end>1980-12-31</end></TimeSpan><Point><coordinates>114.0579,22.5431,0</coordinates></Point></Placemark><Placemark><name>Palantir HQ (Denver until 2026; moved to Miami)</name><styleUrl>#t-corporate</styleUrl><description><![CDATA[<p><b>Section X</b> &middot; corporate</p><p>Co-founded 2003 by Peter Thiel, Alex Karp and others. In-Q-Tel, the CIA&#x27;s venture arm, invested about $2 million early on. Gotham platform: military/intelligence. Foundry: corporate. ICE partnership since 2014. Moved HQ from Palo Alto to Denver in 2020 and announced a move to Miami in February 2026. Named after a seeing-stone from Tolkien.</p><p><a href="https://www.b0b.dev/report#X">View in report</a></p>]]></description><Point><coordinates>-104.9994,39.7506,0</coordinates></Point></Placemark><Placemark><name>Black Cube HQ, Tel Aviv</name><styleUrl>#t-surveillance</styleUrl><description><![CDATA[<p><b>Section X</b> &middot; surveillance</p><p>Black Cube (BC Strategy Ltd): private intelligence firm founded in 2010 by former Israeli intelligence officers; offices in Tel Aviv, London and Madrid. Documented: hired on behalf of Harvey Weinstein to surveil accusers and journalists. Reported to have targeted Soros-linked NGOs in Hungary during Viktor Orban&#x27;s 2018 re-election campaign, using a London cover company and meetings in Vienna (client not established).</p><p><a href="https://www.b0b.dev/report#X">View in report</a></p>]]></description><TimeSpan><begin>2010-01-01</begin><end>2010-12-31</end></TimeSpan><Point><coordinates>34.7818,32.0853,0</coordinates></Point></Placemark><Placemark><name>Paramount Pictures, Hollywood</name><styleUrl>#t-corporate</styleUrl><description><![CDATA[<p><b>Section X</b> &middot; corporate</p><p>Founded 1912; the last major studio still headquartered in Hollywood (5555 Melrose Ave). The CIA has an entertainment liaison office; military equipment and base access come through the Pentagon&#x27;s liaison. Paramount: Top Gun (1986), during whose run the Navy staffed recruitment booths at some theatres; Mission: Impossible franchise.</p><p><a href="https://www.b0b.dev/report#X">View in report</a></p>]]></description><TimeSpan><begin>1912-01-01</begin><end>1912-12-31</end></TimeSpan><Point><coordinates>-118.3195,34.0833,0</coordinates></Point></Placemark><Placemark><name>Universal Studios, Universal City</name><styleUrl>#t-corporate</styleUrl><description><![CDATA[<p><b>Section X</b> &middot; corporate</p><p>NBCUniversal - owned by Comcast, the largest home internet service provider in the US. The Bourne franchise: CIA assassins, mass surveillance, rogue programs. Jurassic World: InGen&#x27;s plan to weaponise dinosaurs.</p><p><a href="https://www.b0b.dev/report#X">View in report</a></p>]]></description><Point><coordinates>-118.3534,34.1381,0</coordinates></Point></Placemark><Placemark><name>Sony Pictures / Columbia, Culver City</name><styleUrl>#t-corporate</styleUrl><description><![CDATA[<p><b>Section X</b> &middot; corporate</p><p>Sony Pictures Entertainment - Columbia Pictures began as CBC Film Sales (1918). Zero Dark Thirty (2012): the CIA cooperated with the filmmakers; an unreleased Defense Department Inspector General draft (reported June 2013) said CIA Director Leon Panetta disclosed classified information at a 2011 CIA ceremony attended by screenwriter Mark Boal. Sony hack (2014), attributed by the US government to North Korea, over &#x27;The Interview&#x27;.</p><p><a href="https://www.b0b.dev/report#X">View in report</a></p>]]></description><TimeSpan><begin>1918-01-01</begin><end>1918-12-31</end></TimeSpan><Point><coordinates>-118.4014,34.0201,0</coordinates></Point></Placemark><Placemark><name>Walt Disney Studios, Burbank</name><styleUrl>#t-corporate</styleUrl><description><![CDATA[<p><b>Section X</b> &middot; corporate</p><p>Walt Disney testified before HUAC (1947), naming union organizers Herbert Sorrell, David Hilberman and William Pomerance as communist agitators. Made an FBI &#x27;SAC Contact&#x27; in 1954 (the FBI calls it largely honorary). &#x27;Man in Space&#x27; (ABC, March 1955) featured Wernher von Braun, brought to the US under Operation Paperclip. Disneyland opened the same year. Disney now owns Marvel, Lucasfilm, Pixar, ABC, ESPN and most of National Geographic.</p><p><a href="https://www.b0b.dev/report#X">View in report</a></p>]]></description><TimeSpan><begin>1954-01-01</begin><end>1954-12-31</end></TimeSpan><Point><coordinates>-118.3254,34.1565,0</coordinates></Point></Placemark><Placemark><name>Warner Bros. Studios, Burbank</name><styleUrl>#t-corporate</styleUrl><description><![CDATA[<p><b>Section X</b> &middot; corporate</p><p>Warner Bros. Discovery - merged with Discovery (2022). The Matrix franchise. Eyes Wide Shut (1999): Kubrick delivered his final cut on 1 March 1999 and died on 7 March; for the US release Warner digitally obscured parts of the orgy scene with added figures to secure an R rating.</p><p><a href="https://www.b0b.dev/report#X">View in report</a></p>]]></description><TimeStamp><when>1999-03-07</when></TimeStamp><Point><coordinates>-118.3381,34.1483,0</coordinates></Point></Placemark><Placemark><name>Pinewood Studios, Buckinghamshire, UK</name><styleUrl>#t-corporate</styleUrl><description><![CDATA[<p><b>Section X</b> &middot; corporate</p><p>UK film studio, opened 30 September 1936; home of the James Bond franchise. Ian Fleming, Bond&#x27;s creator, served in Naval Intelligence in WWII (personal assistant to the Director of Naval Intelligence, codename 17F). Also Star Wars and Marvel productions.</p><p><a href="https://www.b0b.dev/report#X">View in report</a></p>]]></description><TimeSpan><begin>1936-01-01</begin><end>1936-12-31</end></TimeSpan><Point><coordinates>-0.534,51.548,0</coordinates></Point></Placemark><Placemark><name>Elstree Studios, Hertfordshire, UK</name><styleUrl>#t-corporate</styleUrl><description><![CDATA[<p><b>Section X</b> &middot; corporate</p><p>Original Star Wars trilogy (1977-1983), Indiana Jones, The Shining. Adjacent to Elstree film history - Borehamwood was &#x27;British Hollywood.&#x27; Also home to Big Brother UK. From Kubrick to reality TV surveillance entertainment - the arc of the panopticon as content.</p><p><a href="https://www.b0b.dev/report#X">View in report</a></p>]]></description><TimeSpan><begin>1977-01-01</begin><end>1977-12-31</end></TimeSpan><Point><coordinates>-0.294,51.656,0</coordinates></Point></Placemark><Placemark><name>Shepperton Studios, Surrey, UK</name><styleUrl>#t-corporate</styleUrl><description><![CDATA[<p><b>Section X</b> &middot; corporate</p><p>Established 1931 (as Sound City); owned by the Pinewood Group since 2001. Ridley Scott&#x27;s Alien (1979), The Omen, Gandhi. About 17 miles from central London.</p><p><a href="https://www.b0b.dev/report#X">View in report</a></p>]]></description><TimeSpan><begin>1931-01-01</begin><end>1931-12-31</end></TimeSpan><Point><coordinates>-0.459,51.386,0</coordinates></Point></Placemark><Placemark><name>Cinecittà Studios, Rome, Italy</name><styleUrl>#t-corporate</styleUrl><description><![CDATA[<p><b>Section X</b> &middot; corporate</p><p>Founded 1937 by Mussolini - &#x27;Cinema City&#x27; - as state film infrastructure. Fellini transformed it postwar. Ben-Hur (1959), Cleopatra (1963), Gangs of New York (2002). The fascist infrastructure repurposed but never demolished.</p><p><a href="https://www.b0b.dev/report#X">View in report</a></p>]]></description><TimeSpan><begin>1937-01-01</begin><end>1937-12-31</end></TimeSpan><Point><coordinates>12.575,41.852,0</coordinates></Point></Placemark><Placemark><name>Studio Babelsberg, Potsdam, Germany</name><styleUrl>#t-corporate</styleUrl><description><![CDATA[<p><b>Section X</b> &middot; corporate</p><p>World&#x27;s oldest large-scale film studio (1912). Metropolis (1927, Fritz Lang) - the film that depicted class stratification as architectural fact. UFA under Goebbels: Nazi propaganda machine. Postwar: DEFA (East German state film). Post-reunification: Hollywood productions (Inglourious Basterds, Grand Budapest Hotel). The studio that served Weimar, Nazi, Communist, and capitalist masters. Every regime needs a camera.</p><p><a href="https://www.b0b.dev/report#X">View in report</a></p>]]></description><TimeSpan><begin>1912-01-01</begin><end>1912-12-31</end></TimeSpan><Point><coordinates>13.058,52.388,0</coordinates></Point></Placemark><Placemark><name>Mosfilm Studios, Moscow, Russia</name><styleUrl>#t-corporate</styleUrl><description><![CDATA[<p><b>Section X</b> &middot; corporate</p><p>Soviet Union&#x27;s primary film studio (founded 1920). Eisenstein&#x27;s &#x27;Battleship Potemkin&#x27; (1925) - the film that taught the world montage was a weapon. Soviet cinema as state function: every film approved by Goskino (State Committee for Cinematography). Tarkovsky&#x27;s &#x27;Stalker&#x27; (1979): the Zone as forbidden knowledge territory. Mosfilm still operates. Russia&#x27;s RT (state media) is the modern continuation - same state, different medium.</p><p><a href="https://www.b0b.dev/report#X">View in report</a></p>]]></description><TimeSpan><begin>1920-01-01</begin><end>1920-12-31</end></TimeSpan><Point><coordinates>37.5285,55.7155,0</coordinates></Point></Placemark><Placemark><name>Mumbai Film City (Goregaon), India</name><styleUrl>#t-corporate</styleUrl><description><![CDATA[<p><b>Section X</b> &middot; corporate</p><p>Film City (Dadasaheb Phalke Chitranagari), Goregaon - production hub of Hindi cinema (Bollywood). Indian cinema as a whole is the world&#x27;s largest by output - 1,986 features in 2017, of which 364 in Hindi. Content is certified by the Central Board of Film Certification under the Information and Broadcasting Ministry.</p><p><a href="https://www.b0b.dev/report#X">View in report</a></p>]]></description><Point><coordinates>72.887351,19.1611,0</coordinates></Point></Placemark><Placemark><name>Ramoji Film City, Hyderabad, India</name><styleUrl>#t-corporate</styleUrl><description><![CDATA[<p><b>Section X</b> &middot; corporate</p><p>Guinness World Record: largest film studio complex (1,666 acres). Telugu, Tamil, Hindi, and international productions. Owned by Ramoji Group (Eenadu media conglomerate). India produces films in 20+ languages - the most linguistically diverse film industry on Earth. Cultural manufacturing at continental scale.</p><p><a href="https://www.b0b.dev/report#X">View in report</a></p>]]></description><Point><coordinates>78.6808,17.2543,0</coordinates></Point></Placemark><Placemark><name>Toho Studios, Setagaya, Tokyo, Japan</name><styleUrl>#t-corporate</styleUrl><description><![CDATA[<p><b>Section X</b> &middot; corporate</p><p>Godzilla (1954) - the first film was not entertainment. It was Hiroshima processed through metaphor. The monster created by nuclear radiation, destroying Tokyo - 9 years after the actual nuclear destruction of Hiroshima and Nagasaki. Toho produced it. Akira Kurosawa&#x27;s films also Toho. Japanese cinema&#x27;s postwar output is atomic trauma rendered as genre. The bomb became a monster. The monster became a franchise.</p><p><a href="https://www.b0b.dev/report#X">View in report</a></p>]]></description><TimeSpan><begin>1954-01-01</begin><end>1954-12-31</end></TimeSpan><Point><coordinates>139.6101,35.6321,0</coordinates></Point></Placemark><Placemark><name>CJ ENM / Korean Film Studios, Seoul</name><styleUrl>#t-corporate</styleUrl><description><![CDATA[<p><b>Section X</b> &middot; corporate</p><p>CJ ENM (entertainment division at Sangam DMC, Mapo-gu) - South Korean cultural export machine, &#x27;Hallyu&#x27;. Distributed Parasite (2019, Bong Joon-ho), the first non-English-language Best Picture Oscar winner. The South Korean Ministry of Culture invests directly in cultural export. CJ Group is a Samsung family offshoot.</p><p><a href="https://www.b0b.dev/report#X">View in report</a></p>]]></description><TimeSpan><begin>2019-01-01</begin><end>2019-12-31</end></TimeSpan><Point><coordinates>126.8894,37.5793,0</coordinates></Point></Placemark><Placemark><name>Hengdian World Studios, Zhejiang, China</name><styleUrl>#t-corporate</styleUrl><description><![CDATA[<p><b>Section X</b> &middot; corporate</p><p>One of the largest outdoor film studios in the world - about 331 ha (820 acres), developed from the mid-1990s by the private Hengdian Group. Replicas of the Forbidden City and historical Chinese cities. Films released in China require approval under the CCP Central Propaganda Department&#x27;s film administration; foreign imports are limited by quota.</p><p><a href="https://www.b0b.dev/report#X">View in report</a></p>]]></description><Point><coordinates>120.247,29.131,0</coordinates></Point></Placemark><Placemark><name>China Film Group / Beijing Studios</name><styleUrl>#t-corporate</styleUrl><description><![CDATA[<p><b>Section X</b> &middot; corporate</p><p>Party-owned enterprise under the CCP Central Propaganda Department; described as a state monopoly that produces, distributes and regulates imported films (34 revenue-sharing imports a year under the 2012 quota). Hollywood studios have altered content for Chinese market access. Studio base in Huairou District.</p><p><a href="https://www.b0b.dev/report#X">View in report</a></p>]]></description><Point><coordinates>116.466,39.981,0</coordinates></Point></Placemark><Placemark><name>Nollywood - Lagos Film District, Nigeria</name><styleUrl>#t-corporate</styleUrl><description><![CDATA[<p><b>Section X</b> &middot; corporate</p><p>World&#x27;s second largest film industry by volume (~2,500 films/year). $6.4B industry. Nollywood emerged from video parlor culture in the 1990s - no state funding, no studio system, pure market-driven production. Films distributed via VCD/DVD/streaming across Africa. Cultural influence: 300M+ viewers across the continent. The film industry that was never designed, never funded, and outproduces Hollywood. Organic cultural manufacturing.</p><p><a href="https://www.b0b.dev/report#X">View in report</a></p>]]></description><TimeSpan><begin>1992-01-01</begin><end>1992-12-31</end></TimeSpan><Point><coordinates>3.3792,6.5244,0</coordinates></Point></Placemark><Placemark><name>Disney Studios Australia (formerly Fox Studios Australia), Sydney</name><styleUrl>#t-corporate</styleUrl><description><![CDATA[<p><b>Section X</b> &middot; corporate</p><p>Owned by The Walt Disney Company (via its 21st Century Fox acquisition) on a 99-year lease from NSW; renamed from Fox Studios Australia in 2022. The Matrix, Moulin Rouge!, Star Wars Episodes II and III, Superman Returns.</p><p><a href="https://www.b0b.dev/report#X">View in report</a></p>]]></description><Point><coordinates>151.219,-33.892,0</coordinates></Point></Placemark><Placemark><name>Weta Workshop / Stone Street Studios, Wellington, NZ</name><styleUrl>#t-corporate</styleUrl><description><![CDATA[<p><b>Section X</b> &middot; corporate</p><p>Weta Workshop (founded 1987 by Richard Taylor and Tania Rodger) and Peter Jackson&#x27;s Stone Street Studios, both in Miramar, Wellington. Lord of the Rings, King Kong, Avatar.</p><p><a href="https://www.b0b.dev/report#X">View in report</a></p>]]></description><Point><coordinates>174.772,-41.301,0</coordinates></Point></Placemark><Placemark><name>Sines Cable Landing Station - Sines, Portugal</name><styleUrl>#t-submarine-cable</styleUrl><description><![CDATA[<p><b>Section X</b> &middot; submarine-cable</p><p>Sines is Portugal&#x27;s emerging Atlantic subsea hub: EllaLink lands here after crossing ~5,900 km from Fortaleza, Brazil, and the 8,760 km Medusa Mediterranean cable and the US-bound Nuvem system also terminate at the Sines Tech / Start Campus Sines 4.0 landing platform. It concentrates Europe–Americas–Africa traffic in one neutral facility. Source: Submarine Networks / EllaLink (submarinenetworks.com/en/stations/europe/portugal).</p><p><a href="https://www.b0b.dev/report#X">View in report</a></p>]]></description><Point><coordinates>-8.869,37.9565,0</coordinates></Point></Placemark><Placemark><name>Telxius Virginia Beach Cable Landing Station - Virginia Beach, USA</name><styleUrl>#t-submarine-cable</styleUrl><description><![CDATA[<p><b>Section X</b> &middot; submarine-cable</p><p>This single station at 1900 Corporate Landing Parkway lands three transatlantic systems: Microsoft/Meta&#x27;s MAREA (200 Tbps to Sopelana, Spain), Google&#x27;s 250 Tbps Dunant (to Saint-Hilaire-de-Riez, France), and Telxius&#x27;s ~11,000 km BRUSA (to Brazil and Puerto Rico), making it a primary US East Coast internet gateway. Source: Telxius / Submarine Networks (submarinenetworks.com/en/stations/north-america/usa-east/virginia-beach-cls).</p><p><a href="https://www.b0b.dev/report#X">View in report</a></p>]]></description><TimeSpan><begin>2018-02-01</begin><end>2018-02-28</end></TimeSpan><Point><coordinates>-76.0085,36.7775,0</coordinates></Point></Placemark><Placemark><name>Melkbosstrand Cable Landing Station - Cape Town, South Africa</name><styleUrl>#t-submarine-cable</styleUrl><description><![CDATA[<p><b>Section X</b> &middot; submarine-cable</p><p>Telkom&#x27;s Melkbosstrand station north of Cape Town lands the legacy SAT-3/WASC and SAFE systems and, since 2022, Google&#x27;s 144 Tbps, 12-fibre-pair Equiano cable running down Africa&#x27;s west coast from Lisbon, a chokepoint for southern African connectivity. Source: News24 / Submarine Networks (submarinenetworks.com/en/stations/africa/south-africa).</p><p><a href="https://www.b0b.dev/report#X">View in report</a></p>]]></description><TimeSpan><begin>2022-01-01</begin><end>2022-12-31</end></TimeSpan><Point><coordinates>18.4453,-33.7322,0</coordinates></Point></Placemark><Placemark><name>Nangan / Matsu Islands Cable Landing - Lienchiang County, Taiwan</name><styleUrl>#t-submarine-cable</styleUrl><description><![CDATA[<p><b>Section X</b> &middot; submarine-cable</p><p>In February 2023 both undersea cables linking Taiwan&#x27;s Matsu Islands to the main island were severed six days apart — Taiwan attributed the No. 2 break to a Chinese fishing vessel and No. 3 to a Chinese freighter — leaving ~13,000 residents largely offline for nearly two months, a flashpoint case in cable-sabotage concerns. Source: New Bloom Magazine / PBS NewsHour (newbloommag.net/2023/02/17/matsu-submarine-cable-cut).</p><p><a href="https://www.b0b.dev/report#X">View in report</a></p>]]></description><TimeSpan><begin>2023-02-01</begin><end>2023-02-28</end></TimeSpan><Point><coordinates>119.9388,26.1529,0</coordinates></Point></Placemark><Placemark><name>Piti Cable Landing Station - Piti, Guam</name><styleUrl>#t-submarine-cable</styleUrl><description><![CDATA[<p><b>Section X</b> &middot; submarine-cable</p><p>Guam is a Pacific &#x27;highway exchange&#x27; where trans-Pacific systems interconnect; GTA&#x27;s typhoon-hardened GU1/GU2 stations at Piti land SEA-US, JGA North and JGA South. The steel-reinforced concrete facility is engineered to withstand 170-mph wind gusts, reflecting the cables&#x27; strategic value as the nearest US territory to Asia. Source: GTA / Popular Science / Submarine Networks (submarinenetworks.com/en/stations/north-america/usa-guam/piti).</p><p><a href="https://www.b0b.dev/report#X">View in report</a></p>]]></description><Point><coordinates>144.6964,13.4647,0</coordinates></Point></Placemark><Placemark><name>Mombasa Cable Landing Station - Mombasa, Kenya</name><styleUrl>#t-submarine-cable</styleUrl><description><![CDATA[<p><b>Section X</b> &middot; submarine-cable</p><p>Mombasa is East Africa&#x27;s principal cable gateway, landing SEACOM (a 17,000 km system), the 10,000 km EASSy along Africa&#x27;s east coast, TEAMS, PEACE, and a planned 2Africa branch, funneling the region&#x27;s international bandwidth through one coastal node. Source: Submarine Networks / WIOCC SEACOM (submarinenetworks.com/en/stations/africa/kenya).</p><p><a href="https://www.b0b.dev/report#X">View in report</a></p>]]></description><Point><coordinates>39.6672,-4.0505,0</coordinates></Point></Placemark><Placemark><name>Chikura Cable Landing Station - Minamiboso, Japan</name><styleUrl>#t-submarine-cable</styleUrl><description><![CDATA[<p><b>Section X</b> &middot; submarine-cable</p><p>KDDI&#x27;s Chikura station in Chiba lands the 11,629 km FASTER trans-Pacific cable (a Google/KDDI/SingTel/China Mobile/China Telecom consortium, 60 Tbps design) plus Unity and other systems, making it a key eastern terminus for US–Japan internet traffic. Source: Submarine Networks / FASTER (submarinenetworks.com/en/stations/asia/japan/faster-ckikura-cls).</p><p><a href="https://www.b0b.dev/report#X">View in report</a></p>]]></description><Point><coordinates>139.9547,34.9767,0</coordinates></Point></Placemark><Placemark><name>Catania / Sicily Cable Landing Hub - Catania, Italy</name><styleUrl>#t-submarine-cable</styleUrl><description><![CDATA[<p><b>Section X</b> &middot; submarine-cable</p><p>More than 20 subsea cables land on Sicily; the Catania landing station is a carrier-neutral node for SEA-ME-WE 5, and Sparkle&#x27;s Sicily Hub interconnects most Mediterranean cables, positioning the island as a primary Europe–Asia–Africa transit point. Source: Telecom Italia Sparkle / Submarine Networks (submarinenetworks.com/en/stations/europe/italy/sicily).</p><p><a href="https://www.b0b.dev/report#X">View in report</a></p>]]></description><Point><coordinates>15.0874,37.5024,0</coordinates></Point></Placemark><Placemark><name>Jeddah Cable Landing - Red Sea Chokepoint, Saudi Arabia</name><styleUrl>#t-submarine-cable</styleUrl><description><![CDATA[<p><b>Section X</b> &middot; submarine-cable</p><p>Jeddah anchors the Red Sea corridor, one of the world&#x27;s densest cable chokepoints. In late February 2024 several Europe-Asia cables between Jeddah and Djibouti were cut; the dragging anchor of the Houthi-struck bulk carrier Rubymar is the reported cause (attributed), disrupting up to a quarter of Red Sea traffic.</p><p><a href="https://www.b0b.dev/report#X">View in report</a></p>]]></description><TimeSpan><begin>2024-02-01</begin><end>2024-02-28</end></TimeSpan><Point><coordinates>39.1742,21.5504,0</coordinates></Point></Placemark><Placemark><name>Bandon Cable Landing Station - Bandon, Oregon, USA</name><styleUrl>#t-submarine-cable</styleUrl><description><![CDATA[<p><b>Section X</b> &middot; submarine-cable</p><p>The small Oregon coastal town of Bandon is the US landing point of Google&#x27;s FASTER trans-Pacific cable to Chikura/Shima, Japan and Tanshui, Taiwan — one of several trans-Pacific systems that make the Oregon coast a major gateway between North America and Asia. Source: Submarine Networks / FASTER (en.wikipedia.org/wiki/FASTER_(cable_system)).</p><p><a href="https://www.b0b.dev/report#X">View in report</a></p>]]></description><Point><coordinates>-124.4094,43.1196,0</coordinates></Point></Placemark><Placemark><name>Sopelana Cable Landing Station - Biscay, Spain</name><styleUrl>#t-submarine-cable</styleUrl><description><![CDATA[<p><b>Section X</b> &middot; submarine-cable</p><p>Sopelana, near Bilbao, is the European terminus of the Microsoft/Meta MAREA cable, which runs ~4,000 miles (6,600 km) from Virginia Beach and can carry 200 Tbps, one of the highest-capacity transatlantic routes into southern Europe. Source: Telxius / Data Centre Magazine (telxius.com/en/marea-2).</p><p><a href="https://www.b0b.dev/report#X">View in report</a></p>]]></description><Point><coordinates>-2.9838,43.3803,0</coordinates></Point></Placemark><Placemark><name>Integrated Joint Operations Platform (IJOP) - Xinjiang Public Security, Ürümqi</name><styleUrl>#t-surveillance</styleUrl><description><![CDATA[<p><b>Section X</b> &middot; surveillance</p><p>The IJOP is a predictive-policing system rolled out across Xinjiang after a 2016 directive, aggregating data from Wi-Fi sniffers, ID cards, cameras and checkpoints to flag Uyghurs for questioning and detention. Human Rights Watch and Cure53 reverse-engineered its mobile app in 2019, documenting it in &#x27;China&#x27;s Algorithms of Repression.&#x27; Source: Human Rights Watch, &#x27;China&#x27;s Algorithms of Repression&#x27; (2019); ASPI Xinjiang Data Project.</p><p><a href="https://www.b0b.dev/report#X">View in report</a></p>]]></description><TimeSpan><begin>2016-01-01</begin><end>2016-12-31</end></TimeSpan><Point><coordinates>87.6139,43.8244,0</coordinates></Point></Placemark><Placemark><name>NYPD Lower Manhattan Security Coordination Center (Domain Awareness System)</name><styleUrl>#t-surveillance</styleUrl><description><![CDATA[<p><b>Section X</b> &middot; surveillance</p><p>Opened in 2008 at 55 Broadway, this NYPD/Microsoft-built center aggregates the Domain Awareness System — as of 2014 pulling feeds from about 6,500 CCTV cameras and reading roughly 2 million license plates per day across Lower Manhattan. Source: Wikipedia (Lower Manhattan Security Initiative / Domain Awareness System); NYC.gov.</p><p><a href="https://www.b0b.dev/report#X">View in report</a></p>]]></description><TimeSpan><begin>2008-01-01</begin><end>2008-12-31</end></TimeSpan><Point><coordinates>-74.013,40.7068,0</coordinates></Point></Placemark><Placemark><name>GCHQ &#x27;The Doughnut&#x27; - Cheltenham, UK</name><styleUrl>#t-surveillance</styleUrl><description><![CDATA[<p><b>Section X</b> &middot; surveillance</p><p>The 200-metre-diameter ring building completed in 2003 houses Britain&#x27;s signals-intelligence agency GCHQ and its roughly 5,500 staff; documents leaked by Edward Snowden in 2013 revealed its Tempora bulk-interception programme tapping transatlantic fibre cables. Source: Wikipedia (The Doughnut / GCHQ); The Guardian (Snowden disclosures).</p><p><a href="https://www.b0b.dev/report#X">View in report</a></p>]]></description><TimeSpan><begin>2003-01-01</begin><end>2003-12-31</end></TimeSpan><Point><coordinates>-2.1214,51.8978,0</coordinates></Point></Placemark><Placemark><name>Clearview AI Headquarters - New York</name><styleUrl>#t-surveillance</styleUrl><description><![CDATA[<p><b>Section X</b> &middot; surveillance</p><p>Clearview AI (Manhattan) sells facial recognition against a database of scraped web and social-media images (20 billion+ per Wikipedia; the company has since claimed 50 billion+) to law enforcement. Regulators in France, Italy, Greece, the Netherlands and the UK have fined it, and Australia&#x27;s privacy regulator ordered it to stop collecting and delete data.</p><p><a href="https://www.b0b.dev/report#X">View in report</a></p>]]></description><Point><coordinates>-73.9939,40.7481,0</coordinates></Point></Placemark><Placemark><name>BND Headquarters - Berlin, Germany</name><styleUrl>#t-surveillance</styleUrl><description><![CDATA[<p><b>Section X</b> &middot; surveillance</p><p>Germany&#x27;s foreign-intelligence service (BND) occupies the world&#x27;s largest intelligence headquarters — 260,000 m2, completed 2017 at a cost of about EUR 1.09 billion — housing roughly 4,000 of its staff on Chausseestraße in central Berlin. Source: Wikipedia (Headquarters of the Federal Intelligence Service); Daily Sabah.</p><p><a href="https://www.b0b.dev/report#X">View in report</a></p>]]></description><TimeSpan><begin>2017-01-01</begin><end>2017-12-31</end></TimeSpan><Point><coordinates>13.3781,52.5323,0</coordinates></Point></Placemark><Placemark><name>Moscow &#x27;Safe City&#x27; Facial-Recognition Network - Moscow, Russia</name><styleUrl>#t-surveillance</styleUrl><description><![CDATA[<p><b>Section X</b> &middot; surveillance</p><p>Moscow&#x27;s Department of Information Technology runs a live facial-recognition network — powered by NtechLab&#x27;s FindFace — across roughly 175,000+ street and metro cameras, launched at scale on 1 January 2020; it has been used to identify and detain protesters and draft evaders. Source: Biometric Update; TASS; VSquare (Kremlin Leaks).</p><p><a href="https://www.b0b.dev/report#X">View in report</a></p>]]></description><TimeStamp><when>2020-01-01</when></TimeStamp><Point><coordinates>37.6064,55.6256,0</coordinates></Point></Placemark><Placemark><name>Goldstone Deep Space Communications Complex - Fort Irwin, California</name><styleUrl>#t-satellite</styleUrl><description><![CDATA[<p><b>Section X</b> &middot; satellite</p><p>Operated by NASA&#x27;s JPL on the US Army&#x27;s Fort Irwin reservation, Goldstone is the US node of the three-station Deep Space Network; its DSS-14 &#x27;Mars&#x27; antenna (64 m from 1966, 70 m since 1988) tracks interplanetary spacecraft.</p><p><a href="https://www.b0b.dev/report#X">View in report</a></p>]]></description><Point><coordinates>-116.8562,35.38928,0</coordinates></Point></Placemark><Placemark><name>Madrid Deep Space Communications Complex - Robledo de Chavela, Spain</name><styleUrl>#t-satellite</styleUrl><description><![CDATA[<p><b>Section X</b> &middot; satellite</p><p>One of three NASA Deep Space Network complexes spaced ~120 degrees apart in longitude, this site ~65 km west of Madrid has operated since 1965 and hosts a 70-metre antenna; it is run by JPL with Spain&#x27;s INTA. Source: Wikipedia (Madrid Deep Space Communications Complex); NASA.</p><p><a href="https://www.b0b.dev/report#X">View in report</a></p>]]></description><TimeSpan><begin>1965-01-01</begin><end>1965-12-31</end></TimeSpan><Point><coordinates>-4.2525,40.4271,0</coordinates></Point></Placemark><Placemark><name>Guiana Space Centre - Kourou, French Guiana</name><styleUrl>#t-satellite</styleUrl><description><![CDATA[<p><b>Section X</b> &middot; satellite</p><p>Europe&#x27;s primary spaceport, operated by France&#x27;s CNES and ESA near the equator at Kourou, launches Ariane and Vega rockets; its near-equatorial location gives a fuel-saving boost for placing satellites into geostationary orbit. Source: Wikipedia (Guiana Space Centre); ESA/CNES.</p><p><a href="https://www.b0b.dev/report#X">View in report</a></p>]]></description><Point><coordinates>-52.7739,5.2124,0</coordinates></Point></Placemark><Placemark><name>Satish Dhawan Space Centre (SHAR) - Sriharikota, India</name><styleUrl>#t-satellite</styleUrl><description><![CDATA[<p><b>Section X</b> &middot; satellite</p><p>ISRO&#x27;s orbital launch site on Sriharikota island, launching PSLV, GSLV and LVM3; departure point for Chandrayaan and Mangalyaan. A second spaceport at Kulasekarapattinam (SSLV) is due to open around end-2026.</p><p><a href="https://www.b0b.dev/report#X">View in report</a></p>]]></description><Point><coordinates>80.23,13.72,0</coordinates></Point></Placemark><Placemark><name>Cavalier Space Force Station (PARCS) - North Dakota</name><styleUrl>#t-satellite</styleUrl><description><![CDATA[<p><b>Section X</b> &middot; satellite</p><p>Home to the AN/FPQ-16 PARCS UHF phased-array radar (6,888 elements; originally 6,144 dipoles) run by the 10th Space Warning Squadron; provides ICBM/SLBM warning and tracks over half of all Earth-orbiting objects.</p><p><a href="https://www.b0b.dev/report#X">View in report</a></p>]]></description><Point><coordinates>-97.9028,48.7264,0</coordinates></Point></Placemark><Placemark><name>Tanegashima Space Center - Minamitane, Japan</name><styleUrl>#t-satellite</styleUrl><description><![CDATA[<p><b>Section X</b> &middot; satellite</p><p>JAXA&#x27;s primary spaceport, covering ~9.7 million m2 on the southeast coast of Tanegashima island, is Japan&#x27;s largest rocket launch facility and the base for H-IIA/H-IIB and H3 launches carrying satellites and ISS resupply vehicles. Source: Wikipedia (Tanegashima Space Center); JAXA.</p><p><a href="https://www.b0b.dev/report#X">View in report</a></p>]]></description><Point><coordinates>130.9578,30.3943,0</coordinates></Point></Placemark><Placemark><name>Glencore HQ, Baar, Switzerland</name><styleUrl>#t-corporate</styleUrl><description><![CDATA[<p><b>Section X</b> &middot; corporate</p><p>Baar-headquartered Glencore is by many estimates the world&#x27;s largest commodity trader, moving metals, minerals, coal and oil globally; in 2022 it pleaded guilty in US, UK and Brazilian courts to a multi-year bribery and market-manipulation scheme and paid roughly $1.5 billion in penalties. Its executive board and all group compliance functions sit at the Baar campus. Source: Reuters / U.S. DOJ (2022 Glencore FCPA settlement); Wikipedia: Glencore.</p><p><a href="https://www.b0b.dev/report#X">View in report</a></p>]]></description><TimeSpan><begin>2022-01-01</begin><end>2022-12-31</end></TimeSpan><Point><coordinates>8.5273,47.1814,0</coordinates></Point></Placemark><Placemark><name>Cargill HQ, Minnetonka, Minnesota</name><styleUrl>#t-corporate</styleUrl><description><![CDATA[<p><b>Section X</b> &middot; corporate</p><p>Cargill is the largest privately held company in the United States, posting record revenue of about $177 billion and topping the Forbes private-company list nearly every year since 1985. The family-controlled agribusiness dominates global grain, meat and commodity supply chains with roughly 160,000 employees in 70 countries. Source: Forbes / Star Tribune (2023, &#x27;Cargill retains top spot on Forbes list of largest U.S. private companies&#x27;).</p><p><a href="https://www.b0b.dev/report#X">View in report</a></p>]]></description><TimeSpan><begin>1865-01-01</begin><end>1865-12-31</end></TimeSpan><Point><coordinates>-93.4767,44.9522,0</coordinates></Point></Placemark><Placemark><name>ASML HQ, Veldhoven, Netherlands</name><styleUrl>#t-corporate</styleUrl><description><![CDATA[<p><b>Section X</b> &middot; corporate</p><p>ASML&#x27;s Veldhoven campus: the world&#x27;s only manufacturer of extreme-ultraviolet (EUV) lithography machines, required for the most advanced chips. Its newest High-NA EUV systems cost about $370 million each. Dutch export controls on ASML sales to China are a core front in the chip war.</p><p><a href="https://www.b0b.dev/report#X">View in report</a></p>]]></description><Point><coordinates>5.417,51.4044,0</coordinates></Point></Placemark><Placemark><name>Maersk HQ, Copenhagen, Denmark</name><styleUrl>#t-corporate</styleUrl><description><![CDATA[<p><b>Section X</b> &middot; corporate</p><p>A.P. Moller-Maersk, headquartered on Copenhagen&#x27;s Esplanaden, was the world&#x27;s largest container-shipping line from 1996 until January 2022, when MSC overtook it; it remains the second largest. A systemic node in supply-chain and trade-chokepoint analysis.</p><p><a href="https://www.b0b.dev/report#X">View in report</a></p>]]></description><TimeSpan><begin>1996-01-01</begin><end>1996-12-31</end></TimeSpan><Point><coordinates>12.5977,55.6877,0</coordinates></Point></Placemark><Placemark><name>Rheinmetall HQ, Düsseldorf, Germany</name><styleUrl>#t-corporate</styleUrl><description><![CDATA[<p><b>Section X</b> &middot; corporate</p><p>Rheinmetall is Germany&#x27;s largest arms manufacturer, a leading supplier of tank guns, ammunition and armored vehicles to NATO and Ukraine; its defense sales surged to EUR 7.6 billion in 2024 as European rearmament accelerated, and its stock has risen over 1,000% since 2022. Source: Fortune (2025); Wikipedia: Rheinmetall.</p><p><a href="https://www.b0b.dev/report#X">View in report</a></p>]]></description><TimeSpan><begin>2024-01-01</begin><end>2024-12-31</end></TimeSpan><Point><coordinates>6.7852,51.2536,0</coordinates></Point></Placemark><Placemark><name>Samsung Digital City, Suwon, South Korea</name><styleUrl>#t-corporate</styleUrl><description><![CDATA[<p><b>Section X</b> &middot; corporate</p><p>Samsung Electronics&#x27; principal headquarters, a roughly 390-acre &#x27;Digital City&#x27; campus 30 km south of Seoul, houses around 37,000 employees and over half of the division&#x27;s R&amp;D workforce across five office towers up to 40 stories tall. It is the birthplace of the Galaxy line and the nerve center of the Samsung chaebol. Source: YnetNews / The Business Standard (&#x27;A peek into Samsung Digital City&#x27;).</p><p><a href="https://www.b0b.dev/report#X">View in report</a></p>]]></description><Point><coordinates>127.0513,37.2581,0</coordinates></Point></Placemark><Placemark><name>Hikvision Headquarters - Hangzhou, China</name><styleUrl>#t-surveillance</styleUrl><description><![CDATA[<p><b>Section X</b> &middot; surveillance</p><p>Hangzhou Hikvision Digital Technology, the world&#x27;s largest maker of video-surveillance gear, is partly state-owned and was placed on the U.S. Commerce Department Entity List in 2019 over its role supplying cameras used in the mass surveillance of Uyghurs in Xinjiang. Its HQ is at No.555 Qianmo Road, Binjiang District. Source: Wikipedia (Hikvision); AFSC Investigate; U.S. Commerce Dept. Entity List.</p><p><a href="https://www.b0b.dev/report#X">View in report</a></p>]]></description><TimeSpan><begin>2019-01-01</begin><end>2019-12-31</end></TimeSpan><Point><coordinates>120.2072,30.211,0</coordinates></Point></Placemark><Placemark><name>Dahua Technology Headquarters - Hangzhou, China</name><styleUrl>#t-surveillance</styleUrl><description><![CDATA[<p><b>Section X</b> &middot; surveillance</p><p>Zhejiang Dahua Technology, the world&#x27;s second-largest video-surveillance manufacturer, was added to the U.S. Entity List in 2019 and its equipment banned from U.S. federal networks over links to Xinjiang surveillance. HQ is at No.1199 Bin&#x27;an Road, Binjiang District. Source: Wikipedia (Dahua Technology); U.S. FCC/Commerce Dept..</p><p><a href="https://www.b0b.dev/report#X">View in report</a></p>]]></description><TimeSpan><begin>2019-01-01</begin><end>2019-12-31</end></TimeSpan><Point><coordinates>120.2072,30.211,0</coordinates></Point></Placemark><Placemark><name>Telangana Integrated Command and Control Centre - Hyderabad, India</name><styleUrl>#t-surveillance</styleUrl><description><![CDATA[<p><b>Section X</b> &middot; surveillance</p><p>Inaugurated 4 August 2022 in Banjara Hills at a cost of over Rs 600 crore, this complex houses the Hyderabad City Police Commissionerate and integrates over 100,000 CCTV cameras state-wide with AI and analytics modules for real-time monitoring and predictive policing.</p><p><a href="https://www.b0b.dev/report#X">View in report</a></p>]]></description><TimeStamp><when>2022-08-04</when></TimeStamp><Point><coordinates>78.4399,17.4177,0</coordinates></Point></Placemark><Placemark><name>Canberra Deep Space Communication Complex - Tidbinbilla, Australia</name><styleUrl>#t-satellite</styleUrl><description><![CDATA[<p><b>Section X</b> &middot; satellite</p><p>The southern-hemisphere node of NASA&#x27;s Deep Space Network, ~20 km southwest of Canberra, is managed by CSIRO; its DSS-43 70-metre dish is the only antenna on Earth able to send commands to Voyager 2. Source: Wikipedia (Canberra Deep Space Communication Complex); CSIRO/NASA.</p><p><a href="https://www.b0b.dev/report#X">View in report</a></p>]]></description><Point><coordinates>148.9766,-35.4277,0</coordinates></Point></Placemark><Placemark><name>RAF Fylingdales - North Yorkshire, UK</name><styleUrl>#t-satellite</styleUrl><description><![CDATA[<p><b>Section X</b> &middot; satellite</p><p>Operational since 1963 on the North York Moors, Fylingdales is one of three Ballistic Missile Early Warning System sites (with Clear, Alaska and Thule/Pituffik, Greenland); its phased-array radar provides US and UK missile warning and tracks satellites and debris to about 3,000 nautical miles (5,600 km).</p><p><a href="https://www.b0b.dev/report#X">View in report</a></p>]]></description><TimeSpan><begin>1963-01-01</begin><end>1963-12-31</end></TimeSpan><Point><coordinates>-0.6902,54.3318,0</coordinates></Point></Placemark><Placemark><name>Maui Space Surveillance Complex (AMOS) - Haleakalā, Hawaii</name><styleUrl>#t-satellite</styleUrl><description><![CDATA[<p><b>Section X</b> &middot; satellite</p><p>Atop Haleakala, this Space Force site (15th Space Surveillance Squadron with AFRL) hosts AEOS, the largest US optical telescope designed for tracking satellites, and one of the three US GEODSS deep-space surveillance sites.</p><p><a href="https://www.b0b.dev/report#X">View in report</a></p>]]></description><Point><coordinates>-156.25806,20.70833,0</coordinates></Point></Placemark><Placemark><name>Luigi Broglio Space Centre (Malindi Station) - Kenya</name><styleUrl>#t-satellite</styleUrl><description><![CDATA[<p><b>Section X</b> &middot; satellite</p><p>Italian-operated equatorial spaceport off the Kenyan coast near Malindi: 27 launches between 1964 and 1988 (3 from Santa Rita, 24 from the San Marco platform), including orbital Scout launches; it still operates a satellite ground station managed by the Italian Space Agency (ASI).</p><p><a href="https://www.b0b.dev/report#X">View in report</a></p>]]></description><TimeSpan><begin>1964-01-01</begin><end>1964-12-31</end></TimeSpan><Point><coordinates>40.2125,-2.93833,0</coordinates></Point></Placemark><Placemark><name>Saudi Aramco HQ, Dhahran, Saudi Arabia</name><styleUrl>#t-corporate</styleUrl><description><![CDATA[<p><b>Section X</b> &middot; corporate</p><p>State-controlled Saudi Aramco, with 2024 net income of $106 billion, holds more than 270 billion barrels of proven crude reserves and produced 12.7 million barrels of oil equivalent per day in 2024. Headquartered in Dhahran.</p><p><a href="https://www.b0b.dev/report#X">View in report</a></p>]]></description><TimeSpan><begin>2024-01-01</begin><end>2024-12-31</end></TimeSpan><Point><coordinates>50.1202,26.2967,0</coordinates></Point></Placemark><Placemark><name>TSMC HQ, Hsinchu Science Park, Taiwan</name><styleUrl>#t-corporate</styleUrl><description><![CDATA[<p><b>Section X</b> &middot; corporate</p><p>Taiwan Semiconductor Manufacturing Company is the world&#x27;s largest dedicated chip foundry, controlling roughly 60-70% of the global foundry market and producing nearly all of the planet&#x27;s most advanced (5nm/3nm) processors. Its Hsinchu concentration makes the site a central chokepoint in US-China technology geopolitics. Source: TSMC corporate; CNBC / Wikipedia: TSMC.</p><p><a href="https://www.b0b.dev/report#X">View in report</a></p>]]></description><Point><coordinates>121.0142,24.7759,0</coordinates></Point></Placemark><Placemark><name>NSO Group HQ, Herzliya, Israel</name><styleUrl>#t-corporate</styleUrl><description><![CDATA[<p><b>Section X</b> &middot; corporate</p><p>The Israeli cyber-intelligence firm NSO Group makes Pegasus, a zero-click smartphone spyware classified by Israel as a military export; the 2021 Pegasus Project revealed its use against journalists, activists and officials worldwide, prompting a US Commerce Department blacklisting. The company is based in Herzliya, north of Tel Aviv. Source: Amnesty International / OCCRP Pegasus Project (2021); Wikipedia: NSO Group.</p><p><a href="https://www.b0b.dev/report#X">View in report</a></p>]]></description><TimeSpan><begin>2021-01-01</begin><end>2021-12-31</end></TimeSpan><Point><coordinates>34.8308,32.1677,0</coordinates></Point></Placemark><Placemark><name>Vitol HQ, Geneva, Switzerland</name><styleUrl>#t-corporate</styleUrl><description><![CDATA[<p><b>Section X</b> &middot; corporate</p><p>Vitol is the world&#x27;s largest independent oil trader, moving over 7 million barrels a day and posting revenues around $343 billion in 2025; the secretive Geneva-run firm controls some 250 tankers and has faced US and Brazilian bribery settlements over crude-trading corruption in Latin America. Source: SWI swissinfo.ch; Wikipedia: Vitol; U.S. DOJ (2020 Vitol FCPA settlement).</p><p><a href="https://www.b0b.dev/report#X">View in report</a></p>]]></description><TimeSpan><begin>2025-01-01</begin><end>2025-12-31</end></TimeSpan><Point><coordinates>6.1457,46.2078,0</coordinates></Point></Placemark><Placemark><name>Tencent Binhai Towers, Shenzhen, China</name><styleUrl>#t-corporate</styleUrl><description><![CDATA[<p><b>Section X</b> &middot; corporate</p><p>Tencent&#x27;s global headquarters, the twin Binhai Towers in Shenzhen&#x27;s Nanshan tech district, opened in 2017 after a 1.8-billion-yuan build. Tencent operates WeChat, the super-app woven into Chinese payments, messaging and state-linked data governance for over a billion users. Source: Tencent corporate; Wikipedia: Tencent Binhai Mansion.</p><p><a href="https://www.b0b.dev/report#X">View in report</a></p>]]></description><TimeSpan><begin>2017-01-01</begin><end>2017-12-31</end></TimeSpan><Point><coordinates>113.9334,22.5258,0</coordinates></Point></Placemark><Placemark><name>IBM Corporate HQ, Armonk, New York</name><styleUrl>#t-corporate</styleUrl><description><![CDATA[<p><b>Section X</b> &middot; corporate</p><p>Headquarters of the company whose founding product was population registration. Herman Hollerith&#x27;s tabulating machines were built for the 1890 US census; the firm became CTR and then IBM in 1924. The through-line this map follows is not a company&#x27;s character but a capability - turning a population into a machine-readable index, sold to whoever is doing the registering. See report Section X for the full tiering, including what IBM disputes.</p><p><a href="https://www.b0b.dev/report#X">View in report</a></p>]]></description><Point><coordinates>-73.72036,41.1134,0</coordinates></Point></Placemark><Placemark><name>IBM Endicott, New York - the origin plant</name><styleUrl>#t-corporate</styleUrl><description><![CDATA[<p><b>Section X</b> &middot; corporate</p><p>Endicott is where IBM&#x27;s manufacturing began and where the punch card was industrialised - the company town, the &#x27;Homestead&#x27;, the origin of the culture. The card itself is the artefact worth noticing: a physical object encoding a person as a pattern of holes, sortable at machine speed. Every later capability in this section - the smart-city camera, the licence-plate reader, the biometric index - is the same operation performed faster and without the paper.</p><p><a href="https://www.b0b.dev/report#X">View in report</a></p>]]></description><Point><coordinates>-76.04937,42.09841,0</coordinates></Point></Placemark><Placemark><name>Dehomag works, Berlin-Lichterfelde (approx.)</name><styleUrl>#t-corporate</styleUrl><description><![CDATA[<p><b>Section X</b> &middot; corporate</p><p>Deutsche Hollerith-Maschinen GmbH - Dehomag - IBM&#x27;s German subsidiary, whose Berlin plant supplied the tabulating machinery used in Reich census and registration work. Location approximate to the Lichterfelde district. DOCUMENTED: CTR/IBM acquired 90% of Dehomag in 1923, leaving founder Willy Heidinger 10%; Dehomag equipment was used in Nazi census and administrative operations; Thomas J. Watson Sr. accepted Hitler&#x27;s Merit Cross of the German Eagle with Star in Berlin in 1937 - the first American to receive it - and returned it in June 1940 under sustained pressure. CONTESTED: Edwin Black&#x27;s &#x27;IBM and the Holocaust&#x27; (2001) argues continuous New York knowledge and control through the war; IBM&#x27;s position is that the subsidiary was seized by the Nazi state and the parent had no control over use. A Feb 2001 Alien Tort suit was voluntarily withdrawn the following month, so the question has never been adjudicated on the merits. Sources: Black (2001); IBM statements; JTA (Mar 2001).</p><p><a href="https://www.b0b.dev/report#X">View in report</a></p>]]></description><TimeSpan><begin>1940-06-01</begin><end>1940-06-28</end></TimeSpan><Point><coordinates>13.31386,52.43729,0</coordinates></Point></Placemark><Placemark><name>Apartheid population register administration, Pretoria</name><styleUrl>#t-corporate</styleUrl><description><![CDATA[<p><b>Section X</b> &middot; corporate</p><p>The administrative centre of South Africa&#x27;s racial population register - the system that assigned every person a classification and an identity document, and made the pass laws enforceable at scale. From 2002 the Khulumani/Ntsebeza Alien Tort Statute litigation alleged that IBM and Ford purposefully facilitated violations of international law by enabling denationalisation and the suppression that followed. The case ran fourteen years and ended in 2016 when the US Supreme Court declined to hear it - again without any ruling on the merits. TIER: the register and its function are documented history; the corporate-facilitation allegation was pleaded and never adjudicated, and is recorded here as an allegation. Sources: In re South African Apartheid Litigation; GroundUp / Daily Maverick (Jun 2016); Harvard IHRC statement.</p><p><a href="https://www.b0b.dev/report#X">View in report</a></p>]]></description><TimeSpan><begin>2002-01-01</begin><end>2002-12-31</end></TimeSpan><Point><coordinates>28.18693,-25.75517,0</coordinates></Point></Placemark><Placemark><name>Kodak Hawkeye Works, 1447 St Paul St, Rochester NY</name><styleUrl>#t-surveillance</styleUrl><description><![CDATA[<p><b>Section X</b> &middot; surveillance</p><p>Kodak&#x27;s classified plant, and the reason Rochester belongs in this section. From 1954 Kodak&#x27;s role was to develop and process the special film flown in the U-2 - built in Burbank - and then in the CORONA reconnaissance satellites. CORONA was operational 1960-72: over 100 spacecraft, more than 800,000 high-resolution images, declassified in February 1995. The returned negative was cut into manageable lengths, titled frame by frame, duplicated onto black-and-white print stock and boxed; a single mission&#x27;s output shipped out of Rochester by the ton, including the special enlargements prepared to brief the president. THE END OF THE LINE: the NRO flew KH-11, the first American electro-optical satellite, in Dec 1976; the last KH-9 HEXAGON film-return vehicle was lost on launch in 1986. Kodak sold its government business to ITT in 2004, and the photographic operations centres at Hawkeye and Lincoln were gone by 2009. Sources: CIA/NRO CORONA declassification (Feb 1995); Rochester Business Journal (2012); NRO KH-11 record.</p><p><a href="https://www.b0b.dev/report#X">View in report</a></p>]]></description><TimeSpan><begin>1995-02-01</begin><end>1995-02-28</end></TimeSpan><Point><coordinates>-77.62586,43.18186,0</coordinates></Point></Placemark><Placemark><name>Eastman Business Park (Kodak Park), Rochester NY</name><styleUrl>#t-corporate</styleUrl><description><![CDATA[<p><b>Section X</b> &middot; corporate</p><p>Kodak&#x27;s primary photographic manufacturing site since 1890 - the industrial base under both the consumer film business and the classified one. SCALE: Kodak&#x27;s Rochester employment peaked above 60,000 in 1982; after the January 2012 bankruptcy it is a fraction of that. WHAT OUTLASTED THE INDUSTRY: hazardous-waste releases at the park and into the Genesee River, a $49 million cleanup trust under the bankruptcy settlement, and documented contamination of river sediments, wetland and floodplain soils and biota. Sources: US Attorney SDNY / EPA settlement announcement; NYSDEC Eastman Business Park record; EPA hazardous waste cleanup file.</p><p><a href="https://www.b0b.dev/report#X">View in report</a></p>]]></description><TimeSpan><begin>2012-01-01</begin><end>2012-01-28</end></TimeSpan><Point><coordinates>-77.62816,43.20214,0</coordinates></Point></Placemark><Placemark><name>Laboratory for Laser Energetics (OMEGA), University of Rochester</name><styleUrl>#t-technology</styleUrl><description><![CDATA[<p><b>Section X</b> &middot; technology</p><p>Established 1970 and funded principally through the Department of Energy&#x27;s National Nuclear Security Administration. The OMEGA laser delivers about 30 kJ from 60 beams onto a millimetre-scale target in under a nanosecond - among the most powerful laser systems in the world - as part of the US inertial-confinement-fusion programme. It anchors a regional optics, photonics and imaging cluster of 150+ companies and roughly 19,000 employees, described in trade coverage as central to US defence readiness. TIER: the laboratory, the laser and the funding line are documented. ICF is dual-use by design - the same physics serves stewardship of the nuclear stockpile and civil fusion research - and this marker asserts nothing beyond that. The point for this map is structural: when Kodak&#x27;s consumer half collapsed, the optics competence did not leave Rochester, it stayed in the defence-facing institutions. Sources: University of Rochester LLE; NNSA programme documentation; Rochester Business Journal (2025).</p><p><a href="https://www.b0b.dev/report#X">View in report</a></p>]]></description><TimeSpan><begin>1970-01-01</begin><end>1970-12-31</end></TimeSpan><Point><coordinates>-77.63256,43.11312,0</coordinates></Point></Placemark></Folder><Folder><name>Section XI (3)</name><open>0</open><Placemark><name>Wall Street / New Amsterdam, Manhattan</name><styleUrl>#t-financial</styleUrl><description><![CDATA[<p><b>Section XI</b> &middot; financial</p><p>Dutch West India Company settlement (1624-1664). Wall Street named after colony fortification wall. The financial capital sits on the extraction company&#x27;s foundation.</p><p><a href="https://www.b0b.dev/report#XI">View in report</a></p>]]></description><TimeSpan><begin>1624-01-01</begin><end>1624-12-31</end></TimeSpan><Point><coordinates>-74.0089,40.7069,0</coordinates></Point></Placemark><Placemark><name>New Albany, Ohio</name><styleUrl>#t-surveillance</styleUrl><description><![CDATA[<p><b>Section XI</b> &middot; surveillance</p><p>Pop. ~409-414 (1980) → 10,825 (2020), roughly 2,500% growth. Built out by Les Wexner&#x27;s investment from the 1990s; Maxwell told DOJ Epstein &quot;ran New Albany&quot; (attributed). Facebook data center. Google data center. Intel 926-acre fab plant.</p><p><a href="https://www.b0b.dev/report#XI">View in report</a></p>]]></description><TimeSpan><begin>1980-01-01</begin><end>1980-12-31</end></TimeSpan><Point><coordinates>-82.8085,40.0812,0</coordinates></Point></Placemark><Placemark><name>New Canaan, Connecticut</name><styleUrl>#t-enclave</styleUrl><description><![CDATA[<p><b>Section XI</b> &middot; enclave</p><p>Gold Coast. Median household income $141,788 (2000 Census). Philip Johnson Glass House. Harmony Lodge No. 67 (Masonic, 1763). Waveny Park: 300-acre former Texaco founder estate.</p><p><a href="https://www.b0b.dev/report#XI">View in report</a></p>]]></description><TimeSpan><begin>1763-01-01</begin><end>1763-12-31</end></TimeSpan><Point><coordinates>-73.4951,41.1478,0</coordinates></Point></Placemark></Folder><Folder><name>Section XII (53)</name><open>0</open><Placemark><name>Indian Creek Island, Florida</name><styleUrl>#t-enclave</styleUrl><description><![CDATA[<p><b>Section XII</b> &middot; enclave</p><p>0.47 sq mi village, 41 home sites around the Indian Creek Country Club. One bridge to Surfside, guarded by a police checkpoint. 84 residents (2020 census). Residents include Jeff Bezos and Jared Kushner (a village council member); Mark Zuckerberg and Priscilla Chan bought a home here for a county-record $170 million (March 2026).</p><p><a href="https://www.b0b.dev/report#XII">View in report</a></p>]]></description><Point><coordinates>-80.1375,25.8761,0</coordinates></Point></Placemark><Placemark><name>Fisher Island, Florida</name><styleUrl>#t-enclave</styleUrl><description><![CDATA[<p><b>Section XII</b> &middot; enclave</p><p>0.27 sq mi. No road or causeway: private ferry or yacht only, with pre-arranged security clearance. Bloomberg put average income at $2.5 million (2015), the highest of any US ZIP code. In 1963 an investment group led by Bebe Rebozo, including Richard Nixon and George Smathers, bought the Gar Wood estate here. 561 residents (2020).</p><p><a href="https://www.b0b.dev/report#XII">View in report</a></p>]]></description><Point><coordinates>-80.1425,25.7637,0</coordinates></Point></Placemark><Placemark><name>Necker Island, BVI (Richard Branson)</name><styleUrl>#t-enclave</styleUrl><description><![CDATA[<p><b>Section XII</b> &middot; enclave</p><p>74 acres. Richard Branson saw it in 1978 and bought it about a year later from Lord Cobham for $180,000. Run as a Virgin Limited Edition resort. Barack and Michelle Obama visited as Branson&#x27;s guests (Feb 2017). The Great House burned down after a lightning strike in Aug 2011; Hurricane Irma devastated the island in Sept 2017.</p><p><a href="https://www.b0b.dev/report#XII">View in report</a></p>]]></description><TimeSpan><begin>2017-02-01</begin><end>2017-02-28</end></TimeSpan><Point><coordinates>-64.35806,18.52722,0</coordinates></Point></Placemark><Placemark><name>Moskito Island, BVI (Branson)</name><styleUrl>#t-enclave</styleUrl><description><![CDATA[<p><b>Section XII</b> &middot; enclave</p><p>125 acres on the west side of Gorda Sound, bought by Richard Branson in 2007 for GBP 10 million; near his Necker Island. Barack Obama learned to kiteboard here in February 2017. Two private islands, one jurisdiction, one owner.</p><p><a href="https://www.b0b.dev/report#XII">View in report</a></p>]]></description><Point><coordinates>-64.39389,18.51056,0</coordinates></Point></Placemark><Placemark><name>Skorpios, Greece (Onassis → Rybolovleva lease)</name><styleUrl>#t-enclave</styleUrl><description><![CDATA[<p><b>Section XII</b> &middot; enclave</p><p>About 206 acres (83.2 ha). Bought in 1963 by Aristotle Onassis, who married Jacqueline Kennedy here on 20 October 1968. In April 2013 Ekaterina Rybolovleva, daughter of Russian potash billionaire Dmitry Rybolovlev, bought companies from Athina Onassis&#x27;s trust for $153 million, including a long-term lease of the island. Shipping dynasty to Russian potash fortune.</p><p><a href="https://www.b0b.dev/report#XII">View in report</a></p>]]></description><TimeSpan><begin>1963-01-01</begin><end>1963-12-31</end></TimeSpan><Point><coordinates>20.743,38.692,0</coordinates></Point></Placemark><Placemark><name>Tetiaroa, French Polynesia (Brando)</name><styleUrl>#t-enclave</styleUrl><description><![CDATA[<p><b>Section XII</b> &middot; enclave</p><p>12 motu, about 585 ha (1,450 acres) of land. The Tahitian royal family sold the atoll to dentist Johnston Walter Williams in 1904; Marlon Brando bought the motu from a Williams descendant in the late 1960s. Now The Brando resort, on islets held under a 99-year lease signed by Brando.</p><p><a href="https://www.b0b.dev/report#XII">View in report</a></p>]]></description><TimeSpan><begin>1967-01-01</begin><end>1967-12-31</end></TimeSpan><Point><coordinates>-149.57,-17.02,0</coordinates></Point></Placemark><Placemark><name>Lanai, Hawaii (Larry Ellison)</name><styleUrl>#t-enclave</styleUrl><description><![CDATA[<p><b>Section XII</b> &middot; enclave</p><p>About 98% of the island, bought in June 2012 from Castle &amp; Cooke for $300 million by Oracle co-founder Larry Ellison; the rest is state land or individually owned homes. Population 3,367 (2020).</p><p><a href="https://www.b0b.dev/report#XII">View in report</a></p>]]></description><TimeSpan><begin>2012-01-01</begin><end>2012-12-31</end></TimeSpan><Point><coordinates>-156.92,20.83,0</coordinates></Point></Placemark><Placemark><name>Musha Cay, Bahamas (David Copperfield)</name><styleUrl>#t-enclave</styleUrl><description><![CDATA[<p><b>Section XII</b> &middot; enclave</p><p>Privately owned island of about 700 acres in the Exuma Cays, 85 miles southeast of Nassau, owned by illusionist David Copperfield and let to one group of guests at a time.</p><p><a href="https://www.b0b.dev/report#XII">View in report</a></p>]]></description><TimeSpan><begin>2006-01-01</begin><end>2006-12-31</end></TimeSpan><Point><coordinates>-76.261,23.893,0</coordinates></Point></Placemark><Placemark><name>Peter Island, BVI (Van Andel family)</name><styleUrl>#t-enclave</styleUrl><description><![CDATA[<p><b>Section XII</b> &middot; enclave</p><p>1,800 acres, the largest private island in the BVI. Owned by the Amway Corporation from 1978 until 2001, when full ownership passed to the Van Andel family, one of Amway&#x27;s two founding families (the other is DeVos). Resort closed after Hurricane Irma (2017); reported reopened December 2024.</p><p><a href="https://www.b0b.dev/report#XII">View in report</a></p>]]></description><TimeSpan><begin>2024-12-01</begin><end>2024-12-28</end></TimeSpan><Point><coordinates>-64.58,18.36,0</coordinates></Point></Placemark><Placemark><name>Mustique, St. Vincent (The Mustique Company)</name><styleUrl>#t-enclave</styleUrl><description><![CDATA[<p><b>Section XII</b> &middot; enclave</p><p>About 1,400 acres. Colin Tennant developed it and gave Princess Margaret a 10-acre plot as a wedding present (1960) - a plot, never the island. In 1976 Tennant sold a 60% controlling interest in The Mustique Company to Venezuelan industrialists Hans Neumann and Alberto Vollmer. The island is owned by The Mustique Company, itself owned by the island&#x27;s homeowners. No British royal has owned Mustique.</p><p><a href="https://www.b0b.dev/report#XII">View in report</a></p>]]></description><TimeSpan><begin>1960-01-01</begin><end>1960-12-31</end></TimeSpan><Point><coordinates>-61.183,12.883,0</coordinates></Point></Placemark><Placemark><name>Makepeace Island, Australia (Branson)</name><styleUrl>#t-enclave</styleUrl><description><![CDATA[<p><b>Section XII</b> &middot; enclave</p><p>Heart-shaped island in the Noosa River, Queensland, co-owned by Richard Branson and Virgin Australia co-founder Brett Godfrey; Branson&#x27;s Australian home, let to up to 22 guests. His third private island, in another hemisphere.</p><p><a href="https://www.b0b.dev/report#XII">View in report</a></p>]]></description><Point><coordinates>153.0444,-26.3806,0</coordinates></Point></Placemark><Placemark><name>Great Saint James, USVI (Epstein)</name><styleUrl>#t-enclave</styleUrl><description><![CDATA[<p><b>Section XII</b> &middot; enclave</p><p>165 acres. Bought by Jeffrey Epstein in January 2016 for about US$22.5 million (two purchases, $17.5M and $5M) through Great St. Jim LLC. The USVI sued his estate in 2020. In May 2023 Stephen Deckoff&#x27;s SD Investments announced the purchase of Great and Little St. James for $60 million - see Little St. James. The estate holds neither island.</p><p><a href="https://www.b0b.dev/report#XII">View in report</a></p>]]></description><TimeSpan><begin>2023-05-01</begin><end>2023-05-28</end></TimeSpan><Point><coordinates>-64.82889,18.30972,0</coordinates></Point></Placemark><Placemark><name>Île Sainte-Marguerite, France (Man in the Iron Mask)</name><styleUrl>#t-enclave</styleUrl><description><![CDATA[<p><b>Section XII</b> &middot; enclave</p><p>Fort Royal prison - Man in the Iron Mask held here 1687-1698. Historical precedent: islands as both sanctuary and prison. Same geography protects the powerful and imprisons the inconvenient.</p><p><a href="https://www.b0b.dev/report#XII">View in report</a></p>]]></description><TimeSpan><begin>1687-01-01</begin><end>1687-12-31</end></TimeSpan><Point><coordinates>7.047,43.517,0</coordinates></Point></Placemark><Placemark><name>Robben Island, South Africa (Mandela)</name><styleUrl>#t-enclave</styleUrl><description><![CDATA[<p><b>Section XII</b> &middot; enclave</p><p>Mandela imprisoned 18 years (1964-1982). Island-as-control pattern: powerful retreat to islands, inconvenient are confined on them. Same geography, inverse purpose.</p><p><a href="https://www.b0b.dev/report#XII">View in report</a></p>]]></description><TimeSpan><begin>1964-01-01</begin><end>1964-12-31</end></TimeSpan><Point><coordinates>18.366,-33.806,0</coordinates></Point></Placemark><Placemark><name>Poveglia, Venice, Italy</name><styleUrl>#t-enclave</styleUrl><description><![CDATA[<p><b>Section XII</b> &middot; enclave</p><p>Quarantine station for incoming ships and cargo from the late 18th century; from 1922 a long-term care facility, described as a psychiatric hospital, closed 1968, then state property. In 2025 the northern part was granted to the association Poveglia per tutti for a public park.</p><p><a href="https://www.b0b.dev/report#XII">View in report</a></p>]]></description><TimeSpan><begin>1793-01-01</begin><end>1793-12-31</end></TimeSpan><Point><coordinates>12.333,45.383,0</coordinates></Point></Placemark><Placemark><name>Nauru - Mining + Detention Island</name><styleUrl>#t-enclave</styleUrl><description><![CDATA[<p><b>Section XII</b> &middot; enclave</p><p>8.1 sq mi. Smallest republic. Phosphate mining stripped 80% of surface. Australia&#x27;s offshore detention center - asylum seekers held on a stripped-mining island. Resource extraction and human containment share coordinates.</p><p><a href="https://www.b0b.dev/report#XII">View in report</a></p>]]></description><Point><coordinates>166.9315,-0.5228,0</coordinates></Point></Placemark><Placemark><name>Norman&#x27;s Cay, Exumas, Bahamas</name><styleUrl>#t-enclave</styleUrl><description><![CDATA[<p><b>Section XII</b> &middot; enclave</p><p>Carlos Lehder used the island as the Medellín Cartel&#x27;s transshipment base for cocaine flown into the US, 1978 to about 1982, extending the airstrip to about 1,000 m and guarding it with armed men and dogs.</p><p><a href="https://www.b0b.dev/report#XII">View in report</a></p>]]></description><TimeSpan><begin>1978-01-01</begin><end>1978-12-31</end></TimeSpan><Point><coordinates>-76.82,24.595,0</coordinates></Point></Placemark><Placemark><name>Four Seasons Mahé, Seychelles (Prince–Dmitriev meeting, 11 Jan 2017)</name><styleUrl>#t-enclave</styleUrl><description><![CDATA[<p><b>Section XII</b> &middot; enclave</p><p>Erik Prince met Kirill Dmitriev (RDIF) on 11 January 2017 at the Four Seasons on Mahé, after an earlier meeting the same day at George Nader&#x27;s villa; Nader advised the UAE crown prince. Prince called it a chance encounter; the Mueller report records it as arranged in advance. Meeting: documented. Purpose: contested.</p><p><a href="https://www.b0b.dev/report#XII">View in report</a></p>]]></description><TimeStamp><when>2017-01-11</when></TimeStamp><Point><coordinates>55.4833,-4.7167,0</coordinates></Point></Placemark><Placemark><name>Buck Island, BVI (The Aerial BVI)</name><styleUrl>#t-enclave</styleUrl><description><![CDATA[<p><b>Section XII</b> &middot; enclave</p><p>Private island off Tortola, site of the BVI&#x27;s first airstrip; developed by Carl and Sharon Nilsen 1998-2008, now run as The Aerial BVI wellness retreat. The island reporting links to Larry Page is Eustatia, not this one (see that marker).</p><p><a href="https://www.b0b.dev/report#XII">View in report</a></p>]]></description><Point><coordinates>-64.558,18.424,0</coordinates></Point></Placemark><Placemark><name>Kaua&#x27;i Estate, Hawaii (Zuckerberg)</name><styleUrl>#t-enclave</styleUrl><description><![CDATA[<p><b>Section XII</b> &middot; enclave</p><p>Mark Zuckerberg bought 700 acres on Kaua&#x27;i in 2014 and has built it into a 1,450-1,500-acre estate, spending at least $145 million. In January 2017 he filed quiet-title suits against hundreds of Native Hawaiian part-owners of small parcels inside it, then dropped them after criticism.</p><p><a href="https://www.b0b.dev/report#XII">View in report</a></p>]]></description><TimeSpan><begin>2014-01-01</begin><end>2014-12-31</end></TimeSpan><Point><coordinates>-159.5261,22.0964,0</coordinates></Point></Placemark><Placemark><name>The World Islands, Dubai</name><styleUrl>#t-enclave</styleUrl><description><![CDATA[<p><b>Section XII</b> &middot; enclave</p><p>About 300 artificial islands off Dubai shaped as a world map, built by Nakheel from 2003; work halted in the 2008 financial crisis and most islands remain undeveloped. The islands are sold as private real estate but remain UAE territory.</p><p><a href="https://www.b0b.dev/report#XII">View in report</a></p>]]></description><Point><coordinates>55.17,25.22,0</coordinates></Point></Placemark><Placemark><name>Gruinard Island, Scotland</name><styleUrl>#t-enclave</styleUrl><description><![CDATA[<p><b>Section XII</b> &middot; enclave</p><p>UK anthrax bioweapons test by Porton Down scientists, 1942-43 (Operation Vegetarian). Quarantined for 48 years; decontamination with formaldehyde began in 1986 and the island was declared safe on 24 April 1990. Islands as zones where biological weapons can be tested beyond public view.</p><p><a href="https://www.b0b.dev/report#XII">View in report</a></p>]]></description><TimeStamp><when>1990-04-24</when></TimeStamp><Point><coordinates>-5.459,57.849,0</coordinates></Point></Placemark><Placemark><name>Devil&#x27;s Island, French Guiana</name><styleUrl>#t-enclave</styleUrl><description><![CDATA[<p><b>Section XII</b> &middot; enclave</p><p>French penal colony (Bagne de Cayenne), 1852-1953. Alfred Dreyfus, wrongly convicted of spying, was held on Devil&#x27;s Island 1895-99. More than 80,000 prisoners were sent to the system; the vast majority never returned to France, many dying of disease and harsh conditions.</p><p><a href="https://www.b0b.dev/report#XII">View in report</a></p>]]></description><TimeSpan><begin>1852-01-01</begin><end>1852-12-31</end></TimeSpan><Point><coordinates>-52.583,5.295,0</coordinates></Point></Placemark><Placemark><name>Alcatraz Island, San Francisco</name><styleUrl>#t-enclave</styleUrl><description><![CDATA[<p><b>Section XII</b> &middot; enclave</p><p>Federal penitentiary 1934-63. Before that: military fortification and military prison. Native American occupation 1969-71. The island-as-prison pattern repeated across centuries and jurisdictions.</p><p><a href="https://www.b0b.dev/report#XII">View in report</a></p>]]></description><TimeSpan><begin>1934-01-01</begin><end>1934-12-31</end></TimeSpan><Point><coordinates>-122.4233,37.8267,0</coordinates></Point></Placemark><Placemark><name>Snake Island (Zmiinyi), Ukraine</name><styleUrl>#t-enclave</styleUrl><description><![CDATA[<p><b>Section XII</b> &middot; enclave</p><p>&#x27;Russian warship, go f**k yourself.&#x27; Feb 24, 2022 - Ukrainian border guards defied Russian Navy cruiser Moskva. The cruiser later sank. Strategic Black Sea island fought over since antiquity.</p><p><a href="https://www.b0b.dev/report#XII">View in report</a></p>]]></description><TimeStamp><when>2022-02-24</when></TimeStamp><Point><coordinates>30.204,45.2557,0</coordinates></Point></Placemark><Placemark><name>Île d&#x27;Arros &amp; St Joseph Atoll, Seychelles (Save Our Seas Foundation)</name><styleUrl>#t-enclave</styleUrl><description><![CDATA[<p><b>Section XII</b> &middot; enclave</p><p>Private island since 1975 (Prince Shahram Pahlavi Nia of Iran); bought by L&#x27;Oréal heiress Liliane Bettencourt in 1998 for US$18M; sold in Aug 2012 with St Joseph Atoll for US$60M, to be managed by the Save Our Seas Foundation; nature reserve since 2014. SOSF was founded in Geneva in 2003 by Saudi businessman Abdulmohsen Abdulmalik Al-Sheikh - Al ash-Sheikh, the clerical family, not Al Saud. 1.71 km2 with an unpaved airstrip; St Joseph lies 2.3 km east across a 1 km channel and has no strip.</p><p><a href="https://www.b0b.dev/report#XII">View in report</a></p>]]></description><TimeSpan><begin>2012-08-01</begin><end>2012-08-28</end></TimeSpan><Point><coordinates>53.3017,-5.4158,0</coordinates></Point></Placemark><Placemark><name>Desroches Island, Seychelles (IDC / Four Seasons)</name><styleUrl>#t-enclave</styleUrl><description><![CDATA[<p><b>Section XII</b> &middot; enclave</p><p>Amirantes island about 50 km ESE of d&#x27;Arros, managed by the state-owned Islands Development Company (IDC). Paved airstrip of about 1,372 m, the longest in the group. Resort sold to Four Seasons in 2016. IDC houses the Island Conservation Society&#x27;s centre here. The runway is state logistics, not a private strip.</p><p><a href="https://www.b0b.dev/report#XII">View in report</a></p>]]></description><TimeStamp><when>2018-03-01</when></TimeStamp><Point><coordinates>53.6542,-5.6958,0</coordinates></Point></Placemark><Placemark><name>Poivre Atoll, Seychelles (IDC)</name><styleUrl>#t-enclave</styleUrl><description><![CDATA[<p><b>Section XII</b> &middot; enclave</p><p>Amirantes atoll about 37 km south of d&#x27;Arros, managed by the state-owned Islands Development Company. Unpaved airstrip of about 1,100 m on Poivre Nord, served occasionally by IDC aircraft. Former coconut plantation. Coordinates approximate (atoll centroid).</p><p><a href="https://www.b0b.dev/report#XII">View in report</a></p>]]></description><Point><coordinates>53.31,-5.75,0</coordinates></Point></Placemark><Placemark><name>Rémire (Eagle) Island, Seychelles (IDC)</name><styleUrl>#t-enclave</styleUrl><description><![CDATA[<p><b>Section XII</b> &middot; enclave</p><p>Amirantes island about 33 km north of d&#x27;Arros. Paved airstrip of about 460 m (ICAO FSSR), the shortest in the group. Reserved as a presidential retreat until 2010; since then run by the state-owned IDC, which opened a small guest house in 2012.</p><p><a href="https://www.b0b.dev/report#XII">View in report</a></p>]]></description><Point><coordinates>53.3117,-5.1167,0</coordinates></Point></Placemark><Placemark><name>Marie Louise Island, Seychelles (IDC)</name><styleUrl>#t-enclave</styleUrl><description><![CDATA[<p><b>Section XII</b> &middot; enclave</p><p>Southern Amirantes, about 86 km SSW of d&#x27;Arros. Unpaved airstrip of about 550 m (ICAO FSMA), no regular air service. Managed by the state-owned IDC; about 11 residents, most of them IDC staff.</p><p><a href="https://www.b0b.dev/report#XII">View in report</a></p>]]></description><Point><coordinates>53.1458,-6.1778,0</coordinates></Point></Placemark><Placemark><name>Islands Development Company (IDC), Victoria, Mahé</name><styleUrl>#t-corporate</styleUrl><description><![CDATA[<p><b>Section XII</b> &middot; corporate</p><p>Seychelles government-owned parastatal, established 29 April 1980, that manages the outer islands and Silhouette: Alphonse, Assomption, Astove, Coëtivy, Cosmoledo, Desnoeufs, Desroches, Farquhar, Ile Plate, Marie-Louise, Poivre, Providence, Rémire and Silhouette. Runs its own aviation department (Pointe Larue) and co-owns the supply vessel Enterprise II. Four of the five Amirantes airstrips are IDC-run state infrastructure: remote runways that look like private power from orbit are here a public logistics network. Head office: Ile du Port, Mahé (coordinates approximate).</p><p><a href="https://www.b0b.dev/report#XII">View in report</a></p>]]></description><TimeStamp><when>1980-04-29</when></TimeStamp><Point><coordinates>55.4513,-4.6191,0</coordinates></Point></Placemark><Placemark><name>Eustatia Island, BVI (linked to Larry Page - attributed, unconfirmed)</name><styleUrl>#t-enclave</styleUrl><description><![CDATA[<p><b>Section XII</b> &middot; enclave</p><p>About 30 acres in North Sound near Virgin Gorda, close to Branson&#x27;s Necker and Moskito. Held through BVI companies whose beneficial owners are not public; local reporting attributes it to Google co-founder Larry Page, who has never confirmed it. ATTRIBUTED, not documented.</p><p><a href="https://www.b0b.dev/report#XII">View in report</a></p>]]></description><Point><coordinates>-64.36,18.51,0</coordinates></Point></Placemark><Placemark><name>Laucala Island, Fiji (Red Bull / Mateschitz)</name><styleUrl>#t-enclave</styleUrl><description><![CDATA[<p><b>Section XII</b> &middot; enclave</p><p>About 12 km2 (roughly 2,970 acres). Bought in 2003 by Red Bull co-founder Dietrich Mateschitz (d. 2022) from the Forbes family heirs for GBP 7 million; now the Laucala resort, from about US$7,000 a night. Its earlier inhabitants had been moved to neighbouring Qamea.</p><p><a href="https://www.b0b.dev/report#XII">View in report</a></p>]]></description><TimeSpan><begin>2003-01-01</begin><end>2003-12-31</end></TimeSpan><Point><coordinates>-179.683,-16.75,0</coordinates></Point></Placemark><Placemark><name>Guantánamo Bay, Cuba</name><styleUrl>#t-enclave</styleUrl><description><![CDATA[<p><b>Section XII</b> &middot; enclave</p><p>US naval base since 1903 under a lease Cuba signed under the Platt Amendment; since 1959 the Cuban government has called it imposed by force and illegal. Detention camp since January 2002: about 780 men held over its history, most never charged, designated &#x27;enemy combatants&#x27; rather than POWs.</p><p><a href="https://www.b0b.dev/report#XII">View in report</a></p>]]></description><TimeSpan><begin>1903-01-01</begin><end>1903-12-31</end></TimeSpan><Point><coordinates>-75.16,19.9175,0</coordinates></Point></Placemark><Placemark><name>Christmas Island, Australia</name><styleUrl>#t-enclave</styleUrl><description><![CDATA[<p><b>Section XII</b> &middot; enclave</p><p>Australian external territory, 2,600 km northwest of Perth. A temporary immigration detention centre opened in 2001; the North West Point centre has since been closed, reopened and used intermittently (empty as of 31 Dec 2023). Same offshore-processing policy as Nauru and Manus.</p><p><a href="https://www.b0b.dev/report#XII">View in report</a></p>]]></description><TimeSpan><begin>2001-01-01</begin><end>2001-12-31</end></TimeSpan><Point><coordinates>105.6904,-10.4475,0</coordinates></Point></Placemark><Placemark><name>Manus Island, Papua New Guinea</name><styleUrl>#t-enclave</styleUrl><description><![CDATA[<p><b>Section XII</b> &middot; enclave</p><p>Site of Australia&#x27;s second offshore immigration detention centre (2001-2017), at Lombrum Naval Base on Los Negros Island, Manus Province: opened under the Pacific Solution, disused in the mid-2000s, reopened 2012, closed 2017. PNG hosted the people Australia would not land.</p><p><a href="https://www.b0b.dev/report#XII">View in report</a></p>]]></description><TimeSpan><begin>2001-01-01</begin><end>2001-12-31</end></TimeSpan><Point><coordinates>147.36917,-2.03778,0</coordinates></Point></Placemark><Placemark><name>Hashima Island (Gunkanjima), Japan</name><styleUrl>#t-enclave</styleUrl><description><![CDATA[<p><b>Section XII</b> &middot; enclave</p><p>Undersea coal mine bought by Mitsubishi in 1890; population peaked at 5,259 on 6.3 ha in 1959, among the densest ever recorded; abandoned 1974. Conscripted Korean civilians and Chinese prisoners of war did forced labour here from the 1930s to 1945. Listed by UNESCO in July 2015 on Japan&#x27;s pledge to tell that history; the World Heritage Committee has since found the pledge unfulfilled, and Seoul calls Tokyo&#x27;s 2020 information centre revisionist.</p><p><a href="https://www.b0b.dev/report#XII">View in report</a></p>]]></description><TimeSpan><begin>1974-01-01</begin><end>1974-12-31</end></TimeSpan><Point><coordinates>129.7385,32.6275,0</coordinates></Point></Placemark><Placemark><name>Niihau, Hawaii (Robinson Family)</name><styleUrl>#t-enclave</styleUrl><description><![CDATA[<p><b>Section XII</b> &middot; enclave</p><p>&#x27;The Forbidden Island.&#x27; 69.5 sq mi. Bought from King Kamehameha V in 1864 for $10,000 by Elizabeth Sinclair, whose descendants, the Robinsons, still own it. Population 84 (2020), Hawaiian-speaking. No paved roads, no running water, no power lines. Entry by invitation.</p><p><a href="https://www.b0b.dev/report#XII">View in report</a></p>]]></description><TimeSpan><begin>1864-01-01</begin><end>1864-12-31</end></TimeSpan><Point><coordinates>-160.17,21.9,0</coordinates></Point></Placemark><Placemark><name>Palmyra Atoll, Pacific (Nature Conservancy)</name><styleUrl>#t-enclave</styleUrl><description><![CDATA[<p><b>Section XII</b> &middot; enclave</p><p>The only incorporated US territory. Most of the land was bought in 2000 by The Nature Conservancy for US$30M from the Fullard-Leo family; now a wildlife refuge. Used in 1962 as an observation site for high-altitude nuclear tests over Johnston Atoll. Site of the 1974 Sea Wind case: the murder, and possible double murder, of a San Diego couple.</p><p><a href="https://www.b0b.dev/report#XII">View in report</a></p>]]></description><TimeSpan><begin>2000-01-01</begin><end>2000-12-31</end></TimeSpan><Point><coordinates>-162.0833,5.8833,0</coordinates></Point></Placemark><Placemark><name>Pitcairn Island, South Pacific</name><styleUrl>#t-enclave</styleUrl><description><![CDATA[<p><b>Section XII</b> &middot; enclave</p><p>Settled in 1790 by Bounty mutineers and Tahitians; a UK overseas territory. Population about 35 (2023). In 2004 seven island men - a third of its male population - were tried on 55 charges of sexual offences against children and young adults; six were convicted. Six more men living abroad were tried in Auckland in 2005.</p><p><a href="https://www.b0b.dev/report#XII">View in report</a></p>]]></description><TimeSpan><begin>1790-01-01</begin><end>1790-12-31</end></TimeSpan><Point><coordinates>-130.1005,-25.066,0</coordinates></Point></Placemark><Placemark><name>North Sentinel Island, Andaman Sea</name><styleUrl>#t-enclave</styleUrl><description><![CDATA[<p><b>Section XII</b> &middot; enclave</p><p>Home of the Sentinelese, one of the last uncontacted peoples; their number is unknown (the 2001 census estimate was 39; other estimates run higher). India bars approach within five nautical miles. In 2018 American missionary John Allen Chau was killed after landing illegally. The modern world keeps trying.</p><p><a href="https://www.b0b.dev/report#XII">View in report</a></p>]]></description><TimeSpan><begin>2018-01-01</begin><end>2018-12-31</end></TimeSpan><Point><coordinates>92.23,11.55,0</coordinates></Point></Placemark><Placemark><name>The Cloister, Sea Island, Georgia (2004 G8 Summit)</name><styleUrl>#t-enclave</styleUrl><description><![CDATA[<p><b>Section XII</b> &middot; enclave</p><p>The private barrier-island resort hosted the 30th G8 Summit on June 8-10, 2004, gathering leaders of the U.S., UK, France, Germany, Italy, Japan, Canada and Russia at The Cloister; the G8 boardroom is still shown on resort tours. Sea Island is a gated enclave of estates that has drawn dignitaries since a 1928 visit by President Calvin Coolidge. Source: New Georgia Encyclopedia; George W. Bush White House Archives (g8/2004).</p><p><a href="https://www.b0b.dev/report#XII">View in report</a></p>]]></description><TimeSpan><begin>2004-01-01</begin><end>2004-12-31</end></TimeSpan><Point><coordinates>-81.3506,31.1807,0</coordinates></Point></Placemark><Placemark><name>Campione d&#x27;Italia (Italian Exclave in Switzerland)</name><styleUrl>#t-enclave</styleUrl><description><![CDATA[<p><b>Section XII</b> &middot; enclave</p><p>Italian exclave of 2.68 km2 (1.03 sq mi) inside Swiss territory on Lake Lugano; it stayed Italian when Ticino joined the Swiss Confederation in 1798. Its economy was built on the Casinò di Campione (founded 1917). Long outside EU customs, it entered the EU customs territory on 1 January 2020 against residents&#x27; wishes; a Swiss-level VAT rate still applies.</p><p><a href="https://www.b0b.dev/report#XII">View in report</a></p>]]></description><TimeSpan><begin>1798-01-01</begin><end>1798-12-31</end></TimeSpan><Point><coordinates>8.9717,45.9708,0</coordinates></Point></Placemark><Placemark><name>Cabinda Oil Exclave, Angola</name><styleUrl>#t-enclave</styleUrl><description><![CDATA[<p><b>Section XII</b> &middot; enclave</p><p>Angolan exclave separated from the rest of the country by a strip of the DRC. Population 903,370 (2024 census); conservative estimates put it at close to 60% of Angola&#x27;s oil output, from blocks in which Chevron is a major partner (Malongo terminal). Separatists of the Front for the Liberation of the Enclave of Cabinda (FLEC, founded 1963) have fought since independence in 1975, including attacks on oil workers.</p><p><a href="https://www.b0b.dev/report#XII">View in report</a></p>]]></description><TimeSpan><begin>1975-01-01</begin><end>1975-12-31</end></TimeSpan><Point><coordinates>12.1919,-5.5576,0</coordinates></Point></Placemark><Placemark><name>North Brother Island (Typhoid Mary Quarantine), New York</name><styleUrl>#t-enclave</styleUrl><description><![CDATA[<p><b>Section XII</b> &middot; enclave</p><p>This 20-acre East River island between the Bronx and Rikers held Riverside Hospital&#x27;s quarantine station, where Mary Mallon (&#x27;Typhoid Mary&#x27;) was confined against her will for roughly 26 years until her death in 1938. Abandoned since 1963, it is now a NYC Parks bird sanctuary closed to the public, with access only by permit and Parks escort. Source: All That&#x27;s Interesting; Untapped New York.</p><p><a href="https://www.b0b.dev/report#XII">View in report</a></p>]]></description><TimeSpan><begin>1938-01-01</begin><end>1938-12-31</end></TimeSpan><Point><coordinates>-73.8985,40.8007,0</coordinates></Point></Placemark><Placemark><name>Cocos (Keeling) Islands - former Clunies-Ross fiefdom (ended 1978)</name><styleUrl>#t-enclave</styleUrl><description><![CDATA[<p><b>Section XII</b> &middot; enclave</p><p>The Clunies-Ross family ruled the atoll as a private domain from 1827, paying workers in its own Cocos rupee, redeemable only at the company store. In 1978 Australia forced the family to sell for A$6.25 million under threat of compulsory acquisition; in a UN-supervised vote on 6 April 1984, 229 of 261 islanders chose integration with Australia. Now an Australian external territory: a private sovereignty ended by purchase and a supervised vote.</p><p><a href="https://www.b0b.dev/report#XII">View in report</a></p>]]></description><TimeSpan><begin>1978-01-01</begin><end>1978-12-31</end></TimeSpan><Point><coordinates>96.8942,-12.121,0</coordinates></Point></Placemark><Placemark><name>Lyford Cay, New Providence, Bahamas</name><styleUrl>#t-enclave</styleUrl><description><![CDATA[<p><b>Section XII</b> &middot; enclave</p><p>Private gated community of about 450 homes on the western tip of New Providence, built around the Lyford Cay Club, which Canadian brewing magnate E.P. Taylor developed after buying the land in 1954. Often ranked among the world&#x27;s wealthiest enclaves; President Kennedy met Harold Macmillan here in December 1962.</p><p><a href="https://www.b0b.dev/report#XII">View in report</a></p>]]></description><TimeSpan><begin>1954-01-01</begin><end>1954-12-31</end></TimeSpan><Point><coordinates>-77.5287,25.0293,0</coordinates></Point></Placemark><Placemark><name>Ceuta (Spanish Enclave in North Africa)</name><styleUrl>#t-enclave</styleUrl><description><![CDATA[<p><b>Section XII</b> &middot; enclave</p><p>Ceuta is a Spanish autonomous city and free port on Morocco&#x27;s coast at the Strait of Gibraltar, one of the European Union&#x27;s only two land borders with Africa (with Melilla). Ringed by double barbed-wire fences, it is a flashpoint for migration: in one 2021 surge some 8,000 people crossed in two days, and later mass breaches drew Spanish plans for new containment fencing. Source: Encyclopaedia Britannica (Ceuta); CBS News.</p><p><a href="https://www.b0b.dev/report#XII">View in report</a></p>]]></description><TimeSpan><begin>2021-01-01</begin><end>2021-12-31</end></TimeSpan><Point><coordinates>-5.3041,35.8884,0</coordinates></Point></Placemark><Placemark><name>Jupiter Island, Martin County, Florida</name><styleUrl>#t-enclave</styleUrl><description><![CDATA[<p><b>Section XII</b> &middot; enclave</p><p>Barrier-island town of gated oceanfront estates beside Hobe Sound; population 804 (2020). Median household income was $199,167 in 2010, with family income above $250,000. Long a discreet retreat for industrialists, executives and political families.</p><p><a href="https://www.b0b.dev/report#XII">View in report</a></p>]]></description><TimeSpan><begin>2020-01-01</begin><end>2020-12-31</end></TimeSpan><Point><coordinates>-80.1036,27.0342,0</coordinates></Point></Placemark><Placemark><name>Fort Brecqhou (Barclay family), Channel Islands</name><styleUrl>#t-enclave</styleUrl><description><![CDATA[<p><b>Section XII</b> &middot; enclave</p><p>74-acre islet off Sark. David and Frederick Barclay bought it in September 1993 for GBP 2.3 million, built a mock-Gothic castle and fought years of disputes over Sark&#x27;s feudal constitution. Sir David Barclay died on 10 January 2021. The family&#x27;s ownership of the Telegraph ended in 2025; the island remains theirs.</p><p><a href="https://www.b0b.dev/report#XII">View in report</a></p>]]></description><TimeStamp><when>2021-01-10</when></TimeStamp><Point><coordinates>-2.3881,49.4322,0</coordinates></Point></Placemark><Placemark><name>Runit Dome, Enewetak Atoll, Marshall Islands</name><styleUrl>#t-enclave</styleUrl><description><![CDATA[<p><b>Section XII</b> &middot; enclave</p><p>Concrete cap built by the US in 1977-80 over a nuclear blast crater on Runit Island, entombing about 100,000 cubic yards of radioactive soil and debris from Enewetak tests. A 2013 DOE report found minor cracking, and that the soil around the dome is more contaminated than its contents; the concern is tidal groundwater moving beneath its unlined base. Marshallese officials and the UN have warned of leakage.</p><p><a href="https://www.b0b.dev/report#XII">View in report</a></p>]]></description><TimeSpan><begin>1980-01-01</begin><end>1980-12-31</end></TimeSpan><Point><coordinates>162.353,11.545,0</coordinates></Point></Placemark><Placemark><name>Capella, Sentosa Island, Singapore (2018 Trump-Kim Summit)</name><styleUrl>#t-enclave</styleUrl><description><![CDATA[<p><b>Section XII</b> &middot; enclave</p><p>The secluded Capella hotel on Sentosa, a resort island a quarter-mile off Singapore&#x27;s coast, hosted the first Trump-Kim summit on June 12, 2018 under a heavy security lockdown. The Foster + Partners-designed resort was chosen partly because the island setting could be sealed off from the public. Source: CNN Politics; TIME.</p><p><a href="https://www.b0b.dev/report#XII">View in report</a></p>]]></description><TimeStamp><when>2018-06-12</when></TimeStamp><Point><coordinates>103.8343,1.2489,0</coordinates></Point></Placemark><Placemark><name>Tagomago Private Island, Ibiza, Spain</name><styleUrl>#t-enclave</styleUrl><description><![CDATA[<p><b>Section XII</b> &middot; enclave</p><p>Tagomago is a roughly 600,000-square-metre privately owned islet about 900 m off Ibiza&#x27;s east coast, marketed as one of the Mediterranean&#x27;s most exclusive private-island rentals with a single luxury villa and a staff of around twelve reserved for one group at a time. It lies within the EU Natura 2000 protected network yet is held as a fully private retreat. Source: Rental Escapes; Tripadvisor (Tagomago Private Island Retreat).</p><p><a href="https://www.b0b.dev/report#XII">View in report</a></p>]]></description><TimeSpan><begin>2000-01-01</begin><end>2000-12-31</end></TimeSpan><Point><coordinates>1.65,39.0333,0</coordinates></Point></Placemark></Folder><Folder><name>Section XIII (102)</name><open>0</open><Placemark><name>Library of Alexandria, Egypt</name><styleUrl>#t-archaeological</styleUrl><description><![CDATA[<p><b>Section XIII</b> &middot; archaeological</p><p>One of the largest libraries of the ancient world. It declined gradually over centuries: damage in Caesar&#x27;s fire (48 BC), the Brucheion quarter destroyed in the 270s and again in 297, the Serapeum daughter library destroyed in 391. The story that it was burned on Caliph Omar&#x27;s order after the Arab conquest of 642 first appears in Arabic sources ~600 years later and is doubted by historians.</p><p><a href="https://www.b0b.dev/report#XIII">View in report</a></p>]]></description><Point><coordinates>29.9187,31.2001,0</coordinates></Point></Placemark><Placemark><name>House of Wisdom, Baghdad, Iraq</name><styleUrl>#t-archaeological</styleUrl><description><![CDATA[<p><b>Section XIII</b> &middot; archaeological</p><p>Abbasid library and academy in Baghdad, destroyed in the Mongol siege of 1258. Chroniclers record that so many books were thrown into the Tigris that the river was said to run black with ink (chronicle account). No reliable count of its holdings exists.</p><p><a href="https://www.b0b.dev/report#XIII">View in report</a></p>]]></description><TimeSpan><begin>1258-01-01</begin><end>1258-12-31</end></TimeSpan><Point><coordinates>44.4009,33.3405,0</coordinates></Point></Placemark><Placemark><name>Nalanda University, Bihar, India</name><styleUrl>#t-archaeological</styleUrl><description><![CDATA[<p><b>Section XIII</b> &middot; archaeological</p><p>Buddhist monastic university founded in the 5th century CE; likely attacked and ransacked by Bakhtiyar Khalji&#x27;s forces c. 1200 CE. Its library&#x27;s size is unknown - estimated in the hundreds of thousands of volumes; the popular &#x27;nine million manuscripts&#x27; has no documentary source.</p><p><a href="https://www.b0b.dev/report#XIII">View in report</a></p>]]></description><TimeSpan><begin>1200-01-01</begin><end>1200-12-31</end></TimeSpan><Point><coordinates>85.4428,25.1357,0</coordinates></Point></Placemark><Placemark><name>Great Pyramid of Giza, Egypt</name><styleUrl>#t-archaeological</styleUrl><description><![CDATA[<p><b>Section XIII</b> &middot; archaeological</p><p>An estimated 2.3 million blocks (~6 million tonnes). Built c. 2560 BC. Sides aligned to the cardinal points within a few arcminutes; star-sighting methods that achieve this are documented in the Egyptological literature.</p><p><a href="https://www.b0b.dev/report#XIII">View in report</a></p>]]></description><Point><coordinates>31.1342,29.9792,0</coordinates></Point></Placemark><Placemark><name>Puma Punku, Tiwanaku, Bolivia</name><styleUrl>#t-archaeological</styleUrl><description><![CDATA[<p><b>Section XIII</b> &middot; archaeological</p><p>Terraced platform mound of the Tiwanaku culture, built c. AD 536-600, faced with finely cut andesite and sandstone blocks - including the interlocking &#x27;H-blocks&#x27; - joined with cast copper-arsenic-nickel cramps. ~3,850 m (12,600 ft) altitude. Claims of machine-precision tolerances and anachronistic technology come from ancient-astronaut literature and have no archaeological support.</p><p><a href="https://www.b0b.dev/report#XIII">View in report</a></p>]]></description><Point><coordinates>-68.6805,-16.5617,0</coordinates></Point></Placemark><Placemark><name>Baalbek, Lebanon</name><styleUrl>#t-archaeological</styleUrl><description><![CDATA[<p><b>Section XIII</b> &middot; archaeological</p><p>Trilithon: three limestone blocks of ~800 t each, each over 19 m long, set in the Temple of Jupiter podium. In the nearby quarry lie the Stone of the Pregnant Woman (~1,000 t) and still larger unused blocks (~1,200 t and a block found in 2014). How Roman builders moved them is studied, not unexplained.</p><p><a href="https://www.b0b.dev/report#XIII">View in report</a></p>]]></description><Point><coordinates>36.211,34.0047,0</coordinates></Point></Placemark><Placemark><name>Göbekli Tepe, Turkey</name><styleUrl>#t-archaeological</styleUrl><description><![CDATA[<p><b>Section XIII</b> &middot; archaeological</p><p>Pre-Pottery Neolithic site occupied c. 9500-8000 BCE (~11,500 years ago), with large circular enclosures of carved T-shaped limestone pillars. Popularly called the &#x27;world&#x27;s first temple&#x27;, but no definitive purpose has been established. Schmidt&#x27;s early idea that it was deliberately backfilled has been revised: the enclosures repeatedly collapsed, were buried by landslides and were rebuilt.</p><p><a href="https://www.b0b.dev/report#XIII">View in report</a></p>]]></description><Point><coordinates>38.9222,37.2231,0</coordinates></Point></Placemark><Placemark><name>Monte Verde, Chile</name><styleUrl>#t-archaeological</styleUrl><description><![CDATA[<p><b>Section XIII</b> &middot; archaeological</p><p>Pre-Clovis site near Puerto Montt. Monte Verde II, dated ~14,500 years ago and largely accepted, showed people were in South America at least ~1,000 years before Clovis and overturned the &#x27;Clovis first&#x27; model after years of resistance. An older layer (MV-I, ~18,500 cal BP) remains contested.</p><p><a href="https://www.b0b.dev/report#XIII">View in report</a></p>]]></description><Point><coordinates>-73.20444,-41.50472,0</coordinates></Point></Placemark><Placemark><name>Visočica Hill (Bosnian Pyramid), Bosnia</name><styleUrl>#t-archaeological</styleUrl><description><![CDATA[<p><b>Section XIII</b> &middot; archaeological</p><p>Natural hill promoted since 2005 by Semir Osmanagić as a &#x27;Bosnian pyramid&#x27;. Direct study by geologists and archaeologists found the hills are natural flatiron formations with no sign of construction; the European Association of Archaeologists called the claim &#x27;a cruel hoax&#x27;. Recorded as a killed specimen.</p><p><a href="https://www.b0b.dev/report#XIII">View in report</a></p>]]></description><Point><coordinates>18.1764,43.9767,0</coordinates></Point></Placemark><Placemark><name>Pine Ridge Reservation, South Dakota</name><styleUrl>#t-governance</styleUrl><description><![CDATA[<p><b>Section XIII</b> &middot; governance</p><p>Oglala Lakota reservation. The North American pole of inaccessibility (the point farthest from any coast) lies within it, ~11 km north of Allen. Separately, the Black Hills (He Sapa), outside the reservation, were taken after the gold rush in breach of the 1868 treaty; Mount Rushmore was carved on the Lakota Six Grandfathers.</p><p><a href="https://www.b0b.dev/report#XIII">View in report</a></p>]]></description><Point><coordinates>-102.55,43.1,0</coordinates></Point></Placemark><Placemark><name>Smithsonian Institution, Washington D.C.</name><styleUrl>#t-museum</styleUrl><description><![CDATA[<p><b>Section XIII</b> &middot; museum</p><p>Holds over 157 million items across 21 museums. Online claims that it suppresses &#x27;giant skeleton&#x27; finds from 19th-century Bureau of Ethnology reports have no documentary support - unsupported.</p><p><a href="https://www.b0b.dev/report#XIII">View in report</a></p>]]></description><Point><coordinates>-77.0259,38.8881,0</coordinates></Point></Placemark><Placemark><name>Kiritimati (Christmas Island), Republic of Kiribati</name><styleUrl>#t-military</styleUrl><description><![CDATA[<p><b>Section XIII</b> &middot; military</p><p>One of the world&#x27;s largest atolls by land area (~312 km2). Cook landed on Christmas Eve 1777. Britain&#x27;s Operation Grapple (1957-58) used it as base; six of its nine nuclear tests were above or near the island (from Grapple X, 8 Nov 1957). The US detonated 24 devices nearby in 1962 (Operation Dominic). Islanders were usually not evacuated.</p><p><a href="https://www.b0b.dev/report#XIII">View in report</a></p>]]></description><TimeStamp><when>1957-11-08</when></TimeStamp><Point><coordinates>-157.475,1.8721,0</coordinates></Point></Placemark><Placemark><name>Bouvet Island, South Atlantic</name><styleUrl>#t-military</styleUrl><description><![CDATA[<p><b>Section XIII</b> &middot; military</p><p>Norwegian dependency, described as the world&#x27;s most remote island - ~1,700 km from Queen Maud Land, Antarctica. On 22 Sept 1979 a US Vela satellite registered a double flash over the sea between Bouvet and the Prince Edward Islands (the Vela incident); it has been read as an Israeli-South African nuclear test, a meteoroid or an instrument glitch - contested, never confirmed.</p><p><a href="https://www.b0b.dev/report#XIII">View in report</a></p>]]></description><TimeStamp><when>1979-09-22</when></TimeStamp><Point><coordinates>3.4,-54.4333,0</coordinates></Point></Placemark><Placemark><name>St. Helena, South Atlantic</name><styleUrl>#t-military</styleUrl><description><![CDATA[<p><b>Section XIII</b> &middot; military</p><p>Napoleon exiled here (1815-1821). Only accessible by ship until airport opened 2017. British East India Company administered until 1834. Strategic mid-Atlantic position. The island designed to imprison an emperor - so remote it didn&#x27;t need walls.</p><p><a href="https://www.b0b.dev/report#XIII">View in report</a></p>]]></description><TimeSpan><begin>1815-01-01</begin><end>1815-12-31</end></TimeSpan><Point><coordinates>-5.7089,-15.965,0</coordinates></Point></Placemark><Placemark><name>Heard Island, Australian External Territory</name><styleUrl>#t-enclave</styleUrl><description><![CDATA[<p><b>Section XIII</b> &middot; enclave</p><p>Subantarctic volcanic island, uninhabited; Big Ben (summit Mawson Peak, 2,745 m) holds Australia&#x27;s only active volcanoes. ANARE ran a station here 1947-55. One of the most remote places on Earth; a World Heritage nature reserve.</p><p><a href="https://www.b0b.dev/report#XIII">View in report</a></p>]]></description><Point><coordinates>73.5133,-53.1,0</coordinates></Point></Placemark><Placemark><name>British Museum, London</name><styleUrl>#t-museum</styleUrl><description><![CDATA[<p><b>Section XIII</b> &middot; museum</p><p>About 8 million objects. Holds the Parthenon (Elgin) Marbles, the Rosetta Stone and Benin Bronzes taken in the 1897 British punitive expedition; Greece and Nigeria have long sought return. The museum as colonial warehouse (the site&#x27;s characterisation).</p><p><a href="https://www.b0b.dev/report#XIII">View in report</a></p>]]></description><TimeSpan><begin>1897-01-01</begin><end>1897-12-31</end></TimeSpan><Point><coordinates>-0.127,51.5194,0</coordinates></Point></Placemark><Placemark><name>Vatican Secret Archives (Apostolic Archive), Vatican City</name><styleUrl>#t-museum</styleUrl><description><![CDATA[<p><b>Section XIII</b> &middot; museum</p><p>85 linear kilometers of shelving. Documents spanning 12+ centuries. &#x27;Secret&#x27; renamed &#x27;Private&#x27; (2019). Access restricted to qualified scholars by application. Contains records of Inquisition, Galileo trial, excommunications, papal bulls authorizing colonization (Doctrine of Discovery). What the church chooses to preserve and who it allows to see it.</p><p><a href="https://www.b0b.dev/report#XIII">View in report</a></p>]]></description><TimeSpan><begin>2019-01-01</begin><end>2019-12-31</end></TimeSpan><Point><coordinates>12.4539,41.9022,0</coordinates></Point></Placemark><Placemark><name>Grand Egyptian Museum, Giza</name><styleUrl>#t-museum</styleUrl><description><![CDATA[<p><b>Section XIII</b> &middot; museum</p><p>Billion-dollar museum near the Giza pyramids, inaugurated 1 Nov 2025, holding over 100,000 objects including the Tutankhamun collection moved from the Egyptian Museum in Tahrir, Cairo (~120,000 objects). Access to Egypt&#x27;s sites and the official narrative run through the antiquities ministry; Zahi Hawass dominated it for decades until 2011.</p><p><a href="https://www.b0b.dev/report#XIII">View in report</a></p>]]></description><TimeStamp><when>2025-11-01</when></TimeStamp><Point><coordinates>31.1193,29.995,0</coordinates></Point></Placemark><Placemark><name>Pergamon Museum, Berlin</name><styleUrl>#t-museum</styleUrl><description><![CDATA[<p><b>Section XIII</b> &middot; museum</p><p>Ishtar Gate of Babylon, Pergamon Altar, Market Gate of Miletus - whole ancient structures excavated abroad and rebuilt in Berlin. Closed since Oct 2023 for renovation, expected mostly closed until 2037-2043.</p><p><a href="https://www.b0b.dev/report#XIII">View in report</a></p>]]></description><Point><coordinates>13.3967,52.5212,0</coordinates></Point></Placemark><Placemark><name>Göbekli Tepe Excavation Site Museum, Urfa</name><styleUrl>#t-museum</styleUrl><description><![CDATA[<p><b>Section XIII</b> &middot; museum</p><p>Museum adjacent to world&#x27;s oldest known temple (pre-12,000 years). Klaus Schmidt excavated 1994-2014 (died 2014). Only 5% excavated. Turkish government controls access and narrative. An archaeological site that rewrites human history - 95% of it deliberately left in the ground.</p><p><a href="https://www.b0b.dev/report#XIII">View in report</a></p>]]></description><TimeSpan><begin>1994-01-01</begin><end>1994-12-31</end></TimeSpan><Point><coordinates>38.9222,37.2231,0</coordinates></Point></Placemark><Placemark><name>Field Museum, Chicago</name><styleUrl>#t-museum</styleUrl><description><![CDATA[<p><b>Section XIII</b> &middot; museum</p><p>Founded from 1893 World&#x27;s Columbian Exposition collections. Marshall Field (department stores) funded. 40+ million specimens. Sue the T-Rex ($8.4M, 1997). Indigenous collections: human remains and sacred objects held for decades before NAGPRA compliance. The natural history museum funded by the retail baron.</p><p><a href="https://www.b0b.dev/report#XIII">View in report</a></p>]]></description><TimeSpan><begin>1893-01-01</begin><end>1893-12-31</end></TimeSpan><Point><coordinates>-87.617,41.8662,0</coordinates></Point></Placemark><Placemark><name>Uffizi Gallery, Florence</name><styleUrl>#t-museum</styleUrl><description><![CDATA[<p><b>Section XIII</b> &middot; museum</p><p>Gallery established 1581 in the Medici offices built by Vasari. The Medici - bankers to the papacy, later dukes, and the source of several popes - used art patronage as a display of power. The gallery as ledger.</p><p><a href="https://www.b0b.dev/report#XIII">View in report</a></p>]]></description><TimeSpan><begin>1581-01-01</begin><end>1581-12-31</end></TimeSpan><Point><coordinates>11.2553,43.7678,0</coordinates></Point></Placemark><Placemark><name>Hermitage Museum, St. Petersburg</name><styleUrl>#t-museum</styleUrl><description><![CDATA[<p><b>Section XIII</b> &middot; museum</p><p>3 million items. Founded by Catherine the Great (1764). Winter Palace - seat of Romanov power. Survived revolution, Nazi siege (872 days, 1M dead in Leningrad). The museum that survived the empire that built it, the revolution that overthrew it, and the siege that tried to starve it.</p><p><a href="https://www.b0b.dev/report#XIII">View in report</a></p>]]></description><TimeSpan><begin>1764-01-01</begin><end>1764-12-31</end></TimeSpan><Point><coordinates>30.3146,59.9398,0</coordinates></Point></Placemark><Placemark><name>Valley of the Kings, Luxor, Egypt</name><styleUrl>#t-archaeological</styleUrl><description><![CDATA[<p><b>Section XIII</b> &middot; archaeological</p><p>Royal necropolis with 65 known tombs and chambers, used c. 1539-1075 BC. Most were looted in antiquity; Tutankhamun&#x27;s tomb (KV62) was found intact in 1922. Radar surveys from 2015 for hidden chambers behind KV62 produced conflicting results.</p><p><a href="https://www.b0b.dev/report#XIII">View in report</a></p>]]></description><TimeSpan><begin>1922-01-01</begin><end>1922-12-31</end></TimeSpan><Point><coordinates>32.6014,25.7402,0</coordinates></Point></Placemark><Placemark><name>Ellora Caves, Maharashtra, India</name><styleUrl>#t-archaeological</styleUrl><description><![CDATA[<p><b>Section XIII</b> &middot; archaeological</p><p>34 caves cut into basalt (AD 600-1000) - Hindu, Buddhist and Jain temples side by side. The Kailasa temple (Cave 16) was excavated vertically from the top of the rock downward; an estimated ~200,000 tonnes of rock were removed (estimate).</p><p><a href="https://www.b0b.dev/report#XIII">View in report</a></p>]]></description><Point><coordinates>75.178,20.0258,0</coordinates></Point></Placemark><Placemark><name>Sochi Olympic Park, Russia - 2014 Winter Olympics</name><styleUrl>#t-conflict</styleUrl><description><![CDATA[<p><b>Section XIII</b> &middot; conflict</p><p>$51B - most expensive Olympics in history. Built on coast of historical Circassia. Circassian Genocide (1864): Russian Empire killed/expelled 1-1.5M Circassians. Russia hosted its celebration games on the land of a genocide it has never acknowledged. Sochi was the port from which Circassians were expelled. The victory lap on a mass grave.</p><p><a href="https://www.b0b.dev/report#XIII">View in report</a></p>]]></description><TimeSpan><begin>2014-01-01</begin><end>2014-12-31</end></TimeSpan><Point><coordinates>39.9556,43.4028,0</coordinates></Point></Placemark><Placemark><name>Berlin Olympic Stadium - 1936 Summer Olympics</name><styleUrl>#t-governance</styleUrl><description><![CDATA[<p><b>Section XIII</b> &middot; governance</p><p>Nazi propaganda showcase. Jesse Owens won four gold medals; the story that Hitler refused his hand is a myth - Hitler had stopped publicly congratulating any winners, and Owens said &#x27;Hitler didn&#x27;t snub me - it was our president who snubbed me.&#x27; Leni Riefenstahl&#x27;s Olympia pioneered sports-film technique. The Olympics as legitimisation of a fascist state. Stadium still in use.</p><p><a href="https://www.b0b.dev/report#XIII">View in report</a></p>]]></description><TimeSpan><begin>1936-01-01</begin><end>1936-12-31</end></TimeSpan><Point><coordinates>13.2395,52.5147,0</coordinates></Point></Placemark><Placemark><name>Munich Olympic Village - 1972 Summer Olympics</name><styleUrl>#t-conflict</styleUrl><description><![CDATA[<p><b>Section XIII</b> &middot; conflict</p><p>Munich Massacre: 11 Israeli athletes killed by Black September. German police botched rescue at Fürstenfeldbruck airfield. Mossad launched Operation Wrath of God - targeted assassinations across Europe. The Olympics that became a war zone. Games continued after 34-hour pause. &#x27;The Games must go on.&#x27; - Avery Brundage.</p><p><a href="https://www.b0b.dev/report#XIII">View in report</a></p>]]></description><TimeSpan><begin>1972-01-01</begin><end>1972-12-31</end></TimeSpan><Point><coordinates>11.5518,48.1755,0</coordinates></Point></Placemark><Placemark><name>Beijing National Stadium (Bird&#x27;s Nest) - 2008 Summer Olympics</name><styleUrl>#t-surveillance</styleUrl><description><![CDATA[<p><b>Section XIII</b> &middot; surveillance</p><p>US$428M stadium. Mass displacement of hutong neighbourhoods; internet controls tightened; Tibet protests crushed in March 2008. Ai Weiwei, the stadium&#x27;s artistic consultant, later distanced himself from it as part of a &#x27;pretend smile&#x27;. The surveillance state dressed up as a sporting event.</p><p><a href="https://www.b0b.dev/report#XIII">View in report</a></p>]]></description><TimeSpan><begin>2008-01-01</begin><end>2008-12-31</end></TimeSpan><Point><coordinates>116.3966,39.9929,0</coordinates></Point></Placemark><Placemark><name>Athens Olympic Complex - 2004 Summer Olympics</name><styleUrl>#t-financial</styleUrl><description><![CDATA[<p><b>Section XIII</b> &middot; financial</p><p>Cost the Greek state ~EUR 9bn. Most venues later abandoned (Hellinikon rusting). Popular accounts blame the Games for the 2010-18 debt crisis, but there is little evidence for a significant contribution - the debt (later ~180% of GDP) and Troika austerity had wider causes.</p><p><a href="https://www.b0b.dev/report#XIII">View in report</a></p>]]></description><TimeSpan><begin>2004-01-01</begin><end>2004-12-31</end></TimeSpan><Point><coordinates>23.7874,38.0362,0</coordinates></Point></Placemark><Placemark><name>Rio Olympic Park, Barra da Tijuca - 2016 Summer Olympics</name><styleUrl>#t-financial</styleUrl><description><![CDATA[<p><b>Section XIII</b> &middot; financial</p><p>Reported total cost ~US$13bn (sports-related costs ~US$4.6bn per the Oxford study). Favela clearances; sewage in Guanabara Bay; the state of Rio declared a financial emergency weeks before opening. In April 2017 Brazil&#x27;s Supreme Court opened an investigation of former mayor Eduardo Paes on Odebrecht plea testimony alleging ~US$4.8m solicited in 2012 for Olympic contracts; he denies it and no outcome is recorded here.</p><p><a href="https://www.b0b.dev/report#XIII">View in report</a></p>]]></description><TimeSpan><begin>2016-01-01</begin><end>2016-12-31</end></TimeSpan><Point><coordinates>-43.3953,-22.9714,0</coordinates></Point></Placemark><Placemark><name>London Olympic Park, Stratford - 2012 Summer Olympics</name><styleUrl>#t-surveillance</styleUrl><description><![CDATA[<p><b>Section XIII</b> &middot; surveillance</p><p>£8.77bn against a £9.3bn public funding package. Security relied on extensive CCTV; the G4S security contract failed and troops were called in. East London regeneration displaced working-class communities; legacy housing skewed to luxury flats.</p><p><a href="https://www.b0b.dev/report#XIII">View in report</a></p>]]></description><TimeSpan><begin>2012-01-01</begin><end>2012-12-31</end></TimeSpan><Point><coordinates>-0.0166,51.5384,0</coordinates></Point></Placemark><Placemark><name>Salt Lake City - 2002 Winter Olympics</name><styleUrl>#t-financial</styleUrl><description><![CDATA[<p><b>Section XIII</b> &middot; financial</p><p>Bribery scandal (broke Nov 1998): IOC members received cash, scholarships for children, medical care and land deals from the bid committee. Ten IOC members were expelled and ten sanctioned - the IOC&#x27;s first sanctions for corruption. Bid leaders Tom Welch and Dave Johnson were charged with bribery and fraud and acquitted of all charges in Dec 2003.</p><p><a href="https://www.b0b.dev/report#XIII">View in report</a></p>]]></description><TimeSpan><begin>2002-01-01</begin><end>2002-12-31</end></TimeSpan><Point><coordinates>-111.891,40.7608,0</coordinates></Point></Placemark><Placemark><name>Tokyo Olympic Stadium - 2020/2021 Summer Olympics</name><styleUrl>#t-financial</styleUrl><description><![CDATA[<p><b>Section XIII</b> &middot; financial</p><p>Postponed by COVID - the only postponement in Olympic history - and held in 2021 in empty stadiums; reported cost ~US$15bn. Zaha Hadid&#x27;s stadium design was scrapped over cost. Organising-committee executive board member Haruyuki Takahashi was arrested for bribery in 2022; Dentsu was the Games&#x27; exclusive marketing agency.</p><p><a href="https://www.b0b.dev/report#XIII">View in report</a></p>]]></description><TimeSpan><begin>2021-01-01</begin><end>2021-12-31</end></TimeSpan><Point><coordinates>139.7134,35.6778,0</coordinates></Point></Placemark><Placemark><name>PyeongChang Olympic Complex - 2018 Winter Olympics</name><styleUrl>#t-governance</styleUrl><description><![CDATA[<p><b>Section XIII</b> &middot; governance</p><p>Reported cost ~US$13bn. Held months after peak nuclear tension with the DPRK. Kim Yo-jong attended the opening; the two Koreas marched under the Korean Unification Flag and fielded a unified women&#x27;s hockey team. The Olympics as diplomatic theatre.</p><p><a href="https://www.b0b.dev/report#XIII">View in report</a></p>]]></description><TimeSpan><begin>2018-01-01</begin><end>2018-12-31</end></TimeSpan><Point><coordinates>128.6786,37.6319,0</coordinates></Point></Placemark><Placemark><name>Sarajevo Olympic Venues - 1984 Winter Olympics</name><styleUrl>#t-conflict</styleUrl><description><![CDATA[<p><b>Section XIII</b> &middot; conflict</p><p>Beautiful venues built 1984. By 1992: bobsled track used as artillery position. Zetra Olympic Hall: burned, used as morgue. Athletes&#x27; Village: sniper positions. The Olympic venues that became a battlefield within 8 years. Siege of Sarajevo: 1,425 days, 11,541 killed. The fastest transformation from celebration to slaughter.</p><p><a href="https://www.b0b.dev/report#XIII">View in report</a></p>]]></description><TimeSpan><begin>1984-01-01</begin><end>1984-12-31</end></TimeSpan><Point><coordinates>18.4131,43.8563,0</coordinates></Point></Placemark><Placemark><name>Montreal Olympic Stadium - 1976 Summer Olympics</name><styleUrl>#t-financial</styleUrl><description><![CDATA[<p><b>Section XIII</b> &middot; financial</p><p>$1.5B cost - &#x27;The Big Owe.&#x27; Took 30 years to pay off (2006). Mayor Jean Drapeau: &#x27;The Olympics can no more have a deficit than a man can have a baby.&#x27; Retractable roof never worked properly. The stadium whose debt outlasted a generation.</p><p><a href="https://www.b0b.dev/report#XIII">View in report</a></p>]]></description><TimeSpan><begin>1976-01-01</begin><end>1976-12-31</end></TimeSpan><Point><coordinates>-73.5516,45.5579,0</coordinates></Point></Placemark><Placemark><name>Mexico City Olympic Sites - 1968 Summer Olympics</name><styleUrl>#t-conflict</styleUrl><description><![CDATA[<p><b>Section XIII</b> &middot; conflict</p><p>Tlatelolco massacre, 2 Oct 1968 - ten days before the opening ceremony. Mexican army and the Olympia Battalion, a secret government security unit, fired on student protesters in the Plaza de las Tres Culturas: 44 deaths documented by name, with estimates of 300-400. The Games went ahead. Tommie Smith and John Carlos raised fists on the podium and were suspended and expelled from the Games.</p><p><a href="https://www.b0b.dev/report#XIII">View in report</a></p>]]></description><TimeStamp><when>1968-10-02</when></TimeStamp><Point><coordinates>-99.1365,19.4515,0</coordinates></Point></Placemark><Placemark><name>Los Angeles Memorial Coliseum - 1984 Summer Olympics</name><styleUrl>#t-governance</styleUrl><description><![CDATA[<p><b>Section XIII</b> &middot; governance</p><p>Soviet-led boycott (14 Eastern Bloc nations). Peter Ueberroth&#x27;s &#x27;private enterprise Olympics&#x27; - first to turn a profit ($250M). Created the corporate sponsorship model all future Olympics would follow. The Olympics that proved the Games were a business, not a movement.</p><p><a href="https://www.b0b.dev/report#XIII">View in report</a></p>]]></description><TimeSpan><begin>1984-01-01</begin><end>1984-12-31</end></TimeSpan><Point><coordinates>-118.2879,34.0141,0</coordinates></Point></Placemark><Placemark><name>Christie&#x27;s, King Street, London - Major Auction House</name><styleUrl>#t-financial</styleUrl><description><![CDATA[<p><b>Section XIII</b> &middot; financial</p><p>Founded 1766. Owned by François Pinault through Groupe Artémis since 1998. Sold Leonardo&#x27;s &#x27;Salvator Mundi&#x27; for $450.3M (2017) to Prince Badr bin Abdullah, reported to be bidding for Saudi Crown Prince Mohammed bin Salman (attributed). High-end art moves through auctions, private sales and freeport storage with limited public visibility of owners.</p><p><a href="https://www.b0b.dev/report#XIII">View in report</a></p>]]></description><TimeSpan><begin>1766-01-01</begin><end>1766-12-31</end></TimeSpan><Point><coordinates>-0.137,51.5085,0</coordinates></Point></Placemark><Placemark><name>Sotheby&#x27;s, New Bond Street, London - Major Auction House</name><styleUrl>#t-financial</styleUrl><description><![CDATA[<p><b>Section XIII</b> &middot; financial</p><p>Founded 1744. Acquired by Patrick Drahi in 2019 (~$3.7bn). Dmitry Rybolovlev accused Swiss dealer Yves Bouvier of overcharging him by nearly $1bn on art bought partly via Sotheby&#x27;s; the cases against Bouvier were dismissed and the two settled in Dec 2023, and a New York jury cleared Sotheby&#x27;s on all counts in Jan 2024. The affair exposed how private-sale markups work.</p><p><a href="https://www.b0b.dev/report#XIII">View in report</a></p>]]></description><TimeSpan><begin>1744-01-01</begin><end>1744-12-31</end></TimeSpan><Point><coordinates>-0.1425,51.5132,0</coordinates></Point></Placemark><Placemark><name>Salvator Mundi Sale, Christie&#x27;s NYC - $450.3M</name><styleUrl>#t-financial</styleUrl><description><![CDATA[<p><b>Section XIII</b> &middot; financial</p><p>Leonardo da Vinci &#x27;Salvator Mundi&#x27; - $450.3M (15 Nov 2017), record for any painting at auction. Bought by Prince Badr bin Abdullah, reported to be a stand-in for Mohammed bin Salman (attributed). Bought in 2005 for $1,175 as &#x27;after Leonardo&#x27;. Attribution disputed by scholars. Not publicly exhibited since the sale; reported to be in storage in Saudi Arabia - location attributed, not documented. A planned Louvre Abu Dhabi showing was cancelled without explanation.</p><p><a href="https://www.b0b.dev/report#XIII">View in report</a></p>]]></description><TimeSpan><begin>2017-01-01</begin><end>2017-12-31</end></TimeSpan><Point><coordinates>-73.9787,40.7587,0</coordinates></Point></Placemark><Placemark><name>Geneva Freeport, Switzerland - Art Storage Tax Haven</name><styleUrl>#t-financial</styleUrl><description><![CDATA[<p><b>Section XIII</b> &middot; financial</p><p>The largest freeport for art: an estimated US$100bn of art (press estimate) and ~1.2 million works (2013) in duty-suspended warehouses. Bought at auction, stored, resold years later without being seen. Art as bearer bonds.</p><p><a href="https://www.b0b.dev/report#XIII">View in report</a></p>]]></description><Point><coordinates>6.1262,46.1881,0</coordinates></Point></Placemark><Placemark><name>Luxembourg Freeport (Luxembourg High Security Hub) - Art Storage</name><styleUrl>#t-financial</styleUrl><description><![CDATA[<p><b>Section XIII</b> &middot; financial</p><p>Opened Sept 2014 beside Findel airport, founded by Yves Bouvier; designed by Atelier d&#x27;Architecture 3BM3. Same model as Geneva - goods stored with duties suspended. MEPs have criticised it as an enabler of tax evasion. Now the Luxembourg High Security Hub.</p><p><a href="https://www.b0b.dev/report#XIII">View in report</a></p>]]></description><TimeSpan><begin>2014-01-01</begin><end>2014-12-31</end></TimeSpan><Point><coordinates>6.222,49.6398,0</coordinates></Point></Placemark><Placemark><name>Le Freeport (Singapore Freeport), Changi</name><styleUrl>#t-financial</styleUrl><description><![CDATA[<p><b>Section XIII</b> &middot; financial</p><p>Opened 2010 at Changi by Yves Bouvier&#x27;s group (built for ~S$100M). Art, gold, wine and cars stored duty-suspended; Deutsche Bank kept gold there until 2019. Sold in 2022 to crypto billionaire Jihan Wu&#x27;s Bitdeer for S$40M.</p><p><a href="https://www.b0b.dev/report#XIII">View in report</a></p>]]></description><TimeSpan><begin>2010-01-01</begin><end>2010-12-31</end></TimeSpan><Point><coordinates>103.9691,1.345,0</coordinates></Point></Placemark><Placemark><name>Metropolitan Museum of Art, New York - Board Patterns</name><styleUrl>#t-museum</styleUrl><description><![CDATA[<p><b>Section XIII</b> &middot; museum</p><p>Trustees and donors include/included David Koch ($65M plaza), Henry Kravis and Leonard Lauder (Cubist collection gift). The Sackler Wing (Temple of Dendur) bore the name of the family whose Purdue Pharma made OxyContin, a driver of the US opioid epidemic; the name was removed in 2021 after protests.</p><p><a href="https://www.b0b.dev/report#XIII">View in report</a></p>]]></description><TimeSpan><begin>2021-01-01</begin><end>2021-12-31</end></TimeSpan><Point><coordinates>-73.9632,40.7794,0</coordinates></Point></Placemark><Placemark><name>Louvre Abu Dhabi - Art as Diplomacy</name><styleUrl>#t-museum</styleUrl><description><![CDATA[<p><b>Section XIII</b> &middot; museum</p><p>Under a 30-year intergovernmental deal (2007) Abu Dhabi pays EUR 400M for the Louvre name (to 2037), EUR 190M for art loans, EUR 165M for management advice and more. Designed by Jean Nouvel. Human Rights Watch documented passport confiscation and forced-labour conditions among construction workers. Salvator Mundi&#x27;s planned showing here was cancelled.</p><p><a href="https://www.b0b.dev/report#XIII">View in report</a></p>]]></description><Point><coordinates>54.3983,24.5336,0</coordinates></Point></Placemark><Placemark><name>Guggenheim Museum, New York - Solomon R. Guggenheim Foundation</name><styleUrl>#t-museum</styleUrl><description><![CDATA[<p><b>Section XIII</b> &middot; museum</p><p>Solomon Guggenheim: mining fortune. Peggy Guggenheim&#x27;s Venice palazzo is still a museum. Guggenheim Bilbao (Frank Gehry) turned a declining industrial city into a destination - the &#x27;Bilbao Effect&#x27;. A Guggenheim Helsinki was rejected by Helsinki City Council in 2016 after polls showed most residents opposed.</p><p><a href="https://www.b0b.dev/report#XIII">View in report</a></p>]]></description><Point><coordinates>-73.959,40.783,0</coordinates></Point></Placemark><Placemark><name>Tate Modern, London - Turbine Hall</name><styleUrl>#t-museum</styleUrl><description><![CDATA[<p><b>Section XIII</b> &middot; museum</p><p>Unilever Series funded Turbine Hall commissions (2000-2012). BP sponsorship of Tate: protested relentlessly by Liberate Tate. BP dropped 2016 after 26 years. Tate board included oil executives while exhibiting climate-themed art. The oil company sponsoring the museum that showed art about environmental destruction.</p><p><a href="https://www.b0b.dev/report#XIII">View in report</a></p>]]></description><TimeSpan><begin>2000-01-01</begin><end>2000-12-31</end></TimeSpan><Point><coordinates>-0.0994,51.5076,0</coordinates></Point></Placemark><Placemark><name>Museum of Islamic Art, Doha, Qatar</name><styleUrl>#t-museum</styleUrl><description><![CDATA[<p><b>Section XIII</b> &middot; museum</p><p>Designed by I.M. Pei. Qatar Museums (Sheikha Al-Mayassa bint Hamad Al Thani): estimated $1B/year art spending. Qatar bought Cézanne&#x27;s &#x27;The Card Players&#x27; for $250M+ (2011) - highest price ever at the time. The nation-state art collection as soft power infrastructure. Gas wealth converted to cultural capital.</p><p><a href="https://www.b0b.dev/report#XIII">View in report</a></p>]]></description><TimeSpan><begin>2011-01-01</begin><end>2011-12-31</end></TimeSpan><Point><coordinates>51.539,25.2959,0</coordinates></Point></Placemark><Placemark><name>The Broad, Los Angeles</name><styleUrl>#t-museum</styleUrl><description><![CDATA[<p><b>Section XIII</b> &middot; museum</p><p>Eli Broad (SunAmerica, KB Home; d. 2021) and Edythe Broad financed the ~$140M building on Grand Avenue to house their own collection (Basquiat, Koons, Warhol, Hirst). Broad also gave $30M to rescue MOCA (2008) across the street and funded LACMA&#x27;s BCAM. Art philanthropy as immortality project.</p><p><a href="https://www.b0b.dev/report#XIII">View in report</a></p>]]></description><Point><coordinates>-118.2508,34.0544,0</coordinates></Point></Placemark><Placemark><name>Fondation Louis Vuitton, Paris</name><styleUrl>#t-museum</styleUrl><description><![CDATA[<p><b>Section XIII</b> &middot; museum</p><p>Bernard Arnault (LVMH). Frank Gehry building in the Bois de Boulogne, opened 2014; projected at EUR 100M, it cost nearly eight times that, and LVMH received EUR 518M in tax breaks (Court of Audit, 2018). Houses the group&#x27;s collection. Arnault also owned the auction house Phillips 1999-2000s. The vertical integration of taste.</p><p><a href="https://www.b0b.dev/report#XIII">View in report</a></p>]]></description><Point><coordinates>2.2647,48.8808,0</coordinates></Point></Placemark><Placemark><name>KAWS Companion Sculptures - Various Locations</name><styleUrl>#t-obelisk</styleUrl><description><![CDATA[<p><b>Section XIII</b> &middot; obelisk</p><p>Brian Donnelly (KAWS). XX-eyed figures: Mickey Mouse + skull = consumer death. &#x27;Companion&#x27; - 45m floating sculpture appeared Hong Kong, Taipei, worldwide. Sotheby&#x27;s: KAWS &#x27;The KAWS Album&#x27; (Simpsons parody) sold $14.8M (2019). Street art → auction house → floating corporate sculpture in Victoria Harbour. The trajectory from graffiti to global capital. Hyperstition: the cartoon that became the commodity that became the monument.</p><p><a href="https://www.b0b.dev/report#XIII">View in report</a></p>]]></description><TimeSpan><begin>2019-01-01</begin><end>2019-12-31</end></TimeSpan><Point><coordinates>-73.9897,40.7411,0</coordinates></Point></Placemark><Placemark><name>Maman (Giant Spider) - Louise Bourgeois, Various Locations</name><styleUrl>#t-obelisk</styleUrl><description><![CDATA[<p><b>Section XIII</b> &middot; obelisk</p><p>Louise Bourgeois, 1999. 30-foot bronze spider. Editions at Guggenheim Bilbao, Tate Modern, National Gallery of Canada, Mori Tower Tokyo, Qatar. Named for the artist&#x27;s mother (&#x27;She was my best friend&#x27;). The spider as protector - weaving, repairing, creating. Or: the spider as surveillance, the web as network. Bourgeois: &#x27;Art is a guarantee of sanity.&#x27; The mother/monster that guards the museum entrance.</p><p><a href="https://www.b0b.dev/report#XIII">View in report</a></p>]]></description><TimeSpan><begin>1999-01-01</begin><end>1999-12-31</end></TimeSpan><Point><coordinates>2.336,48.8612,0</coordinates></Point></Placemark><Placemark><name>2001: A Space Odyssey - MGM-British Studios, Borehamwood</name><styleUrl>#t-technology</styleUrl><description><![CDATA[<p><b>Section XIII</b> &middot; technology</p><p>Stanley Kubrick&#x27;s 2001: A Space Odyssey (1968) was among the last films shot at MGM-British Studios. Its black monolith (1:4:9 proportions in Clarke&#x27;s novel) appears at each evolutionary leap. Kubrick died of a heart attack in March 1999, six days after screening his final cut of Eyes Wide Shut.</p><p><a href="https://www.b0b.dev/report#XIII">View in report</a></p>]]></description><TimeSpan><begin>1968-01-01</begin><end>1968-12-31</end></TimeSpan><Point><coordinates>-0.2592,51.6608,0</coordinates></Point></Placemark><Placemark><name>Karnak Temple Obelisks, Luxor, Egypt</name><styleUrl>#t-obelisk</styleUrl><description><![CDATA[<p><b>Section XIII</b> &middot; obelisk</p><p>Obelisks of Thutmose I and Hatshepsut still stand at Karnak. Egypt&#x27;s obelisks were carried off by later empires from several temples: the Paris obelisk from nearby Luxor Temple, the London and New York &#x27;Cleopatra&#x27;s Needles&#x27; from Heliopolis via Alexandria. The source of power symbols for every subsequent empire.</p><p><a href="https://www.b0b.dev/report#XIII">View in report</a></p>]]></description><Point><coordinates>32.6573,25.7188,0</coordinates></Point></Placemark><Placemark><name>Luxor Hotel Obelisk, Las Vegas</name><styleUrl>#t-obelisk</styleUrl><description><![CDATA[<p><b>Section XIII</b> &middot; obelisk</p><p>Las Vegas Luxor: a 30-story glass pyramid with a replica obelisk, a sphinx, and the brightest beam of light on Earth shooting from its apex. Ancient Egyptian sacred architecture replicated as a casino. Pharaonic tomb → gambling hall. The sacred reduced to spectacle. The beam is visible from space. The pyramid that prints money.</p><p><a href="https://www.b0b.dev/report#XIII">View in report</a></p>]]></description><Point><coordinates>-115.1761,36.0955,0</coordinates></Point></Placemark><Placemark><name>El Obelisco, Avenida 9 de Julio, Buenos Aires</name><styleUrl>#t-obelisk</styleUrl><description><![CDATA[<p><b>Section XIII</b> &middot; obelisk</p><p>71.5 m concrete obelisk built in 1936 for the 400th anniversary of the city&#x27;s first founding, at the junction of Corrientes and the 9 de Julio, often called the widest avenue in the world. It stood through the 1976-83 junta, whose disappeared are estimated by human-rights groups at 30,000 (contested), and through repeated economic collapses.</p><p><a href="https://www.b0b.dev/report#XIII">View in report</a></p>]]></description><TimeStamp><when>1936-05-23</when></TimeStamp><Point><coordinates>-58.3816,-34.6037,0</coordinates></Point></Placemark><Placemark><name>Rani ki Vav stepwell, Patan, Gujarat, India</name><styleUrl>#t-archaeological</styleUrl><description><![CDATA[<p><b>Section XIII</b> &middot; archaeological</p><p>11th-century stepwell attributed to Queen Udayamati, descending seven levels to the water with more than 500 principal sculptures. Silted over, rediscovered in the 1940s; UNESCO World Heritage site.</p><p><a href="https://www.b0b.dev/report#XIII">View in report</a></p>]]></description><Point><coordinates>72.1017,23.8587,0</coordinates></Point></Placemark><Placemark><name>Aswan Unfinished Obelisk, Egypt</name><styleUrl>#t-obelisk</styleUrl><description><![CDATA[<p><b>Section XIII</b> &middot; obelisk</p><p>Would have been the largest obelisk ever: ~42 m and nearly 1,090 tonnes. Abandoned when cracks appeared during quarrying (15th century BC). Still lies in the quarry, carved directly from bedrock - the failure that explained the method.</p><p><a href="https://www.b0b.dev/report#XIII">View in report</a></p>]]></description><Point><coordinates>32.8942,24.0772,0</coordinates></Point></Placemark><Placemark><name>Black Wall Street - Greenwood District, Tulsa OK</name><styleUrl>#t-conflict</styleUrl><description><![CDATA[<p><b>Section XIII</b> &middot; conflict</p><p>Greenwood District, Tulsa - &#x27;Black Wall Street&#x27;, one of the wealthiest Black communities in the US. On 31 May-1 June 1921 white mobs, many deputised by city officials, burned more than 35 square blocks. Eyewitnesses describe private aircraft firing on and firebombing the district (attributed). Deaths: official count 36, estimates up to ~300; about 10,000 left homeless; property losses of ~$2.25M (1921). The National Guard interned up to 6,000 Black residents. A grand jury indicted more than 85 people but no one was convicted for the killings or destruction. The survivors&#x27; lawsuit was dismissed in 2024; in 2025 the city announced a $105M private trust for descendants.</p><p><a href="https://www.b0b.dev/report#XIII">View in report</a></p>]]></description><TimeStamp><when>1921-05-31</when></TimeStamp><Point><coordinates>-95.9903,36.157,0</coordinates></Point></Placemark><Placemark><name>Tulsa Mass Graves - Oaklawn Cemetery</name><styleUrl>#t-conflict</styleUrl><description><![CDATA[<p><b>Section XIII</b> &middot; conflict</p><p>Oaklawn Cemetery, Tulsa. Eyewitness accounts describe victims of the 1921 massacre buried in unmarked graves, dumped in the river or burned (attributed). The official death toll was 36 (26 Black, 10 white); estimates run to ~300. In October 2020 a forensic team unearthed 11 coffins in a suspected mass grave; later excavations recovered remains with gunshot wounds. Identification continues more than a century later.</p><p><a href="https://www.b0b.dev/report#XIII">View in report</a></p>]]></description><TimeSpan><begin>1921-01-01</begin><end>1921-12-31</end></TimeSpan><Point><coordinates>-95.9834,36.1485,0</coordinates></Point></Placemark><Placemark><name>Tulsa Convention Hall - 1921 Detention Camp</name><styleUrl>#t-military</styleUrl><description><![CDATA[<p><b>Section XIII</b> &middot; military</p><p>Convention Hall (now the Tulsa Theater), McNulty Park and the fairgrounds were used to intern up to 6,000 Black residents of Greenwood during the 1921 massacre. Under martial law detainees needed identification cards and release required a white person to vouch for them; meanwhile homes were looted and burned. Guardsmen fired on Black neighbourhoods, including with a machine gun (attributed).</p><p><a href="https://www.b0b.dev/report#XIII">View in report</a></p>]]></description><TimeSpan><begin>1921-01-01</begin><end>1921-12-31</end></TimeSpan><Point><coordinates>-95.9919,36.1558,0</coordinates></Point></Placemark><Placemark><name>Musée du Louvre, Paris</name><styleUrl>#t-museum</styleUrl><description><![CDATA[<p><b>Section XIII</b> &middot; museum</p><p>615,000+ objects, 35,000 on display. Originally a royal palace. Under Napoleon it became the Musée Napoléon, filled with art seized from conquered states; Vivant Denon, who accompanied Napoleon to Egypt, directed it. The Mona Lisa was brought to France by Leonardo and acquired by Francis I after his death in 1519. The museum as empire.</p><p><a href="https://www.b0b.dev/report#XIII">View in report</a></p>]]></description><Point><coordinates>2.3376,48.8606,0</coordinates></Point></Placemark><Placemark><name>Getty Museum / Getty Villa, Los Angeles</name><styleUrl>#t-museum</styleUrl><description><![CDATA[<p><b>Section XIII</b> &middot; museum</p><p>J. Paul Getty - oil fortune (Getty Oil, later Texaco then Chevron). Getty Villa: 44,000 Greek, Roman and Etruscan antiquities. Curator Marion True (1986-2005) was charged in Italy and Greece over looted antiquities; the cases ended without conviction (statute of limitations), and the Getty returned 40 objects to Italy and others to Greece. Endowment ~$9.4bn (2025), the largest of any art institution.</p><p><a href="https://www.b0b.dev/report#XIII">View in report</a></p>]]></description><Point><coordinates>-118.4741,34.078,0</coordinates></Point></Placemark><Placemark><name>Crystal Bridges Museum of American Art, Bentonville, AR</name><styleUrl>#t-museum</styleUrl><description><![CDATA[<p><b>Section XIII</b> &middot; museum</p><p>Alice Walton - Walmart heir (net worth ~$134bn, 2026). The Walton Family Foundation endowed Crystal Bridges with ~$800M for construction, acquisitions and operations, in Walmart&#x27;s home town. Collection includes Durand, Rockwell, Warhol, Rothko. Walmart is the largest private US employer; studies have counted many of its workers on public assistance (attributed). Retail fortune converted into a tax-advantaged philanthropic institution.</p><p><a href="https://www.b0b.dev/report#XIII">View in report</a></p>]]></description><Point><coordinates>-94.2028,36.3824,0</coordinates></Point></Placemark><Placemark><name>National Museum of Anthropology, Mexico City</name><styleUrl>#t-museum</styleUrl><description><![CDATA[<p><b>Section XIII</b> &middot; museum</p><p>Aztec Sun Stone, Olmec colossal heads, Maya jade masks; 600,000+ artefacts. Built 1964 by the modern Mexican state to present a pre-Hispanic heritage destroyed by the Spanish conquest. On 25 Dec 1985 two students stole 124 artefacts; most were recovered in 1989. The museum as the state&#x27;s claim to a heritage it inherited from conquest.</p><p><a href="https://www.b0b.dev/report#XIII">View in report</a></p>]]></description><TimeSpan><begin>1964-01-01</begin><end>1964-12-31</end></TimeSpan><Point><coordinates>-99.1861,19.426,0</coordinates></Point></Placemark><Placemark><name>Acropolis Museum, Athens</name><styleUrl>#t-museum</styleUrl><description><![CDATA[<p><b>Section XIII</b> &middot; museum</p><p>Built 2009, €130M. Entire floor designed with empty spaces — reserved for the Parthenon Marbles currently in the British Museum. Lord Elgin removed them 1801-1812 from the Parthenon under an Ottoman permit of questionable validity. Greece has demanded return since independence (1832). The museum that was architecturally designed around its own absence — the building is a repatriation argument.</p><p><a href="https://www.b0b.dev/report#XIII">View in report</a></p>]]></description><TimeSpan><begin>2009-01-01</begin><end>2009-12-31</end></TimeSpan><Point><coordinates>23.7284,37.9685,0</coordinates></Point></Placemark><Placemark><name>Royal Museum for Central Africa, Tervuren, Belgium</name><styleUrl>#t-museum</styleUrl><description><![CDATA[<p><b>Section XIII</b> &middot; museum</p><p>Built to showcase Leopold II&#x27;s Congo Free State at the 1897 International Exposition, financed by profits from a forced-labour rubber regime under which millions died (estimates range widely, up to ~10 million - contested). For a century it presented the colonial &#x27;civilising mission&#x27;. Reopened 2018 as the AfricaMuseum; the building itself is the artefact.</p><p><a href="https://www.b0b.dev/report#XIII">View in report</a></p>]]></description><TimeSpan><begin>1897-01-01</begin><end>1897-12-31</end></TimeSpan><Point><coordinates>4.5224,50.8312,0</coordinates></Point></Placemark><Placemark><name>National Museum of Brazil, Rio de Janeiro</name><styleUrl>#t-museum</styleUrl><description><![CDATA[<p><b>Section XIII</b> &middot; museum</p><p>Brazil&#x27;s oldest scientific institution (1818), in the former Imperial Palace; ~20 million items. Fire on 2 Sept 2018 destroyed most of the collection (reported 92.5%), after years of budget cuts (maintenance reportedly ~$13,000/year - attributed). Luzia, an 11,500-year-old skeleton, was fragmented in the fire; most of her remains were recovered.</p><p><a href="https://www.b0b.dev/report#XIII">View in report</a></p>]]></description><TimeStamp><when>2018-09-02</when></TimeStamp><Point><coordinates>-43.2253,-22.9055,0</coordinates></Point></Placemark><Placemark><name>National Museum of China, Beijing</name><styleUrl>#t-museum</styleUrl><description><![CDATA[<p><b>Section XIII</b> &middot; museum</p><p>East side of Tiananmen Square. 1.3 million objects. Formed 2003 from the Museum of the Revolution and the Museum of Chinese History. Its permanent exhibitions frame 5,000 years of history as leading to Communist Party rule, on the square where the 1989 protests were crushed.</p><p><a href="https://www.b0b.dev/report#XIII">View in report</a></p>]]></description><TimeSpan><begin>2003-01-01</begin><end>2003-12-31</end></TimeSpan><Point><coordinates>116.3975,39.9042,0</coordinates></Point></Placemark><Placemark><name>Topkapi Palace Museum, Istanbul</name><styleUrl>#t-museum</styleUrl><description><![CDATA[<p><b>Section XIII</b> &middot; museum</p><p>Ottoman imperial residence (1478-1853). Holds relics attributed to Muhammad (sword, cloak) and claimed relics of Moses and Joseph. The Harem: some 300-400 rooms. After the sultanate was abolished (1922), the palace became a museum in 1924. The seat of an empire spanning Europe and Asia, now a tourist site.</p><p><a href="https://www.b0b.dev/report#XIII">View in report</a></p>]]></description><TimeSpan><begin>1924-01-01</begin><end>1924-12-31</end></TimeSpan><Point><coordinates>28.9834,41.0115,0</coordinates></Point></Placemark><Placemark><name>Frick Collection, New York</name><styleUrl>#t-museum</styleUrl><description><![CDATA[<p><b>Section XIII</b> &middot; museum</p><p>Henry Clay Frick: chairman of Carnegie Steel during the Homestead Strike (1892) - hired Pinkerton agents; seven strikers and three Pinkertons were killed. Anarchist Alexander Berkman tried to assassinate Frick; Frick survived and broke the union. The fortune built this Fifth Avenue mansion-museum: Vermeer, Rembrandt, Bellini, Holbein. The Pinkerton budget became the Vermeer budget.</p><p><a href="https://www.b0b.dev/report#XIII">View in report</a></p>]]></description><TimeSpan><begin>1892-01-01</begin><end>1892-12-31</end></TimeSpan><Point><coordinates>-73.9672,40.771,0</coordinates></Point></Placemark><Placemark><name>National Palace Museum, Taipei</name><styleUrl>#t-museum</styleUrl><description><![CDATA[<p><b>Section XIII</b> &middot; museum</p><p>696,000+ objects — Chinese imperial collection spanning 8,000 years. Chiang Kai-shek evacuated the collection from Beijing&#x27;s Forbidden City (1948-49) during the Chinese Civil War — 2,972 crates shipped to Taiwan in three shipments. The mainland government calls it theft. Taiwan calls it preservation. The museum whose entire collection is a political argument about which China is the real one.</p><p><a href="https://www.b0b.dev/report#XIII">View in report</a></p>]]></description><TimeSpan><begin>1948-01-01</begin><end>1948-12-31</end></TimeSpan><Point><coordinates>121.5485,25.1024,0</coordinates></Point></Placemark><Placemark><name>Rijksmuseum, Amsterdam</name><styleUrl>#t-museum</styleUrl><description><![CDATA[<p><b>Section XIII</b> &middot; museum</p><p>Dutch Golden Age collection. Rembrandt&#x27;s Night Watch. Vermeer&#x27;s Milkmaid. The &#x27;Golden Age&#x27; was funded by the VOC (Dutch East India Company) — the world&#x27;s first multinational corporation, first to issue stock, and the organization that colonized Indonesia, South Africa, and controlled the global spice trade through military force. The museum celebrates the art produced by the profits of the first corporate empire.</p><p><a href="https://www.b0b.dev/report#XIII">View in report</a></p>]]></description><Point><coordinates>4.8852,52.36,0</coordinates></Point></Placemark><Placemark><name>Museo del Prado, Madrid</name><styleUrl>#t-museum</styleUrl><description><![CDATA[<p><b>Section XIII</b> &middot; museum</p><p>Opened 1819 from the Spanish royal collection: Velázquez, Goya, El Greco, Bosch. The Habsburg and Bourbon crowns that assembled it drew silver from Potosí, worked by forced indigenous (mita) and enslaved labour, and ruled one of the largest empires in history. Las Meninas was painted while Potosí&#x27;s silver was arriving in Seville.</p><p><a href="https://www.b0b.dev/report#XIII">View in report</a></p>]]></description><TimeStamp><when>1819-11-19</when></TimeStamp><Point><coordinates>-3.6921,40.4138,0</coordinates></Point></Placemark><Placemark><name>Natural History Museum, London</name><styleUrl>#t-museum</styleUrl><description><![CDATA[<p><b>Section XIII</b> &middot; museum</p><p>80 million specimens. Founded 1881 from British Museum&#x27;s natural history collection. Darwin&#x27;s specimens. Colonial-era botanical, zoological, and geological specimens collected from every continent Britain controlled. Specimen collecting was mapping for extraction — catalogue the resources, then send the companies. The museum as inventory ledger for the empire&#x27;s resource base.</p><p><a href="https://www.b0b.dev/report#XIII">View in report</a></p>]]></description><TimeSpan><begin>1881-01-01</begin><end>1881-12-31</end></TimeSpan><Point><coordinates>-0.17639,51.49611,0</coordinates></Point></Placemark><Placemark><name>Art Institute of Chicago</name><styleUrl>#t-museum</styleUrl><description><![CDATA[<p><b>Section XIII</b> &middot; museum</p><p>Founded 1879. One of the largest Impressionist collections outside Paris; Seurat&#x27;s Sunday Afternoon, Wood&#x27;s American Gothic. Board historically drawn from Chicago&#x27;s industrial fortunes (Armour meat-packing, railroads, real estate), the same circle behind the 1893 World&#x27;s Fair that also founded the nearby Field Museum.</p><p><a href="https://www.b0b.dev/report#XIII">View in report</a></p>]]></description><TimeSpan><begin>1879-01-01</begin><end>1879-12-31</end></TimeSpan><Point><coordinates>-87.6237,41.8796,0</coordinates></Point></Placemark><Placemark><name>Deutsches Museum, Munich</name><styleUrl>#t-museum</styleUrl><description><![CDATA[<p><b>Section XIII</b> &middot; museum</p><p>World&#x27;s largest museum of science and technology. 28,000+ objects. V-2 rocket on display — the weapon built by slave labor at Mittelbau-Dora (20,000 deaths). Werner von Braun artifacts. Enigma machines. The museum that displays the technology without the slaves who built it. Science and technology museums worldwide follow this template: celebrate the invention, omit the human cost.</p><p><a href="https://www.b0b.dev/report#XIII">View in report</a></p>]]></description><Point><coordinates>11.5833,48.1299,0</coordinates></Point></Placemark><Placemark><name>International Spy Museum, Washington D.C.</name><styleUrl>#t-museum</styleUrl><description><![CDATA[<p><b>Section XIII</b> &middot; museum</p><p>Founded by Milton Maltz (Malrite Communications), opened 19 July 2002; now an independent non-profit, at L&#x27;Enfant Plaza since 2019. Large public collection of espionage artefacts; advisers have included former intelligence directors. The public version of the story, told while the classified one continues.</p><p><a href="https://www.b0b.dev/report#XIII">View in report</a></p>]]></description><TimeSpan><begin>2002-01-01</begin><end>2002-12-31</end></TimeSpan><Point><coordinates>-77.0231,38.8833,0</coordinates></Point></Placemark><Placemark><name>Sanxingdui Ruins, Guanghan, Sichuan, China</name><styleUrl>#t-archaeological</styleUrl><description><![CDATA[<p><b>Section XIII</b> &middot; archaeological</p><p>Sacrificial pits at this Bronze Age site (c. 1700-1150 BC), first probed in 1929 and dramatically re-excavated from 2019, yielded hundreds of bronze masks, heads and trees - including a mask 1.31 m wide - from a lost Shu civilization with no written records, whose art style is unmatched anywhere else in ancient China. Source: World Archaeology, &#x27;The lost world of Sanxingdui&#x27; / China Daily.</p><p><a href="https://www.b0b.dev/report#XIII">View in report</a></p>]]></description><TimeSpan><begin>1986-01-01</begin><end>1986-12-31</end></TimeSpan><Point><coordinates>104.1999,30.9937,0</coordinates></Point></Placemark><Placemark><name>Caral-Supe, Barranca Province, Peru</name><styleUrl>#t-archaeological</styleUrl><description><![CDATA[<p><b>Section XIII</b> &middot; archaeological</p><p>Built around 2600 BC and home to over 3,000 people, Caral is the oldest known urban center in the Americas - roughly contemporary with the Egyptian pyramids - with six stepped platform mounds and sunken circular plazas of the Norte Chico civilization; UNESCO listed it in 2009. Source: Wikipedia, &#x27;Caral&#x27; / Popular Archaeology.</p><p><a href="https://www.b0b.dev/report#XIII">View in report</a></p>]]></description><TimeSpan><begin>2009-01-01</begin><end>2009-12-31</end></TimeSpan><Point><coordinates>-77.5011,-10.8901,0</coordinates></Point></Placemark><Placemark><name>Great Zimbabwe National Monument, Masvingo</name><styleUrl>#t-archaeological</styleUrl><description><![CDATA[<p><b>Section XIII</b> &middot; archaeological</p><p>The mortarless dry-stone Great Enclosure - a wall up to 9.6 m high and 250 m long - is the largest ancient structure in sub-Saharan Africa, capital of a trading empire (11th-15th c.) whose African authorship colonial authorities long tried to deny; it gives the modern nation its name. Source: Britannica, &#x27;Great Zimbabwe&#x27; / Wikipedia.</p><p><a href="https://www.b0b.dev/report#XIII">View in report</a></p>]]></description><Point><coordinates>30.9332,-20.2709,0</coordinates></Point></Placemark><Placemark><name>Persepolis (Takht-e Jamshid), Fars Province, Iran</name><styleUrl>#t-archaeological</styleUrl><description><![CDATA[<p><b>Section XIII</b> &middot; archaeological</p><p>Ceremonial capital of the Achaemenid Persian Empire, begun c. 518 BC by Darius I, with its Apadana audience hall and reliefs of tribute-bearing nations; it was looted and burned by Alexander the Great&#x27;s army in 330 BC. A UNESCO World Heritage Site since 1979. Source: UNESCO World Heritage &#x27;Persepolis&#x27; / Britannica.</p><p><a href="https://www.b0b.dev/report#XIII">View in report</a></p>]]></description><TimeSpan><begin>1979-01-01</begin><end>1979-12-31</end></TimeSpan><Point><coordinates>52.8904,29.9352,0</coordinates></Point></Placemark><Placemark><name>Great Ziggurat of Ur, Dhi Qar, Iraq</name><styleUrl>#t-archaeological</styleUrl><description><![CDATA[<p><b>Section XIII</b> &middot; archaeological</p><p>A massive Sumerian stepped temple-platform to the moon god Nanna, built c. 2100 BC by King Ur-Nammu near modern Nasiriyah; its restored lower facade sits beside a former Iraqi airbase, and it anchors the ancient city of Ur, traditionally linked to the biblical Abraham. Source: Britannica, &#x27;Ziggurat of Ur&#x27; / Wikipedia.</p><p><a href="https://www.b0b.dev/report#XIII">View in report</a></p>]]></description><Point><coordinates>46.1031,30.9628,0</coordinates></Point></Placemark><Placemark><name>Mohenjo-daro, Larkana District, Sindh, Pakistan</name><styleUrl>#t-archaeological</styleUrl><description><![CDATA[<p><b>Section XIII</b> &middot; archaeological</p><p>One of the largest cities of the Indus Valley Civilization (built c. 2500 BC), notable for grid-planned streets, a covered drainage system and the &#x27;Great Bath&#x27;; its still-undeciphered script leaves a sophisticated urban society largely unreadable. UNESCO listed it in 1980 and warns of severe erosion. Source: UNESCO World Heritage &#x27;Archaeological Ruins at Moenjodaro&#x27;.</p><p><a href="https://www.b0b.dev/report#XIII">View in report</a></p>]]></description><TimeSpan><begin>1980-01-01</begin><end>1980-12-31</end></TimeSpan><Point><coordinates>68.1349,27.3253,0</coordinates></Point></Placemark><Placemark><name>Nazca Lines, Nazca, Ica, Peru</name><styleUrl>#t-archaeological</styleUrl><description><![CDATA[<p><b>Section XIII</b> &middot; archaeological</p><p>Hundreds of giant geoglyphs - animals, plants and straight lines up to kilometers long - etched into the desert plateau by the Nazca culture between roughly 500 BC and AD 500, only fully legible from the air; ongoing drone surveys keep adding newly discovered figures. UNESCO World Heritage since 1994. Source: UNESCO World Heritage &#x27;Lines and Geoglyphs of Nasca and Palpa&#x27;.</p><p><a href="https://www.b0b.dev/report#XIII">View in report</a></p>]]></description><TimeSpan><begin>1994-01-01</begin><end>1994-12-31</end></TimeSpan><Point><coordinates>-75.1853,-14.6998,0</coordinates></Point></Placemark><Placemark><name>Isabella Stewart Gardner Museum, Boston</name><styleUrl>#t-museum</styleUrl><description><![CDATA[<p><b>Section XIII</b> &middot; museum</p><p>On March 18, 1990, two thieves disguised as police officers spent 81 minutes stealing 13 works - including a Vermeer and Rembrandts - valued at hundreds of millions of dollars: the highest-value museum robbery in history. Unsolved; the museum&#x27;s $10 million reward stands. Source: FBI; Smithsonian Magazine.</p><p><a href="https://www.b0b.dev/report#XIII">View in report</a></p>]]></description><TimeStamp><when>1990-03-18</when></TimeStamp><Point><coordinates>-71.0992,42.3382,0</coordinates></Point></Placemark><Placemark><name>Museum of the Bible, Washington D.C.</name><styleUrl>#t-museum</styleUrl><description><![CDATA[<p><b>Section XIII</b> &middot; museum</p><p>Funded by Hobby Lobby&#x27;s Green family. In 2017 Hobby Lobby paid a $3M fine and agreed to forfeit more than 5,500 smuggled Iraqi artifacts; the museum later agreed to return over 11,000 objects to Egypt and Iraq, and the looted Gilgamesh Dream Tablet was repatriated to Iraq in 2021. Source: U.S. DOJ; Smithsonian Magazine.</p><p><a href="https://www.b0b.dev/report#XIII">View in report</a></p>]]></description><TimeSpan><begin>2017-01-01</begin><end>2017-12-31</end></TimeSpan><Point><coordinates>-77.0165,38.8845,0</coordinates></Point></Placemark><Placemark><name>Humboldt Forum, Berlin</name><styleUrl>#t-museum</styleUrl><description><![CDATA[<p><b>Section XIII</b> &middot; museum</p><p>The Prussian Cultural Heritage Foundation agreed in 2021-22 to restitute about 530 Benin Bronzes — looted by British forces in 1897 — held in Berlin&#x27;s Ethnological Museum to Nigeria, a landmark in the global colonial-restitution debate, though roughly a third are to remain on loan in Berlin. Source: Euronews; Staatliche Museen zu Berlin (smb.museum); Artnet.</p><p><a href="https://www.b0b.dev/report#XIII">View in report</a></p>]]></description><TimeSpan><begin>2021-01-01</begin><end>2021-12-31</end></TimeSpan><Point><coordinates>13.4012,52.517,0</coordinates></Point></Placemark><Placemark><name>Musée du quai Branly – Jacques Chirac, Paris</name><styleUrl>#t-museum</styleUrl><description><![CDATA[<p><b>Section XIII</b> &middot; museum</p><p>The museum holds around 70,000 sub-Saharan African objects — about two-thirds of France&#x27;s African holdings; the 2018 Sarr-Savoy report, which estimated 90-95% of Africa&#x27;s heritage sits outside the continent, prompted France to return 26 works plundered from Abomey Palace in 1892 to Benin. Source: Center for Art Law; Cultural Property News; Artnet.</p><p><a href="https://www.b0b.dev/report#XIII">View in report</a></p>]]></description><TimeSpan><begin>2018-01-01</begin><end>2018-12-31</end></TimeSpan><Point><coordinates>2.298,48.861,0</coordinates></Point></Placemark><Placemark><name>Bardo National Museum, Tunis</name><styleUrl>#t-museum</styleUrl><description><![CDATA[<p><b>Section XIII</b> &middot; museum</p><p>On March 18, 2015, gunmen attacked Tunisia&#x27;s national museum - home to one of the world&#x27;s great Roman mosaic collections - killing about 22 people, mostly foreign tourists. ISIS claimed it; Tunisian authorities attributed it to the al-Qaeda-linked Uqba ibn Nafi Brigade. It devastated the tourism sector.</p><p><a href="https://www.b0b.dev/report#XIII">View in report</a></p>]]></description><TimeStamp><when>2015-03-18</when></TimeStamp><Point><coordinates>10.1342,36.8094,0</coordinates></Point></Placemark><Placemark><name>Victoria and Albert Museum, London</name><styleUrl>#t-museum</styleUrl><description><![CDATA[<p><b>Section XIII</b> &middot; museum</p><p>The V&amp;A holds treasures looted by British forces after the 1868 Battle of Maqdala in Ethiopia — gold crowns, crosses and royal regalia; in 2018 director Tristram Hunt publicly offered to return the Maqdala collection to Ethiopia on long-term loan rather than as outright restitution, spotlighting UK museums&#x27; colonial acquisitions. Source: Victoria and Albert Museum (vam.ac.uk); The Guardian.</p><p><a href="https://www.b0b.dev/report#XIII">View in report</a></p>]]></description><TimeSpan><begin>1868-01-01</begin><end>1868-12-31</end></TimeSpan><Point><coordinates>-0.1716,51.4969,0</coordinates></Point></Placemark><Placemark><name>The Mob Museum, Las Vegas</name><styleUrl>#t-museum</styleUrl><description><![CDATA[<p><b>Section XIII</b> &middot; museum</p><p>Officially the National Museum of Organized Crime and Law Enforcement, it opened in 2012 inside the former federal courthouse that hosted a 1950-51 Kefauver Committee hearing on organized crime, documenting the mob&#x27;s role in building Las Vegas and its casino skim operations. Source: The Mob Museum (themobmuseum.org); Las Vegas Review-Journal.</p><p><a href="https://www.b0b.dev/report#XIII">View in report</a></p>]]></description><TimeSpan><begin>2012-01-01</begin><end>2012-12-31</end></TimeSpan><Point><coordinates>-115.1414,36.1728,0</coordinates></Point></Placemark><Placemark><name>Museo Egizio, Turin</name><styleUrl>#t-museum</styleUrl><description><![CDATA[<p><b>Section XIII</b> &middot; museum</p><p>Founded in 1824, the oldest museum devoted solely to ancient Egypt, with more than 40,000 artifacts - considered the most important Egyptological collection after Cairo - much of it amassed by French consul Bernardino Drovetti during the colonial-era scramble for Egyptian antiquities. Source: Museo Egizio; Encyclopaedia Britannica.</p><p><a href="https://www.b0b.dev/report#XIII">View in report</a></p>]]></description><TimeSpan><begin>1824-01-01</begin><end>1824-12-31</end></TimeSpan><Point><coordinates>7.6844,45.0684,0</coordinates></Point></Placemark><Placemark><name>Karahan Tepe, Şanlıurfa Province, Turkey</name><styleUrl>#t-archaeological</styleUrl><description><![CDATA[<p><b>Section XIII</b> &middot; archaeological</p><p>Excavated since 2019, this Pre-Pottery Neolithic ritual complex (c. 9400-8200 BCE) is the &#x27;sister site&#x27; of Göbekli Tepe, 35 km east, and part of the Taş Tepeler network of at least a dozen sites; its T-shaped stelae and carved figures push the origins of monumental religion back some 11,000 years, before agriculture. Source: Heritage Daily / Ancient Origins, &#x27;Karahan Tepe&#x27;.</p><p><a href="https://www.b0b.dev/report#XIII">View in report</a></p>]]></description><TimeSpan><begin>2019-01-01</begin><end>2019-12-31</end></TimeSpan><Point><coordinates>39.3027,37.0917,0</coordinates></Point></Placemark><Placemark><name>Machu Picchu, Cusco Region, Peru</name><styleUrl>#t-archaeological</styleUrl><description><![CDATA[<p><b>Section XIII</b> &middot; archaeological</p><p>A 15th-century Inca royal estate perched at ~2,430 m on a ridge above the Urubamba valley, unknown to the outside world until Hiram Bingham publicized it in 1911; its precision ashlar masonry and astronomical alignments (e.g. the Intihuatana stone) survive intact. UNESCO World Heritage since 1983. Source: UNESCO World Heritage &#x27;Historic Sanctuary of Machu Picchu&#x27;.</p><p><a href="https://www.b0b.dev/report#XIII">View in report</a></p>]]></description><TimeSpan><begin>1911-01-01</begin><end>1911-12-31</end></TimeSpan><Point><coordinates>-72.54556,-13.16333,0</coordinates></Point></Placemark><Placemark><name>Çatalhöyük, Çumra, Konya Province, Turkey</name><styleUrl>#t-archaeological</styleUrl><description><![CDATA[<p><b>Section XIII</b> &middot; archaeological</p><p>A 9,000-year-old Neolithic proto-city of densely packed mudbrick houses entered through the roof, housing up to ~8,000 people with no streets, elaborate wall paintings and burials beneath the floors - a key site for understanding the origins of settled urban life. UNESCO World Heritage since 2012. Source: UNESCO World Heritage &#x27;Neolithic Site of Çatalhöyük&#x27;.</p><p><a href="https://www.b0b.dev/report#XIII">View in report</a></p>]]></description><TimeSpan><begin>2012-01-01</begin><end>2012-12-31</end></TimeSpan><Point><coordinates>32.82806,37.66667,0</coordinates></Point></Placemark><Placemark><name>Mausoleum of the First Qin Emperor / Terracotta Army, Xi&#x27;an, China</name><styleUrl>#t-archaeological</styleUrl><description><![CDATA[<p><b>Section XIII</b> &middot; archaeological</p><p>The tomb complex of Qin Shi Huang (d. 210 BC), guarded by an estimated 8,000 life-size terracotta soldiers discovered by well-diggers in 1974; the central burial mound, described by historian Sima Qian as containing rivers of mercury, remains unexcavated. UNESCO World Heritage since 1987. Source: UNESCO World Heritage &#x27;Mausoleum of the First Qin Emperor&#x27;.</p><p><a href="https://www.b0b.dev/report#XIII">View in report</a></p>]]></description><TimeSpan><begin>1974-01-01</begin><end>1974-12-31</end></TimeSpan><Point><coordinates>109.25389,34.38167,0</coordinates></Point></Placemark><Placemark><name>M+ Museum, West Kowloon, Hong Kong</name><styleUrl>#t-museum</styleUrl><description><![CDATA[<p><b>Section XIII</b> &middot; museum</p><p>Asia&#x27;s largest museum of visual culture opened in November 2021 under the shadow of Hong Kong&#x27;s National Security Law; pro-Beijing figures pressured it over its collection and it withheld from display Ai Weiwei&#x27;s &#x27;Study of Perspective: Tiananmen Square,&#x27; which the artist cited as evidence the museum is &#x27;clearly under censorship.&#x27; Source: ARTnews; South China Morning Post; Al Jazeera.</p><p><a href="https://www.b0b.dev/report#XIII">View in report</a></p>]]></description><TimeStamp><when>2021-11-12</when></TimeStamp><Point><coordinates>114.163,22.3017,0</coordinates></Point></Placemark><Placemark><name>National Museum of Afghanistan, Kabul</name><styleUrl>#t-museum</styleUrl><description><![CDATA[<p><b>Section XIII</b> &middot; museum</p><p>During the 1990s civil war and Taliban rule, an estimated 70% of the museum&#x27;s roughly 100,000-object collection was looted or destroyed, including some 2,500 statues smashed as idolatrous in 2001; the fabled Bactrian Gold survived, hidden in Central Bank vaults and rediscovered in 2003. Source: Britannica; Artnet News; Science (AAAS).</p><p><a href="https://www.b0b.dev/report#XIII">View in report</a></p>]]></description><TimeSpan><begin>1992-01-01</begin><end>1992-12-31</end></TimeSpan><Point><coordinates>69.12,34.4649,0</coordinates></Point></Placemark><Placemark><name>Neue Galerie New York</name><styleUrl>#t-museum</styleUrl><description><![CDATA[<p><b>Section XIII</b> &middot; museum</p><p>The museum&#x27;s centerpiece is Gustav Klimt&#x27;s &#x27;Portrait of Adele Bloch-Bauer I&#x27; (the &#x27;Woman in Gold&#x27;), Nazi-looted from a Jewish Viennese family and restituted to heir Maria Altmann in 2006 after a U.S. Supreme Court case, then bought by museum co-founder Ronald Lauder for a reported $135 million — a landmark in Holocaust art-restitution. Source: The New York Times; Republic of Austria v. Altmann (2004).</p><p><a href="https://www.b0b.dev/report#XIII">View in report</a></p>]]></description><TimeSpan><begin>2006-01-01</begin><end>2006-12-31</end></TimeSpan><Point><coordinates>-73.9603,40.7813,0</coordinates></Point></Placemark></Folder><Folder><name>Section XIV (56)</name><open>0</open><Placemark><name>Eastern Congo / DRC - Cobalt Mines</name><styleUrl>#t-conflict</styleUrl><description><![CDATA[<p><b>Section XIV</b> &middot; conflict</p><p>Children as young as 6 in artisanal cobalt mining. Cobalt → batteries → surveillance cameras → smart cities. The supply chain is built on child labor.</p><p><a href="https://www.b0b.dev/report#XIV">View in report</a></p>]]></description><Point><coordinates>28.0,-3.45,0</coordinates></Point></Placemark><Placemark><name>Kolwezi, DRC - Cobalt Mining</name><styleUrl>#t-mining</styleUrl><description><![CDATA[<p><b>Section XIV</b> &middot; mining</p><p>Heart of the DRC cobalt belt (Lualaba). Glencore operates Kamoto Copper Company (KCC: Glencore 70%, Gécamines 25%, DRC state 5%, per KCC) and Mutanda (Glencore 95%), about 40 km east. The DRC mined about 73% of the world&#x27;s cobalt in 2025 (USGS). Amnesty (2016) found children as young as seven in artisanal mining. The US Labor Department lists DRC cobalt for child labour (since 2009) and for forced labour of adults (2024), and lists Chinese lithium-ion batteries made with it (2024).</p><p><a href="https://www.b0b.dev/report#XIV">View in report</a></p>]]></description><Point><coordinates>25.4667,-10.7167,0</coordinates></Point></Placemark><Placemark><name>Lubumbashi, DRC - Copper/Cobalt Hub</name><styleUrl>#t-mining</styleUrl><description><![CDATA[<p><b>Section XIV</b> &middot; mining</p><p>Capital of Haut-Katanga and commercial hub of the copper-cobalt belt; seat of state miner Gécamines. Chinese firms, among them CMOC (Tenke Fungurume, in neighbouring Lualaba), are leading operators. The US Labor Department (2024) lists DRC cobalt for child labour and for forced labour of adults, &#x27;prevalent ... in the Copperbelt region, particularly in Haut-Katanga and Lualaba.&#x27;</p><p><a href="https://www.b0b.dev/report#XIV">View in report</a></p>]]></description><Point><coordinates>27.4794,-11.6647,0</coordinates></Point></Placemark><Placemark><name>Kipushi, DRC - Zinc/Copper Mine</name><styleUrl>#t-mining</styleUrl><description><![CDATA[<p><b>Section XIV</b> &middot; mining</p><p>Underground zinc-copper mine (formerly Prince Léopold Mine), producing from the 1920s to 1993 under Belgian colonial and then Gécamines operation. Now Ivanhoe Mines 68%, Gécamines 32%.</p><p><a href="https://www.b0b.dev/report#XIV">View in report</a></p>]]></description><TimeSpan><begin>1924-01-01</begin><end>1924-12-31</end></TimeSpan><Point><coordinates>27.2453,-11.7603,0</coordinates></Point></Placemark><Placemark><name>Salar de Atacama, Chile - Lithium Triangle</name><styleUrl>#t-mining</styleUrl><description><![CDATA[<p><b>Section XIV</b> &middot; mining</p><p>Chile&#x27;s largest salt flat; its core brine has the highest lithium concentration of any brine source (0.15% by weight). SQM and Albemarle, among the world&#x27;s largest lithium producers, pump brine here. Water use is contested by the Likan Antay (Atacameño) communities around the salar.</p><p><a href="https://www.b0b.dev/report#XIV">View in report</a></p>]]></description><Point><coordinates>-68.25,-23.5,0</coordinates></Point></Placemark><Placemark><name>Salar de Uyuni, Bolivia - Lithium Triangle</name><styleUrl>#t-mining</styleUrl><description><![CDATA[<p><b>Section XIV</b> &middot; mining</p><p>Largest salt flat on Earth (about 10,582 km2), over brine exceptionally rich in lithium; Bolivia keeps lithium under state control. In early November 2019 Evo Morales cancelled a lithium joint venture with Germany&#x27;s ACI Systems; days later he resigned after a disputed election, an OAS audit reporting irregularities and calls from the military and police, and called it a coup. A shared timeline is not a chain: no document links the deal to his fall.</p><p><a href="https://www.b0b.dev/report#XIV">View in report</a></p>]]></description><TimeSpan><begin>2019-01-01</begin><end>2019-12-31</end></TimeSpan><Point><coordinates>-67.4891,-20.1338,0</coordinates></Point></Placemark><Placemark><name>Salta Province, Argentina - Lithium Triangle</name><styleUrl>#t-mining</styleUrl><description><![CDATA[<p><b>Section XIV</b> &middot; mining</p><p>Argentine corner of the &#x27;lithium triangle&#x27;: salt flats across Argentina, Bolivia and Chile estimated in 2017 to hold about 54% of the world&#x27;s lithium reserves. They are separate basins strung along a crescent from Salar de Surire (Chile) to Maricunga, not one formation, divided among three governments.</p><p><a href="https://www.b0b.dev/report#XIV">View in report</a></p>]]></description><Point><coordinates>-65.4117,-24.7859,0</coordinates></Point></Placemark><Placemark><name>Bayan Obo, Inner Mongolia, China - Rare Earths</name><styleUrl>#t-mining</styleUrl><description><![CDATA[<p><b>Section XIV</b> &middot; mining</p><p>World&#x27;s largest known rare-earth deposit. China mined about 69% of the world&#x27;s rare earths in 2025 (USGS: 270,000 of 390,000 t). Rare earths go into fighter jets, guided missiles, satellites, smartphones and MRI machines - the material basis for Section X&#x27;s surveillance technology and for military hardware.</p><p><a href="https://www.b0b.dev/report#XIV">View in report</a></p>]]></description><Point><coordinates>109.9697,41.7808,0</coordinates></Point></Placemark><Placemark><name>Mount Weld, Western Australia - Rare Earths</name><styleUrl>#t-mining</styleUrl><description><![CDATA[<p><b>Section XIV</b> &middot; mining</p><p>Lynas Rare Earths&#x27; mine near Laverton. Its concentrate feeds Lynas&#x27;s plant in Malaysia, the largest rare-earth production facility outside China. Australia&#x27;s main bid to break China&#x27;s hold on rare earths for defence and technology.</p><p><a href="https://www.b0b.dev/report#XIV">View in report</a></p>]]></description><Point><coordinates>122.54778,-28.86,0</coordinates></Point></Placemark><Placemark><name>Permian Basin, Texas/New Mexico - Oil &amp; Gas</name><styleUrl>#t-mining</styleUrl><description><![CDATA[<p><b>Section XIV</b> &middot; mining</p><p>Highest-producing oil field in the US (about 4.2 million barrels a day in 2019), across west Texas and southeast New Mexico. Major operators include ExxonMobil, Chevron and ConocoPhillips. The shale boom here reshaped US energy policy - and powers the infrastructure documented in this report.</p><p><a href="https://www.b0b.dev/report#XIV">View in report</a></p>]]></description><Point><coordinates>-102.17,31.95,0</coordinates></Point></Placemark><Placemark><name>Ghawar Field, Saudi Arabia - World&#x27;s Largest Oil</name><styleUrl>#t-mining</styleUrl><description><![CDATA[<p><b>Section XIV</b> &middot; mining</p><p>By far the largest conventional oil field in the world (about 280 x 30 km), roughly a third of Saudi Arabia&#x27;s cumulative oil output. Operated by Saudi Aramco, listed on 11 Dec 2019 at about $1.9 trillion and above $2 trillion the next day. Saudi Arabia&#x27;s Public Investment Fund, an Aramco shareholder, put a reported $2 billion into Jared Kushner&#x27;s Affinity Partners.</p><p><a href="https://www.b0b.dev/report#XIV">View in report</a></p>]]></description><TimeSpan><begin>2019-01-01</begin><end>2019-12-31</end></TimeSpan><Point><coordinates>49.5,25.4,0</coordinates></Point></Placemark><Placemark><name>Groningen Gas Field, Netherlands</name><styleUrl>#t-mining</styleUrl><description><![CDATA[<p><b>Section XIV</b> &middot; mining</p><p>Largest natural-gas field in Europe, producing from 1963. Extraction caused subsidence and, from 1991, induced earthquakes (largest: M3.6 at Huizinge, 2012) that damaged houses across the province; the National Ombudsman called it a &#x27;national crisis&#x27; (2021). The field was closed in 2024.</p><p><a href="https://www.b0b.dev/report#XIV">View in report</a></p>]]></description><TimeSpan><begin>2024-01-01</begin><end>2024-12-31</end></TimeSpan><Point><coordinates>6.85,53.35,0</coordinates></Point></Placemark><Placemark><name>Niger Delta, Nigeria - Oil Extraction</name><styleUrl>#t-mining</styleUrl><description><![CDATA[<p><b>Section XIV</b> &middot; mining</p><p>Shell, ExxonMobil and Chevron have pumped oil here since the 1950s amid repeated spills. Ken Saro-Wiwa, writer and leader of the Ogoni campaign against Shell&#x27;s pollution, was hanged with eight others on 10 November 1995 after a special military tribunal convicted them of murders they denied; the trial was condemned internationally. The writer killed for documenting the extraction.</p><p><a href="https://www.b0b.dev/report#XIV">View in report</a></p>]]></description><TimeStamp><when>1995-11-10</when></TimeStamp><Point><coordinates>6.4457,4.8156,0</coordinates></Point></Placemark><Placemark><name>Grasberg Mine, Papua, Indonesia</name><styleUrl>#t-mining</styleUrl><description><![CDATA[<p><b>Section XIV</b> &middot; mining</p><p>Copper-gold mine run by PT Freeport Indonesia (Indonesian state 51.23%, Freeport-McMoRan 48.77% since 2018), on Amungme and Kamoro land. Between 1998 and 2004 Freeport paid Indonesian military and police nearly $20 million (NYT, 2005). Norway&#x27;s pension fund excluded Freeport and Rio Tinto over its environmental damage. Henry Kissinger sat on Freeport&#x27;s board (attributed).</p><p><a href="https://www.b0b.dev/report#XIV">View in report</a></p>]]></description><Point><coordinates>137.1112,-4.062,0</coordinates></Point></Placemark><Placemark><name>Carajás Mine, Pará, Brazil - Iron Ore</name><styleUrl>#t-mining</styleUrl><description><![CDATA[<p><b>Section XIV</b> &middot; mining</p><p>Vale&#x27;s Carajás complex, the largest iron ore mine in the world. Same company: Vale&#x27;s Brumadinho tailings dam in Minas Gerais collapsed on 25 Jan 2019, killing 272 people; Vale managers and TÜV SÜD engineers who had certified the dam were arrested, and prosecutors allege the risk was known (allegation, not a finding).</p><p><a href="https://www.b0b.dev/report#XIV">View in report</a></p>]]></description><TimeSpan><begin>2019-01-01</begin><end>2019-12-31</end></TimeSpan><Point><coordinates>-50.15,-6.08,0</coordinates></Point></Placemark><Placemark><name>Oyu Tolgoi, Mongolia - Copper/Gold</name><styleUrl>#t-mining</styleUrl><description><![CDATA[<p><b>Section XIV</b> &middot; mining</p><p>Copper-gold mine in the Gobi: Rio Tinto (via Turquoise Hill) 66%, Government of Mongolia 34%. Development cost rose from US$4.6bn (2010) to about $10bn (2013). Herders say it drains the region&#x27;s water - it uses over a billion gallons a month. Rio Tinto also destroyed the Juukan Gorge rock shelters in Western Australia, with 46,000 years of human occupation, in May 2020.</p><p><a href="https://www.b0b.dev/report#XIV">View in report</a></p>]]></description><Point><coordinates>106.85,43,0</coordinates></Point></Placemark><Placemark><name>Cerrejón, Colombia - Coal Mine</name><styleUrl>#t-mining</styleUrl><description><![CDATA[<p><b>Section XIV</b> &middot; mining</p><p>Largest coal mine in Latin America (over 690 km2), now owned by Glencore (formerly shared with BHP and Anglo American). In June 2020 lawyers for local Wayuu communities asked the UN special rapporteur to halt work over environmental harm; stream diversions for expansion are contested.</p><p><a href="https://www.b0b.dev/report#XIV">View in report</a></p>]]></description><Point><coordinates>-72.6667,11.0833,0</coordinates></Point></Placemark><Placemark><name>Escondida Mine, Chile - Copper</name><styleUrl>#t-mining</styleUrl><description><![CDATA[<p><b>Section XIV</b> &middot; mining</p><p>World&#x27;s largest copper mine (about 1.28 million tonnes of copper in 2024, roughly 5% of world mine output). BHP 57.5%, Rio Tinto 30%, Japanese partners 12.5%. Copper for wiring, circuit boards, data centres and submarine cables.</p><p><a href="https://www.b0b.dev/report#XIV">View in report</a></p>]]></description><Point><coordinates>-69.0667,-24.2667,0</coordinates></Point></Placemark><Placemark><name>Arctic - Drilling Frontier</name><styleUrl>#t-mining</styleUrl><description><![CDATA[<p><b>Section XIV</b> &middot; mining</p><p>Arctic oil and gas development by Russia (Gazprom, Rosneft) and Norway (Equinor) in the Barents region expands as sea ice retreats.</p><p><a href="https://www.b0b.dev/report#XIV">View in report</a></p>]]></description><Point><coordinates>25,71,0</coordinates></Point></Placemark><Placemark><name>Churchill, Manitoba - Northern Port</name><styleUrl>#t-mining</styleUrl><description><![CDATA[<p><b>Section XIV</b> &middot; mining</p><p>Hudson Bay deep-water port (four Panamax-capable berths) linked south only by the Hudson Bay Railway; open roughly late July to early November. The federal government sold it to US firm OmniTRAX in 1997; OmniTRAX shut it in 2016 and sold port and railway in 2018 to Arctic Gateway Group, a First Nations and community consortium. Grain and Arctic resupply are its trade; ships reach it through Hudson Strait, not the Northwest Passage.</p><p><a href="https://www.b0b.dev/report#XIV">View in report</a></p>]]></description><TimeSpan><begin>2018-01-01</begin><end>2018-12-31</end></TimeSpan><Point><coordinates>-94.165,58.7684,0</coordinates></Point></Placemark><Placemark><name>Perm-36, Ural Region, Russia</name><styleUrl>#t-blacksite</styleUrl><description><![CDATA[<p><b>Section XIV</b> &middot; blacksite</p><p>Soviet forced-labour colony ITK-6 near Kuchino, built 1946; from 1972 a strict- and special-regime camp for &#x27;especially dangerous state criminals&#x27;, mostly dissidents. Closed December 1987. Preserved by Memorial as the only surviving Gulag camp and opened in 1995 as the Museum of the History of Political Repression; regional authorities withdrew support and the NGO museum closed in April 2014. Its state-run successor was reported to recast the camp&#x27;s history (attributed).</p><p><a href="https://www.b0b.dev/report#XIV">View in report</a></p>]]></description><TimeSpan><begin>1987-12-01</begin><end>1987-12-28</end></TimeSpan><Point><coordinates>57.432111,58.263111,0</coordinates></Point></Placemark><Placemark><name>Norilsk, Krasnoyarsk Krai, Russia</name><styleUrl>#t-mining</styleUrl><description><![CDATA[<p><b>Section XIV</b> &middot; mining</p><p>Arctic mining city built by Gulag labour: Norillag held 1,200 prisoners in 1935 and 72,500 at its 1951 peak; Memorial estimates about 400,000 passed through. Nornickel is a leading producer of palladium and nickel. A closed city, re-closed to foreigners in 2001. No road link to the rest of Russia; freight rail runs only to the Yenisei port of Dudinka. Repeatedly listed among the world&#x27;s most polluted places (attributed).</p><p><a href="https://www.b0b.dev/report#XIV">View in report</a></p>]]></description><TimeSpan><begin>1935-01-01</begin><end>1935-12-31</end></TimeSpan><Point><coordinates>88.2027,69.3535,0</coordinates></Point></Placemark><Placemark><name>Magadan, Russia - Gateway to the Gulag</name><styleUrl>#t-blacksite</styleUrl><description><![CDATA[<p><b>Section XIV</b> &middot; blacksite</p><p>Port and base of Dalstroy (1931), which ran some 80 Gulag camps in Kolyma mining gold and other metals; its prisoner count reached about 200,000 (1952). The R504 Kolyma Highway (2,031 km), built by prisoners, is called the &#x27;Road of Bones&#x27;; that the dead were buried in the roadbed is a popular account not confirmed by remains. 10,251 deaths were recorded in the Kolyma camps in 1938 alone; totals are contested. Mask of Sorrow by Ernst Neizvestny, unveiled 12 June 1996.</p><p><a href="https://www.b0b.dev/report#XIV">View in report</a></p>]]></description><TimeSpan><begin>1996-01-01</begin><end>1996-12-31</end></TimeSpan><Point><coordinates>150.8083,59.568,0</coordinates></Point></Placemark><Placemark><name>Vorkuta, Komi Republic, Russia</name><styleUrl>#t-blacksite</styleUrl><description><![CDATA[<p><b>Section XIV</b> &middot; blacksite</p><p>Arctic coal city built on Vorkutlag (1932-1962), one of the largest Gulag camps: about 73,000 prisoners at its 1951 peak. The July-August 1953 uprising at the Rechlag special camp, after Beria&#x27;s arrest, was one of the major Gulag revolts; it was violently suppressed. Coal is still mined. Population fell from 115,646 (1989 census) to about 55,700 (2025 estimate).</p><p><a href="https://www.b0b.dev/report#XIV">View in report</a></p>]]></description><TimeSpan><begin>1953-01-01</begin><end>1953-12-31</end></TimeSpan><Point><coordinates>64.0602,67.4965,0</coordinates></Point></Placemark><Placemark><name>Nauru</name><styleUrl>#t-mining</styleUrl><description><![CDATA[<p><b>Section XIV</b> &middot; mining</p><p>Smallest republic on Earth. Phosphate mining stripped 80% of the island (1906-2002). Richest per-capita country in 1970s, now bankrupt. Australian offshore immigration detention center. Mined to dust, then used as a prison island. The lifecycle of extraction: use it, empty it, fill it with people no one wants.</p><p><a href="https://www.b0b.dev/report#XIV">View in report</a></p>]]></description><TimeSpan><begin>1906-01-01</begin><end>1906-12-31</end></TimeSpan><Point><coordinates>166.9315,-0.5228,0</coordinates></Point></Placemark><Placemark><name>Monsanto HQ (now Bayer), Creve Coeur, Missouri</name><styleUrl>#t-corporate</styleUrl><description><![CDATA[<p><b>Section XIV</b> &middot; corporate</p><p>Monsanto made PCBs, DDT, Agent Orange and Roundup (glyphosate). Bayer completed its US$66bn takeover on 7 June 2018 and retired the name. Bayer was one of the companies merged into IG Farben (1925), which used concentration-camp slave labour and co-owned Degesch, maker of Zyklon B (attributed). Seed patents bar replanting (Bowman v. Monsanto, 2013). The food supply as intellectual property.</p><p><a href="https://www.b0b.dev/report#XIV">View in report</a></p>]]></description><TimeStamp><when>2018-06-07</when></TimeStamp><Point><coordinates>-90.4227,38.66,0</coordinates></Point></Placemark><Placemark><name>Foxconn - Zhengzhou iPhone plant / Longhua, Shenzhen</name><styleUrl>#t-corporate</styleUrl><description><![CDATA[<p><b>Section XIV</b> &middot; corporate</p><p>Foxconn&#x27;s Zhengzhou Technology Park assembles the bulk of Apple&#x27;s iPhones (about 200,000 workers in Nov 2022; COVID lockdown unrest there that autumn). The 2010 suicide cluster was at its Longhua campus in Shenzhen, &#x27;Foxconn City&#x27;, where the company installed safety nets; a Zhengzhou worker&#x27;s suicide was reported in 2016.</p><p><a href="https://www.b0b.dev/report#XIV">View in report</a></p>]]></description><TimeSpan><begin>2010-01-01</begin><end>2010-12-31</end></TimeSpan><Point><coordinates>113.8415,34.5535,0</coordinates></Point></Placemark><Placemark><name>Nestlé HQ, Vevey, Switzerland</name><styleUrl>#t-corporate</styleUrl><description><![CDATA[<p><b>Section XIV</b> &middot; corporate</p><p>World&#x27;s largest food company. Its infant-formula marketing in poor countries, where formula was often mixed with unsafe water, led to a boycott launched in the US on 4 July 1977. Water-bottling disputes in Michigan, California and Pakistan. Chairman Peter Brabeck-Letmathe said in 2005 (We Feed the World) that declaring water a public right was &#x27;an extreme solution&#x27; and that water should have a market value; he later said drinking water is a human right.</p><p><a href="https://www.b0b.dev/report#XIV">View in report</a></p>]]></description><TimeStamp><when>1977-07-04</when></TimeStamp><Point><coordinates>6.8413,46.4603,0</coordinates></Point></Placemark><Placemark><name>Potosí (Cerro Rico), Bolivia - Colonial Silver</name><styleUrl>#t-mining</styleUrl><description><![CDATA[<p><b>Section XIV</b> &middot; mining</p><p>Cerro Rico, &#x27;the mountain that eats men&#x27;. Mined for silver from 1545, the richest silver source in history; its output financed the Spanish Empire. Deaths under colonial forced labour are contested - estimates run from hundreds of thousands to eight million, the latter possibly for the whole Viceroyalty of Peru. Mining continues today.</p><p><a href="https://www.b0b.dev/report#XIV">View in report</a></p>]]></description><TimeSpan><begin>1545-01-01</begin><end>1545-12-31</end></TimeSpan><Point><coordinates>-65.7497,-19.6189,0</coordinates></Point></Placemark><Placemark><name>Kimberley, South Africa - De Beers &#x27;Big Hole&#x27;</name><styleUrl>#t-mining</styleUrl><description><![CDATA[<p><b>Section XIV</b> &middot; mining</p><p>Cecil Rhodes founded De Beers in 1888. The Big Hole was long considered the largest hand-dug excavation on Earth (a 2005 re-examination suggests Jagersfontein or Bultfontein may be larger). Diamonds -&gt; De Beers monopoly -&gt; &#x27;A Diamond Is Forever&#x27; (1947) -&gt; managed scarcity. Rhodes&#x27; fortune funds the Rhodes Scholarships (Bill Clinton, Pete Buttigieg, Susan Rice, Rachel Maddow) and financed the Round Table movement, which is credited with influencing the Council on Foreign Relations (attributed; Section VII).</p><p><a href="https://www.b0b.dev/report#XIV">View in report</a></p>]]></description><TimeSpan><begin>1888-01-01</begin><end>1888-12-31</end></TimeSpan><Point><coordinates>24.7499,-28.7282,0</coordinates></Point></Placemark><Placemark><name>Witwatersrand Basin, South Africa - Gold</name><styleUrl>#t-mining</styleUrl><description><![CDATA[<p><b>Section XIV</b> &middot; mining</p><p>World&#x27;s largest known gold reserves; over 40,000 tonnes produced, about 22% of all gold ever mined. Anglo American, founded by Ernest Oppenheimer, came to control much of its gold and, through De Beers, diamonds (attributed). The mines ran on migrant labour - single-sex hostels, families left behind, a fraction of white wages - begun under colonial rule and entrenched under apartheid. South African gold underpinned the gold-backed Bretton Woods order.</p><p><a href="https://www.b0b.dev/report#XIV">View in report</a></p>]]></description><Point><coordinates>28.0456,-26.1715,0</coordinates></Point></Placemark><Placemark><name>Marikana, South Africa - Lonmin Platinum Massacre</name><styleUrl>#t-mining</styleUrl><description><![CDATA[<p><b>Section XIV</b> &middot; mining</p><p>16 August 2012: South African Police Service shot dead 34 striking Lonmin rock-drill operators and wounded 78; ten others, including police and guards, had died in the days before. The strikers wanted R12,500 a month. Cyril Ramaphosa, then a Lonmin board member, emailed that the events were &#x27;dastardly criminal&#x27; and needed &#x27;concomitant action&#x27;; he apologised for the phrasing in 2017. The Farlam Commission absolved him of wrongdoing and found police commanders had tried to mislead the public and the inquiry. Lonmin was acquired by Sibanye-Stillwater (2019).</p><p><a href="https://www.b0b.dev/report#XIV">View in report</a></p>]]></description><TimeStamp><when>2012-08-16</when></TimeStamp><Point><coordinates>27.4893,-25.691,0</coordinates></Point></Placemark><Placemark><name>Bingham Canyon Mine, Utah - Kennecott/Rio Tinto</name><styleUrl>#t-mining</styleUrl><description><![CDATA[<p><b>Section XIV</b> &middot; mining</p><p>The largest human-made excavation and deepest open-pit mine in the world: over 1.2 km deep and 4 km wide, mined since 1906, now by Rio Tinto&#x27;s Kennecott subsidiary. It has produced more copper than any mine in history - over 17 million tonnes. In April 2013 a slide inside the pit, possibly the largest non-volcanic landslide in North American history, buried part of the pit. Mining continued.</p><p><a href="https://www.b0b.dev/report#XIV">View in report</a></p>]]></description><TimeSpan><begin>2013-04-01</begin><end>2013-04-28</end></TimeSpan><Point><coordinates>-112.1497,40.5233,0</coordinates></Point></Placemark><Placemark><name>Panguna Mine, Bougainville, PNG - Rio Tinto Civil War</name><styleUrl>#t-mining</styleUrl><description><![CDATA[<p><b>Section XIV</b> &middot; mining</p><p>Open-pit copper-gold mine run 1972-1989 by Bougainville Copper Ltd, a Rio Tinto (CRA) subsidiary. Landowner anger over pollution and revenue fed the Bougainville Civil War (1988-1998); estimates of Bougainvillean dead run from 15,000 to 20,000. After the rebels declared independence in May 1990, PNG blockaded the island with UH-1 helicopters and patrol boats Australia had supplied as aid. Closed since 1989.</p><p><a href="https://www.b0b.dev/report#XIV">View in report</a></p>]]></description><TimeSpan><begin>1988-01-01</begin><end>1988-12-31</end></TimeSpan><Point><coordinates>155.4833,-6.3,0</coordinates></Point></Placemark><Placemark><name>Ok Tedi Mine, Papua New Guinea - BHP Environmental Disaster</name><styleUrl>#t-mining</styleUrl><description><![CDATA[<p><b>Section XIV</b> &middot; mining</p><p>Ok Tedi copper-gold mine, operated by BHP until 2002. In 1999 BHP reported that about 90 million tonnes of mine waste a year had been discharged into the Ok Tedi and Fly rivers for over a decade, destroying downstream villages, farms and fisheries; about 1,588 km2 of forest has died or is under stress. BHP&#x27;s CEO said the mine was &#x27;not compatible with our environmental values&#x27;. BHP left in 2002 by transferring its stake to the PNG Sustainable Development Program.</p><p><a href="https://www.b0b.dev/report#XIV">View in report</a></p>]]></description><TimeSpan><begin>1999-01-01</begin><end>1999-12-31</end></TimeSpan><Point><coordinates>141.1394,-5.2114,0</coordinates></Point></Placemark><Placemark><name>Morenci Mine, Arizona - Freeport-McMoRan</name><styleUrl>#t-mining</styleUrl><description><![CDATA[<p><b>Section XIV</b> &middot; mining</p><p>One of the largest copper mines in North America, now Freeport-McMoRan&#x27;s (which absorbed Phelps Dodge in 2007). The 1903 Morenci strike by mostly Mexican-American miners ended when a flash flood killed 40-50 people before an expected clash with troops. In the 1917 Bisbee Deportation, Phelps Dodge and sheriff&#x27;s deputies loaded about 1,300 striking miners onto cattle cars and left them in the New Mexico desert.</p><p><a href="https://www.b0b.dev/report#XIV">View in report</a></p>]]></description><TimeSpan><begin>1903-01-01</begin><end>1903-12-31</end></TimeSpan><Point><coordinates>-109.3331,33.0836,0</coordinates></Point></Placemark><Placemark><name>Yanacocha Mine, Peru - Newmont Gold</name><styleUrl>#t-mining</styleUrl><description><![CDATA[<p><b>Section XIV</b> &middot; mining</p><p>Largest gold mine in South America, wholly owned by Newmont since 2022. On 2 June 2000 a contractor&#x27;s truck spilled 151 kg of the mine&#x27;s mercury in Choropampa; government estimates put the poisoned at more than 900. The Conga expansion was stalled by mass protests (2011-12); subsistence farmer Máxima Acuña refused to leave her land and won the Goldman Environmental Prize (2016).</p><p><a href="https://www.b0b.dev/report#XIV">View in report</a></p>]]></description><TimeStamp><when>2000-06-02</when></TimeStamp><Point><coordinates>-78.5333,-6.9833,0</coordinates></Point></Placemark><Placemark><name>Chuquicamata, Chile - World&#x27;s Largest Copper Open-Pit</name><styleUrl>#t-mining</styleUrl><description><![CDATA[<p><b>Section XIV</b> &middot; mining</p><p>Codelco&#x27;s open pit, among the largest by excavated volume; mined industrially since 1915 under the Guggenheims and then Anaconda. Allende&#x27;s government nationalised copper in 1971 (&#x27;copper is Chile&#x27;s wage&#x27;), taking Anaconda&#x27;s and Kennecott&#x27;s mines; ITT had offered the CIA $1 million in 1970 to stop Allende (attributed). The CIA funded his opponents; its role in the 11 September 1973 coup itself is contested. Nationalisation and coup share a timeline - that is not a chain.</p><p><a href="https://www.b0b.dev/report#XIV">View in report</a></p>]]></description><TimeStamp><when>1973-09-11</when></TimeStamp><Point><coordinates>-68.9014,-22.3214,0</coordinates></Point></Placemark><Placemark><name>Mountain Pass Mine, California - U.S. Rare Earths</name><styleUrl>#t-mining</styleUrl><description><![CDATA[<p><b>Section XIV</b> &middot; mining</p><p>The only rare-earth mining and processing site in the United States (15.8% of world output in 2020), owned since 2017 by MP Materials, whose largest holders were JHL Capital, QVT Financial and CEO James Litinsky, with China&#x27;s Shenghe Resources holding about 7.7%. In July 2025 the Department of Defense agreed a deal making it MP&#x27;s largest shareholder. China mined about 69% of the world&#x27;s rare earths in 2025 (USGS) and dominates processing.</p><p><a href="https://www.b0b.dev/report#XIV">View in report</a></p>]]></description><Point><coordinates>-115.5347,35.4775,0</coordinates></Point></Placemark><Placemark><name>Broken Hill, Australia - Origin of BHP</name><styleUrl>#t-mining</styleUrl><description><![CDATA[<p><b>Section XIV</b> &middot; mining</p><p>BHP - the Broken Hill Proprietary Company - was founded here in 1885 by Charles Rasp and six partners to mine silver, lead and zinc. Now BHP Group, the world&#x27;s largest mining company by market capitalisation (2025), operating worldwide. The company still carries the name of its first mine.</p><p><a href="https://www.b0b.dev/report#XIV">View in report</a></p>]]></description><TimeSpan><begin>1885-01-01</begin><end>1885-12-31</end></TimeSpan><Point><coordinates>141.4683,-31.9505,0</coordinates></Point></Placemark><Placemark><name>Olympic Dam, South Australia - BHP Uranium</name><styleUrl>#t-mining</styleUrl><description><![CDATA[<p><b>Section XIV</b> &middot; mining</p><p>BHP&#x27;s underground copper-uranium-gold-silver mine (since 1988): the world&#x27;s largest known single uranium deposit. A planned open-pit expansion was postponed indefinitely in August 2012. The Roxby Downs (Indenture Ratification) Act 1982 set the mine&#x27;s legal framework; Aboriginal elders, including Arabana elder Kevin Buzzacott, have challenged its approvals.</p><p><a href="https://www.b0b.dev/report#XIV">View in report</a></p>]]></description><TimeSpan><begin>2012-01-01</begin><end>2012-12-31</end></TimeSpan><Point><coordinates>136.8833,-30.45,0</coordinates></Point></Placemark><Placemark><name>Rössing Mine, Namibia - Uranium</name><styleUrl>#t-mining</styleUrl><description><![CDATA[<p><b>Section XIV</b> &middot; mining</p><p>The longest-running and one of the largest open-pit uranium mines (Namib Desert, since 1976). Run by Rio Tinto through South Africa&#x27;s occupation of Namibia until independence in 1990, drawing anti-apartheid protests. Rio sold its 68.6% to China National Uranium Corporation in 2018-19. Iran&#x27;s government has held 15% since 1976; reports of uranium diversion to Iran have been denied by the mine and by Namibia.</p><p><a href="https://www.b0b.dev/report#XIV">View in report</a></p>]]></description><TimeSpan><begin>1976-01-01</begin><end>1976-12-31</end></TimeSpan><Point><coordinates>15.05,-22.4833,0</coordinates></Point></Placemark><Placemark><name>Tenke Fungurume, DRC - CMOC Cobalt/Copper</name><styleUrl>#t-mining</styleUrl><description><![CDATA[<p><b>Section XIV</b> &middot; mining</p><p>Copper-cobalt mine in Lualaba. China Molybdenum (CMOC) bought Freeport-McMoRan&#x27;s stake for US$2.65 billion in 2016 and holds 80%. In 2022 state miner Gécamines claimed CMOC owed it up to $5 billion and a court-appointed administrator suspended exports. The DRC mined about 73% of the world&#x27;s cobalt in 2025 (USGS). Same belt as Kolwezi and Lubumbashi.</p><p><a href="https://www.b0b.dev/report#XIV">View in report</a></p>]]></description><TimeSpan><begin>2016-01-01</begin><end>2016-12-31</end></TimeSpan><Point><coordinates>26.1167,-10.6167,0</coordinates></Point></Placemark><Placemark><name>Serra Pelada, Pará, Brazil - Open-Pit Gold Rush</name><styleUrl>#t-mining</styleUrl><description><![CDATA[<p><b>Section XIV</b> &middot; mining</p><p>1980s gold rush. 100,000+ garimpeiros (artisanal miners) in a single open pit. Sebastião Salgado&#x27;s photographs documented the scene: ant-like columns of mud-covered men carrying sacks up vertical ladders. No machines — pure human labor extraction. The images are indistinguishable from ancient slave mining. Mercury contamination destroyed the surrounding ecosystem. The mine is now a lake. The gold is in bank vaults; the mercury is in the water table.</p><p><a href="https://www.b0b.dev/report#XIV">View in report</a></p>]]></description><TimeSpan><begin>1980-01-01</begin><end>1980-12-31</end></TimeSpan><Point><coordinates>-49.65,-5.9333,0</coordinates></Point></Placemark><Placemark><name>Greenbushes Lithium Mine, Western Australia</name><styleUrl>#t-mining</styleUrl><description><![CDATA[<p><b>Section XIV</b> &middot; mining</p><p>World&#x27;s largest hard-rock lithium mine by reserves, output and capacity: about 1.95 million tonnes of spodumene concentrate a year (2020), enough for a third of world demand. Run by Talison Lithium, a joint venture of China&#x27;s Tianqi Lithium (51%) and Albemarle (49%), 257 km south of Perth.</p><p><a href="https://www.b0b.dev/report#XIV">View in report</a></p>]]></description><Point><coordinates>116.0662,-33.8684,0</coordinates></Point></Placemark><Placemark><name>Jwaneng Diamond Mine, Botswana</name><styleUrl>#t-mining</styleUrl><description><![CDATA[<p><b>Section XIV</b> &middot; mining</p><p>Nicknamed the &#x27;Prince of Mines,&#x27; Jwaneng is the world&#x27;s richest diamond mine by value, producing 12-15 million carats a year and generating 60-70% of Debswana&#x27;s revenue. It is run by Debswana, a 50-50 joint venture between the Government of Botswana and the De Beers Group, and is moving underground to extend its life by 20 years. Source: Debswana / Mining Technology (debswana.com/jwaneng).</p><p><a href="https://www.b0b.dev/report#XIV">View in report</a></p>]]></description><Point><coordinates>24.7298,-24.5845,0</coordinates></Point></Placemark><Placemark><name>Reko Diq Copper-Gold Project, Pakistan</name><styleUrl>#t-mining</styleUrl><description><![CDATA[<p><b>Section XIV</b> &middot; mining</p><p>One of the world&#x27;s largest undeveloped copper-gold deposits, with an estimated 5.9 billion tonnes of ore and a projected 40-year life, in the restive Chagai District of Balochistan. It is 50% owned by Barrick Gold and 50% by Pakistani federal and Balochistan governments, and is projected to generate roughly $70 billion in revenue amid a violent local insurgency. Source: The Diplomat / Mining.com (thediplomat.com/2025/09, mining.com).</p><p><a href="https://www.b0b.dev/report#XIV">View in report</a></p>]]></description><Point><coordinates>62.1056,29.1008,0</coordinates></Point></Placemark><Placemark><name>Mir Mine (Mirny Diamond Pipe), Russia</name><styleUrl>#t-mining</styleUrl><description><![CDATA[<p><b>Section XIV</b> &middot; mining</p><p>One of the world&#x27;s largest excavated diamond pipes, an open pit about 1,200 m wide and 525 m deep in Yakutia. Discovered 1955 and opened 1957; the open-pit stage ended in 2001 and Alrosa moved underground. Flooding in 2017 trapped over 140 miners; eight died.</p><p><a href="https://www.b0b.dev/report#XIV">View in report</a></p>]]></description><TimeSpan><begin>1957-01-01</begin><end>1957-12-31</end></TimeSpan><Point><coordinates>113.9925,62.5285,0</coordinates></Point></Placemark><Placemark><name>Sudbury Basin Nickel District, Canada</name><styleUrl>#t-mining</styleUrl><description><![CDATA[<p><b>Section XIV</b> &middot; mining</p><p>One of the world&#x27;s largest nickel-copper mining and smelting districts, in an impact structure formed 1.849 billion years ago; mined since ore was found during railway construction in 1883, now by Vale and Glencore. Inco&#x27;s 381 m Superstack at Copper Cliff, long one of the world&#x27;s tallest chimneys and now being dismantled, is the legacy of sulphur emissions that once stripped the surrounding land.</p><p><a href="https://www.b0b.dev/report#XIV">View in report</a></p>]]></description><TimeSpan><begin>1883-01-01</begin><end>1883-12-31</end></TimeSpan><Point><coordinates>-81.0662,46.4676,0</coordinates></Point></Placemark><Placemark><name>Berkeley Pit, Butte, Montana</name><styleUrl>#t-mining</styleUrl><description><![CDATA[<p><b>Section XIV</b> &middot; mining</p><p>Former open-pit copper mine (1955-1982; Anaconda, then ARCO), part of a Superfund site listed in 1983. About 1.6 km long and 0.8 km wide, filled with roughly 270 m (900 ft) of acidic, metal-laden water. Snow geese die on it: 342 carcasses were recovered in 1996, and on 28 November 2016 tens of thousands landed on the pit.</p><p><a href="https://www.b0b.dev/report#XIV">View in report</a></p>]]></description><TimeStamp><when>2016-11-28</when></TimeStamp><Point><coordinates>-112.5117,46.0172,0</coordinates></Point></Placemark><Placemark><name>Muruntau Gold Mine, Uzbekistan</name><styleUrl>#t-mining</styleUrl><description><![CDATA[<p><b>Section XIV</b> &middot; mining</p><p>One of the world&#x27;s largest open-pit gold mines - about 3.5 km long, 2.7 km wide and 600 m deep - second by output after Grasberg (61 t in 2014). Run by Uzbekistan&#x27;s state Navoi Mining &amp; Metallurgical Combinat; industrial mining since 21 July 1969; reserves estimated at 71.4 million ounces.</p><p><a href="https://www.b0b.dev/report#XIV">View in report</a></p>]]></description><TimeSpan><begin>1969-01-01</begin><end>1969-12-31</end></TimeSpan><Point><coordinates>64.57778,41.49667,0</coordinates></Point></Placemark><Placemark><name>Simandou Iron Ore Project, Guinea</name><styleUrl>#t-mining</styleUrl><description><![CDATA[<p><b>Section XIV</b> &middot; mining</p><p>The largest untapped high-grade iron ore deposit in the world, holding at least 3 billion tonnes averaging 65.3% iron. At roughly $23 billion it is Africa&#x27;s biggest-ever mining project, co-developed by Rio Tinto/Chalco (Simfer) and China&#x27;s Winning Consortium Simandou, with 600+ km of new rail built to export up to 120 million tonnes per year. Source: African Business / Rio Tinto (african.business/2024/02, riotinto.com/operations/africa/simandou).</p><p><a href="https://www.b0b.dev/report#XIV">View in report</a></p>]]></description><Point><coordinates>-8.9,8.533,0</coordinates></Point></Placemark><Placemark><name>El Teniente Copper Mine, Chile</name><styleUrl>#t-mining</styleUrl><description><![CDATA[<p><b>Section XIV</b> &middot; mining</p><p>The world&#x27;s largest underground copper mine, with more than 3,000 km of tunnels, run by state-owned Codelco in the Andes east of Rancagua. Industrial mining began in 1906 under the US Braden Copper Company (later Kennecott) before Chile nationalised it in 1971. A collapse after a tremor on 31 July 2025 killed six miners.</p><p><a href="https://www.b0b.dev/report#XIV">View in report</a></p>]]></description><TimeStamp><when>2025-07-31</when></TimeStamp><Point><coordinates>-70.3875,-34.0878,0</coordinates></Point></Placemark><Placemark><name>Weda Bay Nickel Mine, Indonesia</name><styleUrl>#t-mining</styleUrl><description><![CDATA[<p><b>Section XIV</b> &middot; mining</p><p>The world&#x27;s largest nickel mine (opened October 2019) on Halmahera, feeding the EV battery chain through the Weda Bay Industrial Park. Majority-owned by China&#x27;s Tsingshan (57% since 2017) with France&#x27;s Eramet running mining. Reporting links its expansion to deforestation and threats to one of Indonesia&#x27;s last uncontacted peoples (attributed: Mongabay, VOA).</p><p><a href="https://www.b0b.dev/report#XIV">View in report</a></p>]]></description><Point><coordinates>127.972,0.6301,0</coordinates></Point></Placemark><Placemark><name>Thacker Pass Lithium Mine, Nevada</name><styleUrl>#t-mining</styleUrl><description><![CDATA[<p><b>Section XIV</b> &middot; mining</p><p>Largest known lithium deposit in the US and one of the largest in the world (Humboldt County). Lithium Americas 62%, General Motors 38%; the Department of Energy took a 5% stake in October 2025. Opposed by Indigenous groups over sacred-land impacts.</p><p><a href="https://www.b0b.dev/report#XIV">View in report</a></p>]]></description><Point><coordinates>-118.0548,41.7084,0</coordinates></Point></Placemark><Placemark><name>Kalgoorlie Super Pit (Fimiston Open Pit), Australia</name><styleUrl>#t-mining</styleUrl><description><![CDATA[<p><b>Section XIV</b> &middot; mining</p><p>One of Australia&#x27;s largest open-pit gold mines, about 3.5 km long, 1.6 km wide and over 675 m deep on the historic Golden Mile, producing about 430,000-460,000 oz of gold a year. Owned by Northern Star Resources since 2020; it consolidated many 1890s underground leases into one pit.</p><p><a href="https://www.b0b.dev/report#XIV">View in report</a></p>]]></description><TimeSpan><begin>1893-01-01</begin><end>1893-12-31</end></TimeSpan><Point><coordinates>121.5094,-30.7747,0</coordinates></Point></Placemark></Folder><Folder><name>Section XV (41)</name><open>0</open><Placemark><name>Ukraine - Active Conflict Zone</name><styleUrl>#t-conflict</styleUrl><description><![CDATA[<p><b>Section XV</b> &middot; conflict</p><p>Russia-Ukraine war (full-scale invasion from 24 Feb 2022). Widely described as the largest land war in Europe since 1945. Major grain and energy infrastructure; Black Sea grain exports disrupted.</p><p><a href="https://www.b0b.dev/report#XV">View in report</a></p>]]></description><TimeStamp><when>2022-02-24</when></TimeStamp><Point><coordinates>31.1656,48.3794,0</coordinates></Point></Placemark><Placemark><name>Gaza - Active Conflict Zone</name><styleUrl>#t-conflict</styleUrl><description><![CDATA[<p><b>Section XV</b> &middot; conflict</p><p>Gaza-Israel war (from 7 Oct 2023). Mass civilian casualties, infrastructure destruction, forced displacement. MK-80 series bombs (US bodies made by General Dynamics) reported as the primary weapon type used. The Israeli government&#x27;s Project Nimbus cloud contract (Google, Amazon) has military stakeholders, but no document shows it used for targeting. ICJ and ICC proceedings: see Section XV.</p><p><a href="https://www.b0b.dev/report#XV">View in report</a></p>]]></description><TimeStamp><when>2023-10-07</when></TimeStamp><Point><coordinates>34.3088,31.3547,0</coordinates></Point></Placemark><Placemark><name>Sudan - Active Conflict Zone</name><styleUrl>#t-conflict</styleUrl><description><![CDATA[<p><b>Section XV</b> &middot; conflict</p><p>Civil war since 15 April 2023, SAF vs RSF. Over 10 million displaced (UN agencies; peak estimates higher). Ethnic violence in Darfur. Significant gold reserves; gold moves largely through Dubai. Arms supply: OFAC designations name UAE-based companies; the Emirati state role is attributed, not documented (see Section XV).</p><p><a href="https://www.b0b.dev/report#XV">View in report</a></p>]]></description><TimeStamp><when>2023-04-15</when></TimeStamp><Point><coordinates>32.5599,15.5007,0</coordinates></Point></Placemark><Placemark><name>Myanmar - Active Conflict Zone</name><styleUrl>#t-conflict</styleUrl><description><![CDATA[<p><b>Section XV</b> &middot; conflict</p><p>Civil War (Feb 2021-present). Military junta. Airstrikes against civilians. Millions displaced. Rare earth mineral supply chain.</p><p><a href="https://www.b0b.dev/report#XV">View in report</a></p>]]></description><TimeSpan><begin>2021-02-01</begin><end>2021-02-28</end></TimeSpan><Point><coordinates>96.0785,19.7633,0</coordinates></Point></Placemark><Placemark><name>Darfur, Sudan</name><styleUrl>#t-conflict</styleUrl><description><![CDATA[<p><b>Section XV</b> &middot; conflict</p><p>Darfur region within the Sudan war: RSF siege and capture of El Fasher (Oct 2025) and mass killings in West Darfur (Masalit). Gold mining areas lie within the conflict zone; a causal link is not established here.</p><p><a href="https://www.b0b.dev/report#XV">View in report</a></p>]]></description><Point><coordinates>25,13.5,0</coordinates></Point></Placemark><Placemark><name>South China Sea - Offshore Drilling</name><styleUrl>#t-conflict</styleUrl><description><![CDATA[<p><b>Section XV</b> &middot; conflict</p><p>Disputed maritime territory with hydrocarbon reserves of contested size. China, Taiwan, Vietnam, the Philippines, Malaysia and Brunei have overlapping claims. China has built artificial islands with military facilities. Source: Wikipedia, Territorial disputes in the South China Sea.</p><p><a href="https://www.b0b.dev/report#XV">View in report</a></p>]]></description><Point><coordinates>115,15,0</coordinates></Point></Placemark><Placemark><name>Socotra Island, Yemen</name><styleUrl>#t-conflict</styleUrl><description><![CDATA[<p><b>Section XV</b> &middot; conflict</p><p>&#x27;Galapagos of the Indian Ocean&#x27; - about a third of its plant life is found nowhere else; UNESCO World Heritage Site (2008). Strategic position at the Gulf of Aden. On 30 April 2018 the UAE landed troops and took control of the island&#x27;s airport, over the Yemeni government&#x27;s protest; a UAE military presence has followed. Source: Wikipedia, Socotra.</p><p><a href="https://www.b0b.dev/report#XV">View in report</a></p>]]></description><TimeStamp><when>2018-04-30</when></TimeStamp><Point><coordinates>53.8237,12.4634,0</coordinates></Point></Placemark><Placemark><name>General Dynamics HQ, Reston, Virginia</name><styleUrl>#t-corporate</styleUrl><description><![CDATA[<p><b>Section XV</b> &middot; corporate</p><p>General Dynamics, Reston, Virginia - the only US maker of MK-80 series bomb bodies, reported as the primary bomb type in Israel&#x27;s Gaza campaign and used across the region. Revenue $52.6B (2025). Also owns Gulfstream (business jets). Source: Wikipedia, General Dynamics; General Dynamics Ordnance and Tactical Systems.</p><p><a href="https://www.b0b.dev/report#XV">View in report</a></p>]]></description><TimeSpan><begin>2025-01-01</begin><end>2025-12-31</end></TimeSpan><Point><coordinates>-77.357,38.9586,0</coordinates></Point></Placemark><Placemark><name>Iraq Museum, Baghdad</name><styleUrl>#t-museum</styleUrl><description><![CDATA[<p><b>Section XV</b> &middot; museum</p><p>National Museum of Iraq - looted 10-12 April 2003 during the US-led invasion; about 15,000 items were taken (early reports of 170,000 were wrong), including about 5,000 cylinder seals; thousands remain missing. The National Library and Archives burned the same week. Source: Wikipedia, National Museum of Iraq.</p><p><a href="https://www.b0b.dev/report#XV">View in report</a></p>]]></description><TimeSpan><begin>2003-04-01</begin><end>2003-04-28</end></TimeSpan><Point><coordinates>44.3858,33.3286,0</coordinates></Point></Placemark><Placemark><name>Palmyra, Syria</name><styleUrl>#t-conflict</styleUrl><description><![CDATA[<p><b>Section XV</b> &middot; conflict</p><p>Palmyra - Queen Zenobia&#x27;s capital; Roman-era colonnaded city. The Temple of Bel (dedicated AD 32) was blown up by ISIS in August 2015 and the monumental arch in October 2015. Syria&#x27;s antiquities chief said ISIS was searching for gold. Source: Wikipedia, Temple of Bel.</p><p><a href="https://www.b0b.dev/report#XV">View in report</a></p>]]></description><TimeStamp><when>2015-08-30</when></TimeStamp><Point><coordinates>38.2691,34.5504,0</coordinates></Point></Placemark><Placemark><name>Nimrud, Iraq</name><styleUrl>#t-conflict</styleUrl><description><![CDATA[<p><b>Section XV</b> &middot; conflict</p><p>Nimrud (Kalhu) - Assyrian imperial capital from 879 BCE under Ashurnasirpal II; Northwest Palace, lamassu statues. In March 2015 the Iraqi government reported that ISIS had bulldozed the excavated remains; ISIS released videos of the destruction. Iraqi forces retook the site in November 2016. Source: Wikipedia, Nimrud.</p><p><a href="https://www.b0b.dev/report#XV">View in report</a></p>]]></description><TimeSpan><begin>2015-03-01</begin><end>2015-03-28</end></TimeSpan><Point><coordinates>43.3283,36.0954,0</coordinates></Point></Placemark><Placemark><name>Aleppo, Syria - Ancient City</name><styleUrl>#t-conflict</styleUrl><description><![CDATA[<p><b>Section XV</b> &middot; conflict</p><p>Ancient City of Aleppo - UNESCO World Heritage Site (1986), among the oldest continuously inhabited cities. The Great Mosque&#x27;s minaret was destroyed in April 2013; an estimated 30% of the Ancient City was destroyed (and more damaged) in the Battle of Aleppo. Source: Wikipedia, Ancient City of Aleppo; Great Mosque of Aleppo.</p><p><a href="https://www.b0b.dev/report#XV">View in report</a></p>]]></description><TimeSpan><begin>2013-04-01</begin><end>2013-04-28</end></TimeSpan><Point><coordinates>37.1343,36.2021,0</coordinates></Point></Placemark><Placemark><name>Timbuktu, Mali</name><styleUrl>#t-conflict</styleUrl><description><![CDATA[<p><b>Section XV</b> &middot; conflict</p><p>Timbuktu - historic centre of Islamic scholarship. Ansar Dine/AQIM destroyed most of its UNESCO-listed mausoleums in 2012 and set fire to the Ahmed Baba Institute on retreat in January 2013; librarians evacuated hundreds of thousands of manuscripts (total number unknown). French Operation Serval retook the city in January 2013. Source: Wikipedia, Timbuktu; Timbuktu Manuscripts.</p><p><a href="https://www.b0b.dev/report#XV">View in report</a></p>]]></description><TimeSpan><begin>2012-01-01</begin><end>2012-12-31</end></TimeSpan><Point><coordinates>-3.0074,16.7735,0</coordinates></Point></Placemark><Placemark><name>Mes Aynak, Afghanistan</name><styleUrl>#t-conflict</styleUrl><description><![CDATA[<p><b>Section XV</b> &middot; conflict</p><p>Mes Aynak, Logar Province - a 40 ha Buddhist monastic settlement (peak 5th-7th century CE) with over 400 Buddha statues and stupas, above an older Bronze Age copper-working site, sitting on Afghanistan&#x27;s largest known copper deposit. 30-year lease to China Metallurgical Group (MCC), November 2007, US$3 billion. Mining is proceeding at the expense of the site. Source: Wikipedia, Mes Aynak.</p><p><a href="https://www.b0b.dev/report#XV">View in report</a></p>]]></description><TimeSpan><begin>2007-11-01</begin><end>2007-11-28</end></TimeSpan><Point><coordinates>69.3069,34.2708,0</coordinates></Point></Placemark><Placemark><name>Sanaa Old City, Yemen</name><styleUrl>#t-conflict</styleUrl><description><![CDATA[<p><b>Section XV</b> &middot; conflict</p><p>Old City of Sanaa - UNESCO World Heritage Site, inhabited for more than 2,500 years; multi-storey rammed-earth tower houses. Saudi-led coalition airstrikes from 2015 damaged the Old City. The coalition was armed largely by the US and UK (Section XV); the munitions used in these specific strikes are not established. Source: Wikipedia, Old City of Sanaa.</p><p><a href="https://www.b0b.dev/report#XV">View in report</a></p>]]></description><TimeSpan><begin>2015-01-01</begin><end>2015-12-31</end></TimeSpan><Point><coordinates>44.2066,15.3539,0</coordinates></Point></Placemark><Placemark><name>Mosul / Nineveh, Iraq</name><styleUrl>#t-conflict</styleUrl><description><![CDATA[<p><b>Section XV</b> &middot; conflict</p><p>Mosul / ancient Nineveh - Assyrian capital, site of the Library of Ashurbanipal (the oldest surviving royal library). ISIS blew up the Nebi Yunus shrine (Tomb of Jonah) in July 2014 and on 26 February 2015 released video of militants smashing statues in the Mosul Museum. Source: Wikipedia, Mosul Museum; Mosque of the Prophet Yunus.</p><p><a href="https://www.b0b.dev/report#XV">View in report</a></p>]]></description><TimeStamp><when>2015-02-26</when></TimeStamp><Point><coordinates>43.145,36.365,0</coordinates></Point></Placemark><Placemark><name>Wadi Mathendous - Saharan rock art, Libya</name><styleUrl>#t-conflict</styleUrl><description><![CDATA[<p><b>Section XV</b> &middot; conflict</p><p>Wadi Mathendous, Fezzan - prehistoric rock engravings (cattle, giraffes, elephants) from the &#x27;Green Sahara&#x27; period. Libya&#x27;s conflict since 2011 has left such sites largely unprotected. Source: Wikipedia, Wadi Mathendous.</p><p><a href="https://www.b0b.dev/report#XV">View in report</a></p>]]></description><TimeSpan><begin>2011-01-01</begin><end>2011-12-31</end></TimeSpan><Point><coordinates>12.1703,25.7633,0</coordinates></Point></Placemark><Placemark><name>Khyber Pass, Afghanistan/Pakistan</name><styleUrl>#t-conflict</styleUrl><description><![CDATA[<p><b>Section XV</b> &middot; conflict</p><p>Khyber Pass - mountain pass linking Afghanistan and the Peshawar valley. Mahmud of Ghazni, Muhammad of Ghor, Timur, Babur and Nader Shah used it and nearby passes to invade the Indian subcontinent; it was contested in the Anglo-Afghan wars. Source: Wikipedia, Khyber Pass.</p><p><a href="https://www.b0b.dev/report#XV">View in report</a></p>]]></description><Point><coordinates>71.0956,34.1034,0</coordinates></Point></Placemark><Placemark><name>Strait of Hormuz</name><styleUrl>#t-conflict</styleUrl><description><![CDATA[<p><b>Section XV</b> &middot; conflict</p><p>Strait of Hormuz - about 21 miles wide at its narrowest, between Iran and Oman (Musandam). About a fifth of world oil consumption (2018: 21 million barrels a day) and about 20% of world LNG pass through; the only sea route out of the Persian Gulf, though Saudi and UAE pipelines bypass part of the flow. Source: Wikipedia, Strait of Hormuz; EIA.</p><p><a href="https://www.b0b.dev/report#XV">View in report</a></p>]]></description><Point><coordinates>56.25,26.5944,0</coordinates></Point></Placemark><Placemark><name>Bab el-Mandeb Strait, Yemen/Djibouti</name><styleUrl>#t-conflict</styleUrl><description><![CDATA[<p><b>Section XV</b> &middot; conflict</p><p>Bab el-Mandeb (&#x27;Gate of Tears&#x27;) - about 20 miles wide; links the Red Sea to the Gulf of Aden, so Suez traffic to and from the Indian Ocean passes through it. Houthi attacks on shipping from 19 November 2023 diverted global shipping; US/UK strikes followed. Source: Wikipedia, Red Sea crisis.</p><p><a href="https://www.b0b.dev/report#XV">View in report</a></p>]]></description><TimeStamp><when>2023-11-19</when></TimeStamp><Point><coordinates>43.3333,12.5833,0</coordinates></Point></Placemark><Placemark><name>Göbekli Tepe Region, Southeastern Turkey</name><styleUrl>#t-archaeological</styleUrl><description><![CDATA[<p><b>Section XV</b> &middot; archaeological</p><p>Gobekli Tepe, Sanliurfa Province - monumental Pre-Pottery Neolithic enclosures (c. 9500 BCE), among the oldest known monumental structures. Southeastern Turkey has been the setting of the Turkish state-PKK conflict; the site itself is open to visitors. Source: Wikipedia, Gobekli Tepe.</p><p><a href="https://www.b0b.dev/report#XV">View in report</a></p>]]></description><Point><coordinates>38.9217,37.2236,0</coordinates></Point></Placemark><Placemark><name>Angkor Wat Region, Cambodia</name><styleUrl>#t-conflict</styleUrl><description><![CDATA[<p><b>Section XV</b> &middot; conflict</p><p>Angkor Wat - the largest religious monument in the world (Khmer Empire, 802-1431). In the same century: US bombing of Cambodia (Operation Menu, March 1969 - May 1970, 108,823 tons; total US tonnage 1965-73 is disputed) and the Khmer Rouge regime (1975-79), under which an estimated 1.5-2 million people died. Source: Wikipedia, Angkor Wat; Operation Menu.</p><p><a href="https://www.b0b.dev/report#XV">View in report</a></p>]]></description><TimeSpan><begin>1975-01-01</begin><end>1975-12-31</end></TimeSpan><Point><coordinates>103.867,13.4125,0</coordinates></Point></Placemark><Placemark><name>Guatemala - 1954 CIA Coup (Operation PBSUCCESS)</name><styleUrl>#t-conflict</styleUrl><description><![CDATA[<p><b>Section XV</b> &middot; conflict</p><p>Operation PBSUCCESS: the CIA overthrew elected President Jacobo Arbenz (June 1954) after a land reform that expropriated United Fruit Company land; United Fruit lobbied for his removal. The civil war that followed (1960-96) killed about 200,000, and the UN-backed truth commission found acts of genocide against the Maya. Source: Wikipedia, 1954 Guatemalan coup; Guatemalan genocide.</p><p><a href="https://www.b0b.dev/report#XV">View in report</a></p>]]></description><TimeSpan><begin>1954-01-01</begin><end>1954-12-31</end></TimeSpan><Point><coordinates>-90.5069,14.6349,0</coordinates></Point></Placemark><Placemark><name>Iran - 1953 CIA/MI6 Coup (Operation Ajax)</name><styleUrl>#t-conflict</styleUrl><description><![CDATA[<p><b>Section XV</b> &middot; conflict</p><p>Operation Ajax/Boot: CIA and MI6 overthrew Prime Minister Mohammad Mosaddegh (19 August 1953) after he nationalised the Anglo-Iranian Oil Company (later BP), restoring the Shah&#x27;s power. SAVAK, founded 1957 with CIA assistance, policed the monarchy until the 1979 revolution. Source: Wikipedia, 1953 Iranian coup; SAVAK.</p><p><a href="https://www.b0b.dev/report#XV">View in report</a></p>]]></description><TimeStamp><when>1953-08-19</when></TimeStamp><Point><coordinates>51.389,35.6892,0</coordinates></Point></Placemark><Placemark><name>Congo - Lumumba Assassination, Lubumbashi</name><styleUrl>#t-conflict</styleUrl><description><![CDATA[<p><b>Section XV</b> &middot; conflict</p><p>Patrice Lumumba, first democratically elected Prime Minister of Congo, was killed on 17 January 1961 near Elisabethville (Lubumbashi), shot by a Katangan firing squad with Belgian officers present. A Belgian parliamentary commission (2001) found Belgium bore moral responsibility; Belgium apologised in 2002. The Church Committee (1975) documented a CIA plot to poison him that was never carried out and was not the means of death. Mobutu, US-backed, ruled for 32 years. Uranium from Congo&#x27;s Shinkolobwe mine was used in the Manhattan Project.</p><p><a href="https://www.b0b.dev/report#XV">View in report</a></p>]]></description><TimeStamp><when>1961-01-17</when></TimeStamp><Point><coordinates>27.5026,-11.6876,0</coordinates></Point></Placemark><Placemark><name>Chile - 1973 CIA Coup, Santiago</name><styleUrl>#t-conflict</styleUrl><description><![CDATA[<p><b>Section XV</b> &middot; conflict</p><p>Coup of 11 September 1973 against Salvador Allende, after years of CIA covert funding of his opposition (including the 1970 Track II effort); US inquiries did not find direct CIA participation in the coup itself. Pinochet&#x27;s regime: about 3,200 killed or disappeared, 38,254 recognised political prisoners, most tortured (Rettig and Valech commissions). &#x27;Chicago Boys&#x27; free-market policies imposed under military rule. Source: Wikipedia, 1973 Chilean coup; Valech Report.</p><p><a href="https://www.b0b.dev/report#XV">View in report</a></p>]]></description><TimeStamp><when>1973-09-11</when></TimeStamp><Point><coordinates>-70.6693,-33.4489,0</coordinates></Point></Placemark><Placemark><name>Libya - NATO Intervention, Tripoli</name><styleUrl>#t-conflict</styleUrl><description><![CDATA[<p><b>Section XV</b> &middot; conflict</p><p>NATO intervention (March-October 2011); Gaddafi killed 20 October 2011 - Hillary Clinton: &#x27;We came, we saw, he died.&#x27; Libya holds Africa&#x27;s largest proven oil reserves and had the continent&#x27;s highest HDI before the war. A plan for a gold-backed African currency is cited as a motive in one attributed source (a Blumenthal email to Clinton); not established. Slave auctions of migrants were filmed in 2017 (CNN). Source: Wikipedia, 2011 military intervention in Libya.</p><p><a href="https://www.b0b.dev/report#XV">View in report</a></p>]]></description><TimeStamp><when>2011-10-20</when></TimeStamp><Point><coordinates>13.1913,32.8872,0</coordinates></Point></Placemark><Placemark><name>Laos - Secret War, Plain of Jars</name><styleUrl>#t-conflict</styleUrl><description><![CDATA[<p><b>Section XV</b> &middot; conflict</p><p>Most heavily bombed country per capita in history: about 270 million cluster bomblets dropped 1964-73, an estimated 80 million unexploded; UXO still kills and maims every year. The Plain of Jars - megalithic stone jars about 2,000 years old, associated with burial practice - became a UNESCO World Heritage Site in 2019 and lies inside the bombed zone. Source: Wikipedia, Plain of Jars.</p><p><a href="https://www.b0b.dev/report#XV">View in report</a></p>]]></description><TimeSpan><begin>1964-01-01</begin><end>1964-12-31</end></TimeSpan><Point><coordinates>103.15,19.45,0</coordinates></Point></Placemark><Placemark><name>Vietnam - Cu Chi Tunnels, Ho Chi Minh City</name><styleUrl>#t-conflict</styleUrl><description><![CDATA[<p><b>Section XV</b> &middot; conflict</p><p>Cu Chi tunnels - about 250 km of tunnels with hospitals, kitchens and command posts, used by the Viet Cong; they survived carpet bombing and defoliation with Agent Orange (made by Monsanto, Dow and others). An estimated 3 million Vietnamese and 58,000 Americans died in the war. The chemical makers paid $180 million to US veterans in a 1984 settlement; Vietnamese victims&#x27; suits were dismissed. Source: Wikipedia, Cu Chi tunnels; Agent Orange.</p><p><a href="https://www.b0b.dev/report#XV">View in report</a></p>]]></description><Point><coordinates>106.4625,11.1417,0</coordinates></Point></Placemark><Placemark><name>Zaporizhzhia Nuclear Power Plant - Enerhodar, Ukraine</name><styleUrl>#t-conflict</styleUrl><description><![CDATA[<p><b>Section XV</b> &middot; conflict</p><p>Europe&#x27;s largest nuclear power plant (six VVER-1000 reactors, 5,700 MW nameplate) has been under Russian military occupation since 4 March 2022; its reactors are shut down while the site is used as a fortified base. The IAEA has repeatedly warned of shelling near the plant and loss of external power. Source: Wikipedia, Zaporizhzhia Nuclear Power Plant; Al Jazeera.</p><p><a href="https://www.b0b.dev/report#XV">View in report</a></p>]]></description><TimeStamp><when>2022-03-04</when></TimeStamp><Point><coordinates>34.5867,47.5139,0</coordinates></Point></Placemark><Placemark><name>El Fasher - North Darfur, Sudan</name><styleUrl>#t-conflict</styleUrl><description><![CDATA[<p><b>Section XV</b> &middot; conflict</p><p>The Rapid Support Forces besieged El Fasher, the Sudanese army&#x27;s last Darfur stronghold, from May 2024 and seized it on 26 October 2025; the population, once far larger, was estimated at about 250,000 when the city fell, amid famine. Mass killings followed; the UN Independent International Fact-Finding Mission for Sudan reported in 2026 that they bore &#x27;the hallmarks of genocide&#x27;. Source: Wikipedia, Siege of El Fasher; El Fasher massacre; UN OHCHR.</p><p><a href="https://www.b0b.dev/report#XV">View in report</a></p>]]></description><TimeStamp><when>2025-10-26</when></TimeStamp><Point><coordinates>25.3556,13.6238,0</coordinates></Point></Placemark><Placemark><name>Mekelle - Tigray, Ethiopia</name><styleUrl>#t-conflict</styleUrl><description><![CDATA[<p><b>Section XV</b> &middot; conflict</p><p>Capital of Tigray and focal point of the 2020-2022 war between Ethiopia&#x27;s federal government and the TPLF, during which Addis Ababa imposed a de facto siege cutting food, banking, power and telecoms. Death toll estimates range widely - Ghent University researchers 385,000-600,000; AU envoy Olusegun Obasanjo about 600,000 - much of it from starvation. Pretoria ceasefire 2 November 2022. Source: Wikipedia, Tigray war; International Crisis Group.</p><p><a href="https://www.b0b.dev/report#XV">View in report</a></p>]]></description><TimeStamp><when>2022-11-02</when></TimeStamp><Point><coordinates>39.4768,13.4967,0</coordinates></Point></Placemark><Placemark><name>Bakhmut - Donetsk Oblast, Ukraine</name><styleUrl>#t-conflict</styleUrl><description><![CDATA[<p><b>Section XV</b> &middot; conflict</p><p>Battle of Bakhmut, 1 August 2022 - 20 May 2023, one of the longest and bloodiest battles of the war, known as the &#x27;meat grinder&#x27;. Wagner Group, many of its fighters recruited from Russian prisons, led the assault; Prigozhin claimed about 20,000 Wagner dead. A city of about 70,000 before the war was left in ruins. Source: Wikipedia, Battle of Bakhmut; Al Jazeera.</p><p><a href="https://www.b0b.dev/report#XV">View in report</a></p>]]></description><TimeStamp><when>2022-08-01</when></TimeStamp><Point><coordinates>38.0021,48.5894,0</coordinates></Point></Placemark><Placemark><name>Marib - Yemen (Oil &amp; Gas Frontline)</name><styleUrl>#t-conflict</styleUrl><description><![CDATA[<p><b>Section XV</b> &middot; conflict</p><p>Marib, the government&#x27;s last northern stronghold and home to a refinery producing about 90% of Yemen&#x27;s LPG, was the pivotal front of the 2021-2022 Houthi offensive. The UN warned the push threatened to displace at least 385,000 people sheltering in the governorate. Source: Washington Post; RUSI — washingtonpost.com/world/interactive/2021/yemen-war-marib-houthis/.</p><p><a href="https://www.b0b.dev/report#XV">View in report</a></p>]]></description><TimeSpan><begin>2021-01-01</begin><end>2021-12-31</end></TimeSpan><Point><coordinates>45.323,15.4579,0</coordinates></Point></Placemark><Placemark><name>Mozambique LNG (Afungi site) - Palma, Cabo Delgado</name><styleUrl>#t-conflict</styleUrl><description><![CDATA[<p><b>Section XV</b> &middot; conflict</p><p>On 24 March 2021 Islamic State-linked insurgents (locally &#x27;al-Shabab&#x27;) overran Palma, beside TotalEnergies&#x27; Afungi LNG site; one tally put civilian deaths at more than 1,190, with about 40,000 displaced. TotalEnergies withdrew staff and declared force majeure on the project in April 2021. Source: Wikipedia, Battle of Palma; Combating Terrorism Center at West Point.</p><p><a href="https://www.b0b.dev/report#XV">View in report</a></p>]]></description><TimeStamp><when>2021-03-24</when></TimeStamp><Point><coordinates>40.4728,-10.7756,0</coordinates></Point></Placemark><Placemark><name>Nord Stream Pipeline Sabotage Site - off Bornholm, Baltic Sea</name><styleUrl>#t-conflict</styleUrl><description><![CDATA[<p><b>Section XV</b> &middot; conflict</p><p>On 26 September 2022 underwater explosions ruptured three of the four Nord Stream 1 and 2 gas pipelines in the Baltic, north-east and south-east of the Danish island of Bornholm, at depths of about 80-110 m; seabed surveys found blast craters and Swedish prosecutors called it gross sabotage. Sweden and Denmark closed their investigations in February 2024 without naming anyone; German prosecutors are pursuing Ukrainian nationals. No state&#x27;s responsibility is established. Pin at the Nord Stream 1 leak site. Source: Wikipedia, Nord Stream pipelines sabotage; RFE/RL; BBC.</p><p><a href="https://www.b0b.dev/report#XV">View in report</a></p>]]></description><TimeStamp><when>2022-09-26</when></TimeStamp><Point><coordinates>15.6983,55.535,0</coordinates></Point></Placemark><Placemark><name>Lachin Corridor - Nagorno-Karabakh</name><styleUrl>#t-conflict</styleUrl><description><![CDATA[<p><b>Section XV</b> &middot; conflict</p><p>Azerbaijan blockaded the sole road linking Nagorno-Karabakh to Armenia from December 2022, starving Stepanakert of food, fuel and medicine for nine months. After a September 2023 military offensive the ethnic-Armenian enclave capitulated and over 100,000 Armenians fled within a week, effectively emptying the region. Source: Amnesty International; BBC — amnesty.org/en/latest/news/2023/02/azerbaijan-blockade-of-lachin-corridor-putting-thousands-of-lives-in-peril-must-be-immediately-lifted/.</p><p><a href="https://www.b0b.dev/report#XV">View in report</a></p>]]></description><TimeSpan><begin>2022-12-01</begin><end>2022-12-28</end></TimeSpan><Point><coordinates>46.3142,39.7205,0</coordinates></Point></Placemark><Placemark><name>Siachen Glacier - Karakoram, Ladakh</name><styleUrl>#t-conflict</styleUrl><description><![CDATA[<p><b>Section XV</b> &middot; conflict</p><p>At roughly 18,000-22,000 ft, the Siachen Glacier is the world&#x27;s highest battlefield, contested by India and Pakistan since India&#x27;s 1984 Operation Meghdoot. With temperatures reaching -50°C, more soldiers on both sides have died from avalanches and cold than from combat. Source: GlobalSecurity.org; WorldAtlas — globalsecurity.org/military/world/war/siachen.htm.</p><p><a href="https://www.b0b.dev/report#XV">View in report</a></p>]]></description><TimeSpan><begin>1984-01-01</begin><end>1984-12-31</end></TimeSpan><Point><coordinates>77.2014,35.1986,0</coordinates></Point></Placemark><Placemark><name>Crimean (Kerch Strait) Bridge - Kerch, Crimea</name><styleUrl>#t-conflict</styleUrl><description><![CDATA[<p><b>Section XV</b> &middot; conflict</p><p>The road-and-rail bridge (about 18 km) Russia built across the Kerch Strait after its 2014 annexation of Crimea is the main military supply artery to the peninsula. A truck-bomb blast on 8 October 2022 collapsed two road spans and killed five people; the bridge has been struck again since. Source: Wikipedia, Crimean Bridge; 2022 Crimean Bridge explosion; CNN.</p><p><a href="https://www.b0b.dev/report#XV">View in report</a></p>]]></description><TimeStamp><when>2022-10-08</when></TimeStamp><Point><coordinates>36.4671,45.3563,0</coordinates></Point></Placemark><Placemark><name>Guerguerat Crossing / Moroccan Berm - Western Sahara</name><styleUrl>#t-conflict</styleUrl><description><![CDATA[<p><b>Section XV</b> &middot; conflict</p><p>Guerguerat sits on the roughly 2,700 km Moroccan sand berm, the world&#x27;s longest operational military barrier and longest continuous minefield, dividing Morocco-controlled Western Sahara from the Polisario-held Free Zone. A November 2020 flare-up at the crossing ended a near-30-year UN ceasefire, reigniting armed conflict. Source: Wikipedia &#x27;Moroccan Western Sahara Wall&#x27;; Georgetown Security Studies Review — en.wikipedia.org/wiki/Moroccan_Western_Sahara_Wall.</p><p><a href="https://www.b0b.dev/report#XV">View in report</a></p>]]></description><TimeSpan><begin>2020-11-01</begin><end>2020-11-28</end></TimeSpan><Point><coordinates>-16.9599,21.427,0</coordinates></Point></Placemark><Placemark><name>Second Thomas Shoal (BRP Sierra Madre) - Spratly Islands</name><styleUrl>#t-conflict</styleUrl><description><![CDATA[<p><b>Section XV</b> &middot; conflict</p><p>In 1999 the Philippines deliberately grounded the WWII-era landing ship BRP Sierra Madre on the shoal, in response to China&#x27;s occupation of Mischief Reef; rotating marines still garrison the hull. Chinese coast guard vessels first blocked resupply in March 2014 and have since repeatedly blocked, rammed and water-cannoned Philippine boats (notably 2023-24). Source: Wikipedia, Second Thomas Shoal; CSIS AMTI.</p><p><a href="https://www.b0b.dev/report#XV">View in report</a></p>]]></description><TimeSpan><begin>1999-01-01</begin><end>1999-12-31</end></TimeSpan><Point><coordinates>115.86,9.72,0</coordinates></Point></Placemark></Folder><Folder><name>Section XVI (45)</name><open>0</open><Placemark><name>Pentagon, Washington D.C.</name><styleUrl>#t-military</styleUrl><description><![CDATA[<p><b>Section XVI</b> &middot; military</p><p>Operation Northwoods: on 13 March 1962 the Joint Chiefs of Staff submitted to Defense Secretary McNamara proposals for false-flag acts - including staged attacks at Guantanamo, sinking refugee boats and terrorism in US cities - to justify an invasion of Cuba. The proposals were rejected by President Kennedy.</p><p><a href="https://www.b0b.dev/report#XVI">View in report</a></p>]]></description><TimeStamp><when>1962-03-13</when></TimeStamp><Point><coordinates>-77.0562,38.8711,0</coordinates></Point></Placemark><Placemark><name>Gulf of Tonkin, Vietnam - DESOTO patrol area</name><styleUrl>#t-military</styleUrl><description><![CDATA[<p><b>Section XVI</b> &middot; military</p><p>2-4 Aug 1964. FOIA-SOURCED UPGRADE (read directly from NSA&#x27;s reading room, 18 Aug 2026). NSA released its Tonkin holdings in two tranches - 30 Nov 2005 and 30 May 2006 - and states on the release page that it was &#x27;not NSA&#x27;s intention to prove or disprove any one set of conclusions,&#x27; only to publish the material. The substantive finding is NSA historian Robert J. Hanyok&#x27;s Cryptologic Quarterly study &#x27;Skunks, Bogies, Silent Hounds, and the Flying Fish: The Gulf of Tonkin Mystery, 2-4 August 1964&#x27; (classified 2001, declassified Nov 2005): the 2 Aug attack happened; the 4 Aug attack did not; and the SIGINT product that appeared to confirm it was built from 4 Aug intercepts about recovery of the P-4s damaged on 2 Aug - re-dated, re-translated and selectively excerpted. PRECISION: that is Hanyok&#x27;s conclusion, not an institutional NSA finding, and he describes a mix of analytic error and deliberate misrepresentation rather than a single fabrication order. Collection also holds CAPT J.J. Herrick, Col Ralph Steakley (DESOTO) and Lt Col Delmar C. Lang reports. Sources: nsa.gov Gulf of Tonkin release; rel1_skunks_bogies.pdf.</p><p><a href="https://www.b0b.dev/report#XVI">View in report</a></p>]]></description><TimeStamp><when>1964-08-04</when></TimeStamp><Point><coordinates>107.5,20.5,0</coordinates></Point></Placemark><Placemark><name>Hanslope Park - Migrated Archives / Operation Legacy, UK</name><styleUrl>#t-blacksite</styleUrl><description><![CDATA[<p><b>Section XVI</b> &middot; blacksite</p><p>FCDO site (also home to HM Government Communications Centre) where the &#x27;migrated archives&#x27; were held: about 20,000 files from 41 former colonies, removed at independence. The FCO admitted holding them only in 2011, during the Mau Mau veterans&#x27; case (Mutua and others v FCO); they were moved to The National Archives (FCO 141). Operation Legacy was the Colonial Office programme to destroy or remove files that could embarrass Britain. Hanslope also held about 1.2 million other unreleased FCO records. Source: Wikipedia, Migrated Archives; Hanslope Park; Operation Legacy.</p><p><a href="https://www.b0b.dev/report#XVI">View in report</a></p>]]></description><TimeSpan><begin>2011-01-01</begin><end>2011-12-31</end></TimeSpan><Point><coordinates>-0.8301,52.0847,0</coordinates></Point></Placemark><Placemark><name>Porton Down - MoD Chemical/Biological Testing, Wiltshire, UK</name><styleUrl>#t-blacksite</styleUrl><description><![CDATA[<p><b>Section XVI</b> &middot; blacksite</p><p>UK Ministry of Defence chemical and biological research site. Up to 20,000 servicemen took part in trials (1949-1989; Operation Antler examined 1939-1989), many without proper informed consent, including nerve agents and, in MI6 tests, LSD. Leading Aircraftman Ronald Maddison died after sarin exposure on 6 May 1953; a 2004 inquest found unlawful killing. In 2008 the MoD paid 360 veterans 3 million pounds without admitting liability. Source: Wikipedia, Porton Down; Ronald Maddison.</p><p><a href="https://www.b0b.dev/report#XVI">View in report</a></p>]]></description><TimeStamp><when>1953-05-06</when></TimeStamp><Point><coordinates>-1.71,51.1311,0</coordinates></Point></Placemark><Placemark><name>Mururoa Atoll - French Nuclear Testing, French Polynesia</name><styleUrl>#t-military</styleUrl><description><![CDATA[<p><b>Section XVI</b> &middot; military</p><p>France conducted 193 nuclear tests in French Polynesia (1966-1996) at Moruroa and Fangataufa - atmospheric until 1974, then underground; Moruroa alone accounts for 175-181. Soldiers, workers and Polynesian civilians were exposed; the state long denied health effects. The Morin law (2010) created a compensation scheme; INSERM published a collective expert report on health consequences in February 2021. The veterans&#x27; association Moruroa e Tatou documented contamination. Source: Wikipedia, Moruroa.</p><p><a href="https://www.b0b.dev/report#XVI">View in report</a></p>]]></description><TimeSpan><begin>1966-01-01</begin><end>1966-12-31</end></TimeSpan><Point><coordinates>-138.9108,-21.8301,0</coordinates></Point></Placemark><Placemark><name>Reggane - French Nuclear Tests in Algeria (Sahara)</name><styleUrl>#t-military</styleUrl><description><![CDATA[<p><b>Section XVI</b> &middot; military</p><p>First French nuclear test &#x27;Gerboise Bleue&#x27; (February 13, 1960) - 4x Hiroshima yield. 17 tests in the Algerian Sahara (1960-66) including 4 atmospheric. Local populations (including French soldiers) exposed without warning. Saharan communities still report elevated cancer rates. Files partially declassified 2013 - 53 years after first detonation. France conducted nuclear tests in its colony, then left.</p><p><a href="https://www.b0b.dev/report#XVI">View in report</a></p>]]></description><TimeStamp><when>1960-02-13</when></TimeStamp><Point><coordinates>-0.0572,26.3117,0</coordinates></Point></Placemark><Placemark><name>Allan Memorial Institute, McGill University, Montreal</name><styleUrl>#t-blacksite</styleUrl><description><![CDATA[<p><b>Section XVI</b> &middot; blacksite</p><p>Dr. Donald Ewen Cameron&#x27;s MKUltra subproject (1957-1964). CIA-funded experiments on Canadian psychiatric patients: &#x27;psychic driving&#x27; (continuous playback of recorded messages for weeks), massive electroshock (30-40x normal), drug-induced coma for months, sensory deprivation. Patients&#x27; personalities erased. Canadian government settled in 1992, denied residual liability until 2017. Same program as U.S. MKUltra - Five Eyes jurisdiction.</p><p><a href="https://www.b0b.dev/report#XVI">View in report</a></p>]]></description><TimeSpan><begin>1957-01-01</begin><end>1957-12-31</end></TimeSpan><Point><coordinates>-73.5913,45.5086,0</coordinates></Point></Placemark><Placemark><name>Maralinga Nuclear Test Site, South Australia</name><styleUrl>#t-military</styleUrl><description><![CDATA[<p><b>Section XVI</b> &middot; military</p><p>British nuclear tests on Maralinga Tjarutja (Pitjantjatjara) land: Operation Buffalo from 27 September 1956 and further major and minor trials to 1963. Aboriginal people were not adequately protected; the &#x27;black mist&#x27; accounts come from the earlier Emu Field tests (1953). The McClelland Royal Commission (1984-85) found significant residual contamination, including plutonium; contaminated soil and debris were buried in trenches. Source: Wikipedia, Maralinga.</p><p><a href="https://www.b0b.dev/report#XVI">View in report</a></p>]]></description><TimeStamp><when>1956-09-27</when></TimeStamp><Point><coordinates>131.6136,-30.1594,0</coordinates></Point></Placemark><Placemark><name>Katyn Forest, Russia (site of NKVD massacre)</name><styleUrl>#t-conflict</styleUrl><description><![CDATA[<p><b>Section XVI</b> &middot; conflict</p><p>The NKVD executed about 22,000 Polish officers, police and intelligentsia (21,857 per Soviet documents) in April-May 1940. Germany announced the graves in 1943; the USSR blamed the Nazis and tried to charge Katyn at Nuremberg, where the case failed. The USSR acknowledged NKVD guilt only in 1990. Russia&#x27;s own investigation was closed in 2004 with most of its 183 volumes classified; 137 were handed to Poland in 2010. Source: Wikipedia, Katyn massacre.</p><p><a href="https://www.b0b.dev/report#XVI">View in report</a></p>]]></description><TimeSpan><begin>1940-05-01</begin><end>1940-05-28</end></TimeSpan><Point><coordinates>31.7858,54.7723,0</coordinates></Point></Placemark><Placemark><name>ESMA (Navy Mechanics School) - Argentine Dirty War, Buenos Aires</name><styleUrl>#t-blacksite</styleUrl><description><![CDATA[<p><b>Section XVI</b> &middot; blacksite</p><p>ESMA (Navy Mechanics School), Buenos Aires - the main clandestine detention and torture centre of Argentina&#x27;s 1976-1983 dictatorship; an estimated 5,000 prisoners passed through, most disappeared, many killed in &#x27;death flights&#x27; over the Rio de la Plata and Atlantic. Now the ESMA Museum and Site of Memory. CONADEP&#x27;s &#x27;Nunca Mas&#x27; (1984) documented 8,961 disappearances; human-rights organisations estimate 30,000.</p><p><a href="https://www.b0b.dev/report#XVI">View in report</a></p>]]></description><TimeSpan><begin>1976-01-01</begin><end>1976-12-31</end></TimeSpan><Point><coordinates>-58.4627,-34.5431,0</coordinates></Point></Placemark><Placemark><name>Colonia Dignidad, Chile</name><styleUrl>#t-blacksite</styleUrl><description><![CDATA[<p><b>Section XVI</b> &middot; blacksite</p><p>German enclave in Chile (founded 1961) run by Paul Schafer, a former Wehrmacht medic. It served as a DINA detention and torture site under Pinochet, a site of systematic child sexual abuse, an arms cache, and reportedly a laboratory for Project Andrea sarin. Schafer fled child-abuse charges in 1996, was arrested in Argentina in 2005 and died in a Chilean prison in 2010. Source: Wikipedia, Colonia Dignidad.</p><p><a href="https://www.b0b.dev/report#XVI">View in report</a></p>]]></description><TimeSpan><begin>1961-01-01</begin><end>1961-12-31</end></TimeSpan><Point><coordinates>-71.5881,-36.3869,0</coordinates></Point></Placemark><Placemark><name>Sverdlovsk (Yekaterinburg) - Compound 19 Anthrax Leak Site</name><styleUrl>#t-blacksite</styleUrl><description><![CDATA[<p><b>Section XVI</b> &middot; blacksite</p><p>Compound 19 (Sverdlovsk-19), a Soviet military biological facility. An accidental release of anthrax spores in early April 1979 killed at least 68 people downwind (Meselson et al.). Soviet authorities blamed contaminated meat; Yeltsin was reported in May 1992 to have said &#x27;our military development was the cause&#x27;, though the post-Soviet government maintains the food explanation. Ken Alibek, former first deputy director of Biopreparat, defected in 1992 and described the Soviet offensive bioweapons programme run in breach of the 1972 Biological Weapons Convention. Pin at city level. Source: Wikipedia, Sverdlovsk anthrax leak; Ken Alibek.</p><p><a href="https://www.b0b.dev/report#XVI">View in report</a></p>]]></description><TimeStamp><when>1979-04-02</when></TimeStamp><Point><coordinates>60.6057,56.8389,0</coordinates></Point></Placemark><Placemark><name>Stasi Headquarters (Normannenstraße), Berlin</name><styleUrl>#t-surveillance</styleUrl><description><![CDATA[<p><b>Section XVI</b> &middot; surveillance</p><p>Ministry for State Security (MfS) headquarters, Lichtenberg. At its height 91,015 staff and about 174,000 unofficial informants (estimates up to 189,000). Officers shredded files as the GDR collapsed; on 15 January 1990 citizens occupied the building to stop the destruction. About 16,000 bags of shredded paper (roughly 45 million pages) are being reassembled by computer. Source: Wikipedia, Stasi.</p><p><a href="https://www.b0b.dev/report#XVI">View in report</a></p>]]></description><TimeStamp><when>1990-01-15</when></TimeStamp><Point><coordinates>13.4872,52.5147,0</coordinates></Point></Placemark><Placemark><name>Kamloops Indian Residential School, British Columbia</name><styleUrl>#t-blacksite</styleUrl><description><![CDATA[<p><b>Section XVI</b> &middot; blacksite</p><p>Kamloops Indian Residential School (opened 1890). In May 2021 the Tk&#x27;emlups te Secwepemc announced ground-penetrating radar results indicating about 200-215 probable unmarked burials in the orchard; the surveyor said only excavation could confirm human remains, and none has been reported. The NCTR documents 51 student deaths at the school. The residential school system (to 1996) took 150,000+ Indigenous children; the TRC (2015) found at least 4,100 died. Other 2021 GPR findings include Marieval (Cowessess First Nation, 751 graves). Source: Wikipedia, Kamloops Indian Residential School.</p><p><a href="https://www.b0b.dev/report#XVI">View in report</a></p>]]></description><TimeSpan><begin>2021-05-01</begin><end>2021-05-28</end></TimeSpan><Point><coordinates>-120.295,50.6797,0</coordinates></Point></Placemark><Placemark><name>Unit 731 Site, Pingfang District, Harbin, China</name><styleUrl>#t-blacksite</styleUrl><description><![CDATA[<p><b>Section XVI</b> &middot; blacksite</p><p>Imperial Japanese Army biological and chemical warfare unit at Pingfang (facility 1936-1945): vivisection, plague bomb tests, frostbite experiments; over 3,000 prisoners killed in the facility and an estimated 200,000-300,000 deaths from biological warfare in China. The US granted immunity to Shiro Ishii and other key members in exchange for research data; the USSR tried twelve members at Khabarovsk in 1949. The Japanese government has never officially acknowledged the programme, though a Tokyo court recognised it in 2002. Source: Wikipedia, Unit 731.</p><p><a href="https://www.b0b.dev/report#XVI">View in report</a></p>]]></description><TimeSpan><begin>1936-01-01</begin><end>1936-12-31</end></TimeSpan><Point><coordinates>126.644,45.6127,0</coordinates></Point></Placemark><Placemark><name>Roodeplaat Research Laboratories - Project Coast, Pretoria, South Africa</name><styleUrl>#t-blacksite</styleUrl><description><![CDATA[<p><b>Section XVI</b> &middot; blacksite</p><p>Apartheid-era chemical and biological weapons programme (formed 1983 after a 1981 order) led by Wouter Basson, run through front companies including Roodeplaat Research Laboratories. It produced poisons and covert delivery devices; TRC testimony described research into anti-fertility agents aimed at the Black population and attempts to contaminate water with cholera. Much material was destroyed in the early 1990s. Basson was acquitted in 2002. Pin approximate. Source: Wikipedia, Project Coast.</p><p><a href="https://www.b0b.dev/report#XVI">View in report</a></p>]]></description><TimeSpan><begin>1983-01-01</begin><end>1983-12-31</end></TimeSpan><Point><coordinates>28.35,-25.5906,0</coordinates></Point></Placemark><Placemark><name>In Ekker Nuclear Test Site, Algeria (French underground tests)</name><styleUrl>#t-military</styleUrl><description><![CDATA[<p><b>Section XVI</b> &middot; military</p><p>13 underground French nuclear tests (1961-1966). &#x27;Béryl&#x27; test (May 1, 1962) - containment failure caused radioactive cloud to irradiate soldiers and officials including ministers. Footage suppressed for decades. French military personnel ordered to walk through contaminated zone. Algerian independence (1962) did not stop French testing - they continued for 4 more years under treaty provision. The colony that gained independence but not sovereignty over its own soil.</p><p><a href="https://www.b0b.dev/report#XVI">View in report</a></p>]]></description><TimeStamp><when>1962-05-01</when></TimeStamp><Point><coordinates>5.05,24.05,0</coordinates></Point></Placemark><Placemark><name>Tiananmen Square, Beijing - June Fourth Suppression</name><styleUrl>#t-conflict</styleUrl><description><![CDATA[<p><b>Section XVI</b> &middot; conflict</p><p>4 June 1989: troops cleared Tiananmen Square and surrounding streets. Death toll unknown: estimates range from several hundred (US Ambassador Lilley; an NSA cable, 180-500) to about 1,000 (Amnesty), while a disputed British cable from Ambassador Alan Donald, released 2017, relayed a &#x27;minimum&#x27; of 10,000 from a single source. The event remains censored in China; the Tiananmen Mothers group has been suppressed. Source: Wikipedia, 1989 Tiananmen Square protests and massacre.</p><p><a href="https://www.b0b.dev/report#XVI">View in report</a></p>]]></description><TimeStamp><when>1989-06-04</when></TimeStamp><Point><coordinates>116.3976,39.9054,0</coordinates></Point></Placemark><Placemark><name>Spring Grove State Hospital, Catonsville, MD</name><styleUrl>#t-blacksite</styleUrl><description><![CDATA[<p><b>Section XVI</b> &middot; blacksite</p><p>Spring Grove Hospital Center, Catonsville, Maryland - founded 1797, the second-oldest continuously operating psychiatric hospital in the US. From 1963 to 1976 researchers including Stanislav Grof and Walter Pahnke gave LSD and other psychedelics to patients, including terminally ill cancer patients, in state and federally funded clinical research. No document links this research to the CIA&#x27;s MKUltra. Source: Wikipedia, Spring Grove Hospital Center.</p><p><a href="https://www.b0b.dev/report#XVI">View in report</a></p>]]></description><TimeSpan><begin>1963-01-01</begin><end>1963-12-31</end></TimeSpan><Point><coordinates>-76.7358,39.2724,0</coordinates></Point></Placemark><Placemark><name>St. Elizabeths Hospital, Washington D.C.</name><styleUrl>#t-blacksite</styleUrl><description><![CDATA[<p><b>Section XVI</b> &middot; blacksite</p><p>St. Elizabeths Hospital, opened 1855 as the Government Hospital for the Insane, the first federally operated psychiatric hospital in the US. Patients included John Hinckley Jr. (1982-2016) and Ezra Pound (1946-1958, found unfit to stand trial for treason). Walter Freeman was its director of laboratories before he developed the transorbital (&#x27;ice-pick&#x27;) lobotomy. The West Campus is now headquarters of the Department of Homeland Security and the Coast Guard. Source: Wikipedia, St. Elizabeths Hospital; Walter Jackson Freeman II.</p><p><a href="https://www.b0b.dev/report#XVI">View in report</a></p>]]></description><TimeSpan><begin>1855-01-01</begin><end>1855-12-31</end></TimeSpan><Point><coordinates>-76.974,38.849,0</coordinates></Point></Placemark><Placemark><name>New York State Psychiatric Institute, Manhattan</name><styleUrl>#t-blacksite</styleUrl><description><![CDATA[<p><b>Section XVI</b> &middot; blacksite</p><p>New York State Psychiatric Institute (Columbia University affiliate). Tennis professional Harold Blauer, admitted for depression in late 1952, died on 8 January 1953 after injections of a mescaline derivative (EA-1298, MDA) in an Army Chemical Corps-contracted experiment run by Paul Hoch and James Cattell. His family learned the truth only in 1975. Source: Wikipedia, Harold Blauer; MKUltra.</p><p><a href="https://www.b0b.dev/report#XVI">View in report</a></p>]]></description><TimeStamp><when>1953-01-08</when></TimeStamp><Point><coordinates>-73.942,40.8405,0</coordinates></Point></Placemark><Placemark><name>Oak Ridge - Penetanguishene Mental Health Centre, Ontario</name><styleUrl>#t-blacksite</styleUrl><description><![CDATA[<p><b>Section XVI</b> &middot; blacksite</p><p>Maximum security psychiatric facility. Dr. Elliott Barker&#x27;s &#x27;total encounter capsule&#x27; program (1960s-1970s): patients locked naked in a room together for weeks under LSD, forced to undergo &#x27;psychic driving&#x27; (borrowed from Cameron at Allan Memorial). Defense Research Board funded. Barker believed he could &#x27;cure&#x27; psychopathy through forced intimacy under hallucinogens. The experiment that used one MKUltra technique to treat the damage caused by another.</p><p><a href="https://www.b0b.dev/report#XVI">View in report</a></p>]]></description><TimeSpan><begin>1960-01-01</begin><end>1960-12-31</end></TimeSpan><Point><coordinates>-79.9294,44.8008,0</coordinates></Point></Placemark><Placemark><name>Bethlem Royal Hospital (Bedlam), London, UK</name><styleUrl>#t-blacksite</styleUrl><description><![CDATA[<p><b>Section XVI</b> &middot; blacksite</p><p>Bethlem Royal Hospital, founded 1247 as the Priory of St Mary of Bethlehem and among the oldest psychiatric institutions in Europe; its name gave English the word &#x27;bedlam&#x27;. In the 17th-18th centuries visitors paid to view patients. On its present Beckenham site since 1930. Source: Wikipedia, Bethlem Royal Hospital.</p><p><a href="https://www.b0b.dev/report#XVI">View in report</a></p>]]></description><TimeSpan><begin>1950-01-01</begin><end>1950-12-31</end></TimeSpan><Point><coordinates>-0.0294,51.3808,0</coordinates></Point></Placemark><Placemark><name>Chelmsford Private Hospital, Sydney, Australia</name><styleUrl>#t-blacksite</styleUrl><description><![CDATA[<p><b>Section XVI</b> &middot; blacksite</p><p>Chelmsford Private Hospital, Pennant Hills, Sydney. Harry Bailey&#x27;s deep sleep therapy (1963-1979): patients kept unconscious for days or weeks with barbiturates, often with ECT. Between 24 and 26 patients died at the hospital; the treatment has been linked to 85 deaths including 19 suicides. Bailey had observed Ewen Cameron&#x27;s and William Sargant&#x27;s methods on a WHO fellowship. He died by suicide in 1985 while facing committal proceedings; the Chelmsford Royal Commission followed. Source: Wikipedia, Harry Bailey; Deep sleep therapy.</p><p><a href="https://www.b0b.dev/report#XVI">View in report</a></p>]]></description><TimeSpan><begin>1963-01-01</begin><end>1963-12-31</end></TimeSpan><Point><coordinates>151.071,-33.738,0</coordinates></Point></Placemark><Placemark><name>Vipeholm Experiments - Lund, Sweden</name><styleUrl>#t-blacksite</styleUrl><description><![CDATA[<p><b>Section XVI</b> &middot; blacksite</p><p>Vipeholm Hospital, Lund (1945-1955): residents with intellectual disabilities were fed large amounts of sticky sweets to provoke tooth decay and study how carbohydrates cause cavities. The study was sponsored by the sugar industry and the dental community, with state involvement; its findings shaped Swedish advice on limiting sweets. Source: Wikipedia, Vipeholm experiments.</p><p><a href="https://www.b0b.dev/report#XVI">View in report</a></p>]]></description><TimeSpan><begin>1945-01-01</begin><end>1945-12-31</end></TimeSpan><Point><coordinates>13.1915,55.7045,0</coordinates></Point></Placemark><Placemark><name>Pavlov Institute of Physiology, St. Petersburg, Russia</name><styleUrl>#t-blacksite</styleUrl><description><![CDATA[<p><b>Section XVI</b> &middot; blacksite</p><p>Pavlov Institute of Physiology (Russian Academy of Sciences), St Petersburg - named for Ivan Pavlov, whose work on conditioned reflexes became foundational to behavioural science. Soviet punitive psychiatry is a separate history (see Serbsky Center).</p><p><a href="https://www.b0b.dev/report#XVI">View in report</a></p>]]></description><Point><coordinates>30.3218,59.9718,0</coordinates></Point></Placemark><Placemark><name>Serbsky State Scientific Center, Moscow, Russia</name><styleUrl>#t-blacksite</styleUrl><description><![CDATA[<p><b>Section XVI</b> &middot; blacksite</p><p>Serbsky Center, Moscow - the Soviet Union&#x27;s central forensic psychiatry institute and a centre of punitive psychiatry. Dissidents were diagnosed with &#x27;sluggish schizophrenia&#x27;, a diagnosis used almost only in Soviet psychiatry. Gen. Pyotr Grigorenko was declared insane there because he &#x27;was unshakably convinced of the rightness of his actions&#x27;. The number of political detainees committed is uncertain. Source: Wikipedia, Serbsky Center; Sluggish schizophrenia.</p><p><a href="https://www.b0b.dev/report#XVI">View in report</a></p>]]></description><TimeSpan><begin>1960-01-01</begin><end>1960-12-31</end></TimeSpan><Point><coordinates>37.5997,55.7256,0</coordinates></Point></Placemark><Placemark><name>Ankang Institutions - Beijing, China</name><styleUrl>#t-blacksite</styleUrl><description><![CDATA[<p><b>Section XVI</b> &middot; blacksite</p><p>Ankang (&#x27;Peace and Health&#x27;): China&#x27;s police-run forensic psychiatric hospitals, administered by the Ministry of Public Security. Robin Munro (Human Rights Watch / Geneva Initiative, 2002) documented the committal of political petitioners, Falun Gong practitioners and labour activists, with forced medication. About 20-25 Ankang facilities were reported. Pin approximate (Beijing). Source: Human Rights Watch, Dangerous Minds (2002).</p><p><a href="https://www.b0b.dev/report#XVI">View in report</a></p>]]></description><Point><coordinates>116.4,39.93,0</coordinates></Point></Placemark><Placemark><name>Vacaville - California Medical Facility</name><styleUrl>#t-blacksite</styleUrl><description><![CDATA[<p><b>Section XVI</b> &middot; blacksite</p><p>California Medical Facility, Vacaville - state prison medical facility. In the late 1960s inmates were reportedly given succinylcholine (Anectine), a paralytic that halts breathing while the subject is conscious, as &#x27;aversion therapy&#x27;. A CIA role is not established in the sources read. Source: Wikipedia, California Medical Facility; press reports.</p><p><a href="https://www.b0b.dev/report#XVI">View in report</a></p>]]></description><TimeSpan><begin>1960-01-01</begin><end>1960-12-31</end></TimeSpan><Point><coordinates>-121.971,38.3575,0</coordinates></Point></Placemark><Placemark><name>Tuol Sleng (S-21) Prison, Phnom Penh, Cambodia</name><styleUrl>#t-blacksite</styleUrl><description><![CDATA[<p><b>Section XVI</b> &middot; blacksite</p><p>A former high school converted by the Khmer Rouge into Security Prison 21 (S-21), the regime&#x27;s central interrogation and execution centre; an estimated 20,000 people were held there from 1976 to 1979 and only twelve known survivors are recorded. Now the Tuol Sleng Genocide Museum. Source: Wikipedia, Tuol Sleng Genocide Museum; United States Holocaust Memorial Museum.</p><p><a href="https://www.b0b.dev/report#XVI">View in report</a></p>]]></description><TimeSpan><begin>1976-01-01</begin><end>1976-12-31</end></TimeSpan><Point><coordinates>104.9176,11.5495,0</coordinates></Point></Placemark><Placemark><name>Automotores Orletti, Buenos Aires, Argentina</name><styleUrl>#t-blacksite</styleUrl><description><![CDATA[<p><b>Section XVI</b> &middot; blacksite</p><p>A former auto-repair garage in the Floresta neighbourhood used in 1976 by Argentina&#x27;s SIDE intelligence service as the main operational base of Operation Condor, the transnational plan to disappear dissidents; more than 300 people, many of them foreign nationals, were held there. Declared a national historic site in 2014. Source: Centro de Estudios Legales y Sociales (CELS), cels.org.ar; Plan Cóndor archive.</p><p><a href="https://www.b0b.dev/report#XVI">View in report</a></p>]]></description><TimeSpan><begin>1976-01-01</begin><end>1976-12-31</end></TimeSpan><Point><coordinates>-58.4778,-34.631,0</coordinates></Point></Placemark><Placemark><name>Holmesburg Prison, Philadelphia, USA</name><styleUrl>#t-blacksite</styleUrl><description><![CDATA[<p><b>Section XVI</b> &middot; blacksite</p><p>Between 1951 and 1974 University of Pennsylvania dermatologist Albert Kligman ran non-therapeutic experiments on inmates, most of them Black, exposing them to viruses, skin-blistering chemicals, radioactive isotopes, psychoactive drugs and dioxin, with sponsors including Dow Chemical and the US Army. Philadelphia formally apologised in 2022. Source: Wikipedia, Holmesburg Prison; Philadelphia Inquirer (Oct. 6, 2022).</p><p><a href="https://www.b0b.dev/report#XVI">View in report</a></p>]]></description><TimeSpan><begin>1951-01-01</begin><end>1951-12-31</end></TimeSpan><Point><coordinates>-75.0188,40.0371,0</coordinates></Point></Placemark><Placemark><name>Evin Prison, Tehran, Iran</name><styleUrl>#t-blacksite</styleUrl><description><![CDATA[<p><b>Section XVI</b> &middot; blacksite</p><p>Iran&#x27;s most notorious prison, at the foot of the Alborz Mountains in northwestern Tehran, holding activists, journalists and dual nationals; its Ward 209 is controlled directly by the Ministry of Intelligence and documented by Human Rights Watch for prolonged solitary confinement and &#x27;white torture.&#x27; Source: Human Rights Watch, &#x27;Like the Dead in Their Coffins&#x27; (2004); Wikipedia / Evin Prison.</p><p><a href="https://www.b0b.dev/report#XVI">View in report</a></p>]]></description><Point><coordinates>51.3841,35.7961,0</coordinates></Point></Placemark><Placemark><name>Bagram Theater Internment Facility / &#x27;Black Jail&#x27;, Afghanistan</name><styleUrl>#t-blacksite</styleUrl><description><![CDATA[<p><b>Section XVI</b> &middot; blacksite</p><p>The main U.S. detention site in Afghanistan, alongside a separate DIA/special-operations &#x27;Black Jail&#x27;; a 2005 Army report obtained by the New York Times documented the 2002 homicides of detainees Habibullah and Dilawar, who were chained and beaten to death, with autopsies describing leg trauma comparable to being run over by a bus. Source: New York Times / Army CID report (2005); Wikipedia, &#x27;Bagram torture and prisoner abuse&#x27;.</p><p><a href="https://www.b0b.dev/report#XVI">View in report</a></p>]]></description><TimeSpan><begin>2002-12-01</begin><end>2002-12-28</end></TimeSpan><Point><coordinates>69.2765,34.9391,0</coordinates></Point></Placemark><Placemark><name>Saydnaya Military Prison, Syria</name><styleUrl>#t-blacksite</styleUrl><description><![CDATA[<p><b>Section XVI</b> &middot; blacksite</p><p>Saydnaya military prison, about 30 km north of Damascus, where Amnesty International estimated 5,000-13,000 detainees were extrajudicially hanged between September 2011 and December 2015, calling it a &#x27;human slaughterhouse&#x27;; groups of up to 50 at a time were taken from their cells for hanging. Opened by opposition forces on 8 December 2024. Source: Amnesty International (2017), via Wikipedia, Saydnaya Prison.</p><p><a href="https://www.b0b.dev/report#XVI">View in report</a></p>]]></description><TimeSpan><begin>2011-09-01</begin><end>2011-09-28</end></TimeSpan><Point><coordinates>36.3286,33.665,0</coordinates></Point></Placemark><Placemark><name>Villa Grimaldi (Cuartel Terranova), Santiago, Chile</name><styleUrl>#t-blacksite</styleUrl><description><![CDATA[<p><b>Section XVI</b> &middot; blacksite</p><p>A former estate in Peñalolén that Pinochet&#x27;s secret police (DINA) ran as its most important Santiago torture center from 1974 to 1978; about 4,500 detainees passed through and at least 240 were killed or &#x27;disappeared.&#x27; It is now the Parque por la Paz memorial. Source: Wikipedia / Villa Grimaldi Peace Park; Plan Cóndor archive, plancondor.org.</p><p><a href="https://www.b0b.dev/report#XVI">View in report</a></p>]]></description><TimeSpan><begin>1974-01-01</begin><end>1974-12-31</end></TimeSpan><Point><coordinates>-70.5423,-33.463,0</coordinates></Point></Placemark><Placemark><name>Willowbrook State School, Staten Island, USA</name><styleUrl>#t-blacksite</styleUrl><description><![CDATA[<p><b>Section XVI</b> &middot; blacksite</p><p>State institution for children with intellectual disabilities (1947-1987). From 1956 to 1971 NYU&#x27;s Saul Krugman, with Yale&#x27;s Robert McCollum, deliberately infected resident children with hepatitis to study the disease and gamma globulin; parents&#x27; admission of children was reportedly tied to consent. Geraldo Rivera&#x27;s 1972 exposé brought national infamy; the institution closed in 1987. Source: Wikipedia, Willowbrook State School; C. Elliott, New York Review of Books (Nov. 21, 2024).</p><p><a href="https://www.b0b.dev/report#XVI">View in report</a></p>]]></description><TimeSpan><begin>1956-01-01</begin><end>1956-12-31</end></TimeSpan><Point><coordinates>-74.1509,40.5965,0</coordinates></Point></Placemark><Placemark><name>Kaechon Internment Camp (Camp 14), North Korea</name><styleUrl>#t-blacksite</styleUrl><description><![CDATA[<p><b>Section XVI</b> &middot; blacksite</p><p>A roughly 155-square-kilometre &#x27;total control zone&#x27; political prison on the north bank of the Taedong River, near Kaechon, South Pyongan, holding an estimated 15,000 prisoners for life; a UN Commission of Inquiry found extermination, enslavement and torture in North Korea&#x27;s political prison camps. Tracked via satellite imagery by HRNK. Source: HRNK, &#x27;North Korea Imagery Analysis of Camp 14&#x27;; Wikipedia, Kaechon internment camp.</p><p><a href="https://www.b0b.dev/report#XVI">View in report</a></p>]]></description><Point><coordinates>126.0556,39.5711,0</coordinates></Point></Placemark><Placemark><name>Tazmamart Secret Prison, Morocco</name><styleUrl>#t-blacksite</styleUrl><description><![CDATA[<p><b>Section XVI</b> &middot; blacksite</p><p>Secret desert prison in southeastern Morocco, built in 1972 after the 1971 and 1972 coup attempts against King Hassan II. 58 army officers were held in windowless cells for 18 years; 35 died before the prison was closed in 1991 under international pressure. Source: Wikipedia, Tazmamart; ICRC Missing Persons Platform.</p><p><a href="https://www.b0b.dev/report#XVI">View in report</a></p>]]></description><TimeSpan><begin>1972-01-01</begin><end>1972-12-31</end></TimeSpan><Point><coordinates>-4.3375,32.2761,0</coordinates></Point></Placemark><Placemark><name>Arlington Hall Station, Arlington, Virginia</name><styleUrl>#t-surveillance</styleUrl><description><![CDATA[<p><b>Section XVI</b> &middot; surveillance</p><p>FOIA-SOURCED (NSA reading room, read 18 Aug 2026). Arlington Hall - a former girls&#x27; school seized under wartime powers in 1942 - was the headquarters of NSA&#x27;s predecessors, the Army Security Agency and the Armed Forces Security Agency, until the move to Fort Meade in the 1950s. It is where the VENONA decryption effort against Soviet cable traffic was run. NSA has declassified over 800 photographs of the site covering the mid-1940s to mid-1950s, with a downloadable photo index, and solicits public help identifying people in them. The campus now houses the State Department&#x27;s Foreign Service Institute and an Army National Guard facility. Source: NSA Historical Releases - Arlington Hall collection.</p><p><a href="https://www.b0b.dev/report#XVI">View in report</a></p>]]></description><TimeSpan><begin>1942-01-01</begin><end>1942-12-31</end></TimeSpan><Point><coordinates>-77.10367,38.86762,0</coordinates></Point></Placemark><Placemark><name>USS Liberty (AGTR-5) attack position, off Sinai</name><styleUrl>#t-military</styleUrl><description><![CDATA[<p><b>Section XVI</b> &middot; military</p><p>8 June 1967 (position approximate). FOIA-SOURCED (NSA reading room, read 18 Aug 2026). The USS Liberty, a US Navy signals-intelligence ship, was attacked by Israeli aircraft and torpedo boats in international waters during the Six-Day War; 34 Americans were killed and about 171 wounded. NSA&#x27;s declassified collection runs to 17 pages of material - attack reports, situation summaries, operational orders and authorisation memos, an &#x27;Aftermath of Israeli Attack on USS Liberty, 22 June 1967&#x27; report, and contemporaneous press coverage from 11 and 17 June. TIER: the attack, the casualties and the documents are documented; whether the attack was deliberate or a misidentification remains disputed between the US and Israeli official accounts and this map does not settle it. Source: NSA Historical Releases - USS Liberty collection.</p><p><a href="https://www.b0b.dev/report#XVI">View in report</a></p>]]></description><TimeStamp><when>1967-06-08</when></TimeStamp><Point><coordinates>33.383,31.383,0</coordinates></Point></Placemark><Placemark><name>USS Pueblo (AGER-2) seizure position, off Wonsan</name><styleUrl>#t-military</styleUrl><description><![CDATA[<p><b>Section XVI</b> &middot; military</p><p>23 January 1968 (position approximate). FOIA-SOURCED (NSA reading room, read 18 Aug 2026). North Korean forces seized the US signals-intelligence ship USS Pueblo off the east coast of Korea; one crewman was killed and 82 were held for eleven months. NSA released 19 pages of material in July 2021, including &#x27;Lessons Learned&#x27; reports comparing the Pueblo and EC-121 incidents, NSA response and action reports, cryptologic-impact assessments, SIGINT reflections covering 23-26 January 1968, and documentation of attempts to recover the material lost with the ship. The Pueblo is still held by North Korea and is moored in Pyongyang as a museum - the only commissioned US Navy vessel in foreign captivity. Source: NSA Historical Releases - USS Pueblo collection.</p><p><a href="https://www.b0b.dev/report#XVI">View in report</a></p>]]></description><TimeStamp><when>1968-01-23</when></TimeStamp><Point><coordinates>127.9,39.42,0</coordinates></Point></Placemark><Placemark><name>C-130 60528 shootdown site, Sasnashen, Soviet Armenia</name><styleUrl>#t-military</styleUrl><description><![CDATA[<p><b>Section XVI</b> &middot; military</p><p>2 September 1958. FOIA-SOURCED (NSA reading room, read 18 Aug 2026). Soviet MiG-17 pilots shot down a US Air Force reconnaissance-configured C-130 over Soviet Armenia; all 17 crew were lost. NSA released roughly 13 documents in July 2021 - incident reports, Russian-language intercept transcripts with translations of the fighter pilots&#x27; own radio traffic during the engagement, audio files, crew and casualty records, and a survey of reconnaissance incidents 1949-1960. The intercepted cockpit traffic is the reason this case is unusual: the shootdown is documented from inside the attacking formation&#x27;s own communications. Source: NSA Historical Releases - C130 Shootdown collection.</p><p><a href="https://www.b0b.dev/report#XVI">View in report</a></p>]]></description><TimeStamp><when>1958-09-02</when></TimeStamp><Point><coordinates>43.9921,40.35703,0</coordinates></Point></Placemark><Placemark><name>Bigelow Aerospace / BAASS, North Las Vegas, Nevada</name><styleUrl>#t-corporate</styleUrl><description><![CDATA[<p><b>Section XVI</b> &middot; corporate</p><p>FOIA-SOURCED (DIA reading room; contract-status PDF text extracted directly, 18 Aug 2026). Bigelow Aerospace Advanced Space Studies (BAASS) held DIA aerospace contract HHM402-08-C-0072 under the Advanced Aerospace Weapon System Applications Program (AAWSAP/AATIP). DIA&#x27;s own status brief records: performance &#x27;has been excellent and they are in full compliance&#x27;; 12 project management plans and 26 detailed research reports delivered by 30 June 2009 - &#x27;twice minimum requirement&#x27;; &#x27;$12 million for the continuation of this contract by DIA/DI has been submitted in the FY10 defense budget&#x27;; the contracting officer extended the contract to 30 September at no additional cost, and BAASS indicated willingness to operate &#x27;at risk&#x27; in option year 1 until FY10 funds arrived. Deliverable titles include Warp Drives, Wormholes in Space Time, Antigravity Studies, Metamaterials and Invisibility, Brain-Machine Interfaces, and Field Effects on Biological Tissues; one author organisation survives redaction as Sandia. Redactions are marked (b)(3):10 USC 424, the statute shielding DIA organisational detail. TIER: the contract, the money and the report titles are documented in DIA&#x27;s own release; the existence of recovered craft is NOT documented by any of it. Source: DIA FOIA reading room, AAWSAP/AATIP collection, Aerospace_Contract_Status_Bigelow_Aerospace_Advanced_Space_Studies.pdf.</p><p><a href="https://www.b0b.dev/report#XVI">View in report</a></p>]]></description><TimeStamp><when>2009-06-30</when></TimeStamp><Point><coordinates>-115.16721,36.2119,0</coordinates></Point></Placemark><Placemark><name>Defense Intelligence Agency HQ, Joint Base Anacostia-Bolling, DC</name><styleUrl>#t-military</styleUrl><description><![CDATA[<p><b>Section XVI</b> &middot; military</p><p>FOIA-SOURCED (DIA reading room, read 18 Aug 2026). DIA headquarters, and the agency whose electronic reading room holds the AAWSAP/AATIP collection: 53 released items covering the Bigelow contract chain and 37 Defense Intelligence Reference Documents on subjects from inertial electrostatic confinement fusion to traversable wormholes. The collection also holds the paper trail of Senator Harry Reid&#x27;s interest - memos on his visit to DIA, and his letter to the Deputy Secretary of Defense seeking Special Access Program status for the effort, which was reviewed and, per the same file series, not granted in the form requested. Other DIA reading-room collections indexed the same day: Unidentified Anomalous Phenomena, POWs/MIA/Detainees, Weapons Development and Proliferation, China Mission Group, and annual FOIA request logs 2001-2023. Source: DIA FOIA Electronic Reading Room.</p><p><a href="https://www.b0b.dev/report#XVI">View in report</a></p>]]></description><TimeSpan><begin>2009-01-01</begin><end>2009-12-31</end></TimeSpan><Point><coordinates>-77.01588,38.84268,0</coordinates></Point></Placemark></Folder><Folder><name>Section XVII (35)</name><open>0</open><Placemark><name>Mena, Arkansas - CIA Cocaine Transshipment</name><styleUrl>#t-organized-crime</styleUrl><description><![CDATA[<p><b>Section XVII</b> &middot; organized-crime</p><p>Barry Seal&#x27;s base of operations. Seal, a Medellin cartel smuggler turned DEA informant, based aircraft at Mena&#x27;s Intermountain airport; a 2020-released FBI/State Police/IRS document records smuggling activity there 1980-84. CIA ties are alleged, not documented. Murdered by cartel gunmen in Baton Rouge, 19 Feb 1986. State Police investigator Russell Welch said he was later infected with anthrax (his account).</p><p><a href="https://www.b0b.dev/report#XVII">View in report</a></p>]]></description><TimeStamp><when>1986-02-19</when></TimeStamp><Point><coordinates>-94.2394,34.5862,0</coordinates></Point></Placemark><Placemark><name>Ilopango Air Base, El Salvador</name><styleUrl>#t-organized-crime</styleUrl><description><![CDATA[<p><b>Section XVII</b> &middot; organized-crime</p><p>Base of the Contra arms-resupply network (documented); allegations that return flights carried cocaine come from DEA agent Celerino Castillo (attributed). Oliver North&#x27;s notebooks reference the operation. Kerry Committee (13 Apr 1989): &quot;substantial evidence of drug smuggling&quot; by individual Contras, their suppliers and pilots, and State Department payments to traffickers - not a finding of policy.</p><p><a href="https://www.b0b.dev/report#XVII">View in report</a></p>]]></description><TimeSpan><begin>1989-01-01</begin><end>1989-12-31</end></TimeSpan><Point><coordinates>-89.1199,13.6995,0</coordinates></Point></Placemark><Placemark><name>Culiacán, Sinaloa, Mexico - Cartel HQ</name><styleUrl>#t-organized-crime</styleUrl><description><![CDATA[<p><b>Section XVII</b> &middot; organized-crime</p><p>Sinaloa Cartel headquarters. Jesús Vicente Zambada-Niebla claimed in 2011 court filings that the cartel had an immunity-for-intelligence agreement with DEA; DEA denied it (claim, not established). El Chapo escaped twice (2001, 2015) - the 2015 Altiplano escape ran through a mile-long tunnel with a motorcycle on rails, GPS-tracked to within inches of his cell. The tunnels reach into maximum-security prisons, not just across the border.</p><p><a href="https://www.b0b.dev/report#XVII">View in report</a></p>]]></description><TimeSpan><begin>2011-01-01</begin><end>2011-12-31</end></TimeSpan><Point><coordinates>-107.394,24.8094,0</coordinates></Point></Placemark><Placemark><name>Otay Mesa, California - Cartel Tunnel</name><styleUrl>#t-organized-crime</styleUrl><description><![CDATA[<p><b>Section XVII</b> &middot; organized-crime</p><p>Major tunnel corridor between Tijuana and San Diego; the longest found on the Southwest border (4,309 ft, with rail, ventilation and an elevator) ended in an Otay Mesa warehouse district (announced Jan 2020). Sinaloa Cartel operated sophisticated drug tunnels with rail systems, ventilation, and electricity. Distribution hub connecting Mexican production to U.S. market.</p><p><a href="https://www.b0b.dev/report#XVII">View in report</a></p>]]></description><Point><coordinates>-116.9386,32.5547,0</coordinates></Point></Placemark><Placemark><name>Chicago, Illinois - Sinaloa Distribution Hub</name><styleUrl>#t-organized-crime</styleUrl><description><![CDATA[<p><b>Section XVII</b> &middot; organized-crime</p><p>DEA identified Chicago as the primary Sinaloa Cartel distribution hub in the United States. The cartel used Chicago as a central node to supply cocaine, heroin, and methamphetamine to the entire eastern seaboard and Midwest.</p><p><a href="https://www.b0b.dev/report#XVII">View in report</a></p>]]></description><Point><coordinates>-87.6298,41.8781,0</coordinates></Point></Placemark><Placemark><name>Arezzo, Italy - P2 Lodge / Villa Wanda</name><styleUrl>#t-organized-crime</styleUrl><description><![CDATA[<p><b>Section XVII</b> &middot; organized-crime</p><p>Licio Gelli&#x27;s Villa Wanda - headquarters of Propaganda Due (P2) Masonic lodge. 962 members including 44 parliamentarians, military commanders, intelligence chiefs, financiers, media editors. Gelli&#x27;s &#x27;Plan of Democratic Rebirth&#x27; - a 53-point manifesto for authoritarian capture of Italian democracy through media control, judicial infiltration, and constitutional amendment.</p><p><a href="https://www.b0b.dev/report#XVII">View in report</a></p>]]></description><Point><coordinates>11.8781,43.4633,0</coordinates></Point></Placemark><Placemark><name>Milan, Italy - Banco Ambrosiano</name><styleUrl>#t-organized-crime</styleUrl><description><![CDATA[<p><b>Section XVII</b> &middot; organized-crime</p><p>Banco Ambrosiano headquarters. Italy&#x27;s largest private bank collapsed in 1982 with a $1.287 billion hole. Chairman Roberto Calvi found hanged under Blackfriars Bridge, London. Vatican Bank (IOR) was the principal shareholder. Calvi was a member of Gelli&#x27;s P2 lodge.</p><p><a href="https://www.b0b.dev/report#XVII">View in report</a></p>]]></description><TimeSpan><begin>1982-01-01</begin><end>1982-12-31</end></TimeSpan><Point><coordinates>9.19,45.4642,0</coordinates></Point></Placemark><Placemark><name>Blackfriars Bridge, London - Calvi Murder</name><styleUrl>#t-organized-crime</styleUrl><description><![CDATA[<p><b>Section XVII</b> &middot; organized-crime</p><p>Roberto Calvi - &#x27;God&#x27;s Banker&#x27; - found hanging under Blackfriars Bridge, June 18, 1982. Pockets filled with bricks and cash. First inquest: suicide (1982); second: open verdict (1983); a 2002 forensic report found murder, police reopened it as murder (2003), and a Rome court (2007) found murder but acquitted all five accused.</p><p><a href="https://www.b0b.dev/report#XVII">View in report</a></p>]]></description><TimeStamp><when>1982-06-18</when></TimeStamp><Point><coordinates>-0.1036,51.5106,0</coordinates></Point></Placemark><Placemark><name>Reggio Calabria, Italy - &#x27;Ndrangheta HQ</name><styleUrl>#t-organized-crime</styleUrl><description><![CDATA[<p><b>Section XVII</b> &middot; organized-crime</p><p>&#x27;Ndrangheta homeland. Estimated revenue €44-53 billion/year - 3% of Italian GDP. Italian investigators have estimated 80% of Europe&#x27;s cocaine transits Gioia Tauro under its control; EMCDDA/Europol name Iberia as the primary entry point. Decentralized &#x27;ndrine (family clans) make it nearly impossible to dismantle. Global operations in 30+ countries.</p><p><a href="https://www.b0b.dev/report#XVII">View in report</a></p>]]></description><Point><coordinates>15.6501,38.1147,0</coordinates></Point></Placemark><Placemark><name>Gioia Tauro, Italy - &#x27;Ndrangheta Port</name><styleUrl>#t-organized-crime</styleUrl><description><![CDATA[<p><b>Section XVII</b> &middot; organized-crime</p><p>Calabrian port infiltrated by the &#x27;Ndrangheta. Primary cocaine entry point for European distribution. Italy&#x27;s largest container port (6th in the Mediterranean), used as a logistics hub for narcotics trafficking.</p><p><a href="https://www.b0b.dev/report#XVII">View in report</a></p>]]></description><Point><coordinates>15.8983,38.4262,0</coordinates></Point></Placemark><Placemark><name>San Luca, Italy - &#x27;Ndrangheta Origin</name><styleUrl>#t-organized-crime</styleUrl><description><![CDATA[<p><b>Section XVII</b> &middot; organized-crime</p><p>Spiritual and organizational homeland of the &#x27;Ndrangheta. Annual pilgrimage to the Sanctuary of Our Lady of Polsi serves as the organization&#x27;s annual meeting for strategic decisions. Duisburg massacre (2007) - six &#x27;Ndrangheta members killed in Germany - originated from a San Luca clan feud.</p><p><a href="https://www.b0b.dev/report#XVII">View in report</a></p>]]></description><TimeSpan><begin>2007-01-01</begin><end>2007-12-31</end></TimeSpan><Point><coordinates>16.0719,38.1475,0</coordinates></Point></Placemark><Placemark><name>Duisburg, Germany - &#x27;Ndrangheta Massacre</name><styleUrl>#t-organized-crime</styleUrl><description><![CDATA[<p><b>Section XVII</b> &middot; organized-crime</p><p>August 15, 2007: six Italian men aged 16-38, tied to one side of the San Luca feud, shot dead outside Da Bruno restaurant. The massacre exposed &#x27;Ndrangheta&#x27;s deep presence in Germany and broader European operations. Led to increased European law enforcement focus on Calabrian organized crime.</p><p><a href="https://www.b0b.dev/report#XVII">View in report</a></p>]]></description><TimeStamp><when>2007-08-15</when></TimeStamp><Point><coordinates>6.7623,51.4344,0</coordinates></Point></Placemark><Placemark><name>Rotterdam, Netherlands - Cocaine Port</name><styleUrl>#t-organized-crime</styleUrl><description><![CDATA[<p><b>Section XVII</b> &middot; organized-crime</p><p>Europe&#x27;s largest port. Primary &#x27;Ndrangheta cocaine entry point for Northern Europe. Seizures fell from 45.5 tons (2023) to 25.9 tons (2024); authorities have estimated they intercept only a fraction of the flow (attributed).</p><p><a href="https://www.b0b.dev/report#XVII">View in report</a></p>]]></description><Point><coordinates>4.4777,51.9244,0</coordinates></Point></Placemark><Placemark><name>Antwerp, Belgium - Cocaine Port</name><styleUrl>#t-organized-crime</styleUrl><description><![CDATA[<p><b>Section XVII</b> &middot; organized-crime</p><p>Europe&#x27;s second-largest port. Massive cocaine transshipment hub, often exceeding Rotterdam in seizure volumes. &#x27;Ndrangheta and Albanian organized crime networks coordinate distribution through the port.</p><p><a href="https://www.b0b.dev/report#XVII">View in report</a></p>]]></description><Point><coordinates>4.4025,51.2194,0</coordinates></Point></Placemark><Placemark><name>HSBC HQ, London - Cartel Laundering</name><styleUrl>#t-organized-crime</styleUrl><description><![CDATA[<p><b>Section XVII</b> &middot; organized-crime</p><p>HSBC fined $1.9 billion (2012) for laundering $881 million for Sinaloa and Norte del Valle cartels. Its US arm failed to monitor more than $670 billion in wire transfers from HSBC Mexico. No criminal charges against any individual. The fine was reported as roughly five weeks of profit (press estimate).</p><p><a href="https://www.b0b.dev/report#XVII">View in report</a></p>]]></description><TimeSpan><begin>2012-01-01</begin><end>2012-12-31</end></TimeSpan><Point><coordinates>-0.0194,51.5047,0</coordinates></Point></Placemark><Placemark><name>Luxembourg - BCCI</name><styleUrl>#t-organized-crime</styleUrl><description><![CDATA[<p><b>Section XVII</b> &middot; organized-crime</p><p>BCCI (Bank of Credit and Commerce International), registered in Luxembourg - shut down in 1991 for massive fraud and laundering. The CIA held several accounts there and in 1991 admitted it knew of its drug laundering. Laundered for Medellín Cartel, Noriega, Abu Nidal, and nuclear proliferation networks. Founded 1972, collapsed 1991.</p><p><a href="https://www.b0b.dev/report#XVII">View in report</a></p>]]></description><TimeSpan><begin>1972-01-01</begin><end>1972-12-31</end></TimeSpan><Point><coordinates>6.13,49.6117,0</coordinates></Point></Placemark><Placemark><name>São Paulo, Brazil - PCC-&#x27;Ndrangheta Nexus</name><styleUrl>#t-organized-crime</styleUrl><description><![CDATA[<p><b>Section XVII</b> &middot; organized-crime</p><p>Primeiro Comando da Capital (PCC) alliance with &#x27;Ndrangheta - cocaine flows from Andean production through Brazilian ports to Calabrian distribution networks in Europe. São Paulo serves as the logistics and financial coordination hub.</p><p><a href="https://www.b0b.dev/report#XVII">View in report</a></p>]]></description><Point><coordinates>-46.6333,-23.5505,0</coordinates></Point></Placemark><Placemark><name>Bologna, Italy - Strategy of Tension</name><styleUrl>#t-organized-crime</styleUrl><description><![CDATA[<p><b>Section XVII</b> &middot; organized-crime</p><p>August 2, 1980: Bologna train station bombing - 85 dead, 200+ wounded. NAR neo-fascists convicted; 2020s Bologna proceedings named P2 head Licio Gelli among the instigators. Vincenzo Vinciguerra (neo-fascist, serving life for the 1972 Peteano bombing) testified that NATO stay-behind networks organized false flag attacks to blame the left and justify authoritarian state responses.</p><p><a href="https://www.b0b.dev/report#XVII">View in report</a></p>]]></description><TimeStamp><when>1980-08-02</when></TimeStamp><Point><coordinates>11.3429,44.506,0</coordinates></Point></Placemark><Placemark><name>Managua, Nicaragua - Dual-Funding</name><styleUrl>#t-organized-crime</styleUrl><description><![CDATA[<p><b>Section XVII</b> &middot; organized-crime</p><p>Banco Ambrosiano funded both the Somoza dictatorship and its Sandinista opposition - the same bank on both sides. Separately, an Ambrosiano subsidiary financed an attempted Exocet purchase for Argentina during the Falklands War; no link between the two is documented.</p><p><a href="https://www.b0b.dev/report#XVII">View in report</a></p>]]></description><Point><coordinates>-86.2362,12.115,0</coordinates></Point></Placemark><Placemark><name>Medellín, Colombia - CENTRA SPIKE / ISA</name><styleUrl>#t-organized-crime</styleUrl><description><![CDATA[<p><b>Section XVII</b> &middot; organized-crime</p><p>ISA (Intelligence Support Activity) operation CENTRA SPIKE tracked Pablo Escobar using signals intelligence.</p><p><a href="https://www.b0b.dev/report#XVII">View in report</a></p>]]></description><Point><coordinates>-75.5658,6.2476,0</coordinates></Point></Placemark><Placemark><name>Nogales, Arizona-Sonora - Tunnel Corridor</name><styleUrl>#t-organized-crime</styleUrl><description><![CDATA[<p><b>Section XVII</b> &middot; organized-crime</p><p>Major narco-tunnel corridor. 130+ tunnels discovered since 1990. Storm drain system exploited for smuggling. Sinaloa and CJNG cartels. The tunnels they find and the tunnels they don&#x27;t - border infrastructure as smuggling infrastructure.</p><p><a href="https://www.b0b.dev/report#XVII">View in report</a></p>]]></description><TimeSpan><begin>1990-01-01</begin><end>1990-12-31</end></TimeSpan><Point><coordinates>-110.94,31.34,0</coordinates></Point></Placemark><Placemark><name>San Luis, Arizona - Tunnel Zone</name><styleUrl>#t-organized-crime</styleUrl><description><![CDATA[<p><b>Section XVII</b> &middot; organized-crime</p><p>Cross-border tunnel zone on the Arizona-Sonora line. The 4,309-ft record tunnel (announced Jan 2020) ran from Tijuana to Otay Mesa, California, not here.</p><p><a href="https://www.b0b.dev/report#XVII">View in report</a></p>]]></description><Point><coordinates>-114.7822,32.4869,0</coordinates></Point></Placemark><Placemark><name>Narco-Submarines - Pacific Coast, Colombia</name><styleUrl>#t-organized-crime</styleUrl><description><![CDATA[<p><b>Section XVII</b> &middot; organized-crime</p><p>Semi-submersible and fully submersible vessels built in jungle workshops. Several tonnes of cocaine per trip is typical; the largest known load was 7.7 tonnes (2015). The cartels reverse-engineered submarine technology in the jungle.</p><p><a href="https://www.b0b.dev/report#XVII">View in report</a></p>]]></description><Point><coordinates>-78.76,2.44,0</coordinates></Point></Placemark><Placemark><name>Toncontin Airport, Tegucigalpa, Honduras</name><styleUrl>#t-airport</styleUrl><description><![CDATA[<p><b>Section XVII</b> &middot; airport</p><p>One of world&#x27;s most dangerous airports - mountain approach, short runway. International flights moved to Palmerola in Nov 2021. Honduras: among the highest murder rates in the world after the 2009 coup (U.S. response contested; Washington called it illegal but never formally designated it a coup). Drug trafficking corridor. The dangerous airport in the dangerous country at the center of the narco-state pipeline.</p><p><a href="https://www.b0b.dev/report#XVII">View in report</a></p>]]></description><TimeSpan><begin>2009-01-01</begin><end>2009-12-31</end></TimeSpan><Point><coordinates>-87.2173,14.0611,0</coordinates></Point></Placemark><Placemark><name>Mena Intermountain Airport, Arkansas</name><styleUrl>#t-airport</styleUrl><description><![CDATA[<p><b>Section XVII</b> &middot; airport</p><p>Barry Seal&#x27;s aircraft maintenance base; a 2020-released FBI/State Police/IRS document records smuggling activity here 1980-84. CIA ties are alleged, not documented.</p><p><a href="https://www.b0b.dev/report#XVII">View in report</a></p>]]></description><Point><coordinates>-94.2025,34.545,0</coordinates></Point></Placemark><Placemark><name>Le Vele di Scampia - Camorra Drug Market, Naples</name><styleUrl>#t-organized-crime</styleUrl><description><![CDATA[<p><b>Section XVII</b> &middot; organized-crime</p><p>The sail-shaped &#x27;Vele&#x27; housing blocks in Scampia, built 1962–1975, became one of Europe&#x27;s largest open-air drug markets under the Camorra and the setting for Roberto Saviano&#x27;s 2006 book and the series &#x27;Gomorrah.&#x27; The 2004–2005 Scampia feud between the Di Lauro clan and breakaway &#x27;Scissionisti&#x27; killed dozens; authorities have estimated the Scampia–Secondigliano narcotics trade at around 100 million euros a year. Source: BBC News (bbc.co.uk), &#x27;Naples beefs up anti-mafia forces&#x27;; France 24 (france24.com), &#x27;After Gomorrah,&#x27; 2020.</p><p><a href="https://www.b0b.dev/report#XVII">View in report</a></p>]]></description><TimeSpan><begin>1962-01-01</begin><end>1962-12-31</end></TimeSpan><Point><coordinates>14.2397,40.8984,0</coordinates></Point></Placemark><Placemark><name>Sun Yee On Triad Ground - Tsim Sha Tsui, Hong Kong</name><styleUrl>#t-organized-crime</styleUrl><description><![CDATA[<p><b>Section XVII</b> &middot; organized-crime</p><p>Sun Yee On, founded 1919 and traced to the earlier &#x27;Yee On&#x27; Chiu Chow trade association, is regarded as the largest triad society in the world, with estimates exceeding 55,000 members. Its influence has long been concentrated in the entertainment and nightlife districts of Tsim Sha Tsui in Kowloon, spanning extortion, loan-sharking, counterfeiting and narcotics. Source: Grey Dynamics (greydynamics.com), &#x27;Organised Crime: The Sun Yee On Triad&#x27;; Wikipedia, &#x27;Sun Yee On&#x27;.</p><p><a href="https://www.b0b.dev/report#XVII">View in report</a></p>]]></description><TimeSpan><begin>1919-01-01</begin><end>1919-12-31</end></TimeSpan><Point><coordinates>114.1741,22.2989,0</coordinates></Point></Placemark><Placemark><name>Cali - Cali Cartel Stronghold, Colombia</name><styleUrl>#t-organized-crime</styleUrl><description><![CDATA[<p><b>Section XVII</b> &middot; organized-crime</p><p>The Cali Cartel, run 1975–1995 by brothers Gilberto and Miguel Rodríguez Orejuela with José Santacruz Londoño and Hélmer Herrera, was headquartered in Cali in the Valle del Cauca and at its peak was cited as controlling some 80% of the cocaine market (estimate). It laundered profits through legitimate fronts such as the Drogas La Rebaja pharmacy chain before its leadership was dismantled in the mid-1990s. Source: InSight Crime (insightcrime.org), &#x27;Gilberto Rodríguez Orejuela, alias The Chess Player&#x27;; TIME (time.com), &#x27;The Cali Cartel: New Kings of Coke&#x27;.</p><p><a href="https://www.b0b.dev/report#XVII">View in report</a></p>]]></description><TimeSpan><begin>1975-01-01</begin><end>1975-12-31</end></TimeSpan><Point><coordinates>-76.5812,3.4108,0</coordinates></Point></Placemark><Placemark><name>Guadalajara - CJNG Base of Operations, Mexico</name><styleUrl>#t-organized-crime</styleUrl><description><![CDATA[<p><b>Section XVII</b> &middot; organized-crime</p><p>Guadalajara, capital of Jalisco, is the operational base of the Cartel Jalisco Nueva Generación (CJNG), founded in 2009 and one of Mexico&#x27;s most powerful and fastest-growing syndicates, known for trafficking fentanyl and methamphetamine to the United States. It was led by Nemesio &#x27;El Mencho&#x27; Oseguera Cervantes, who carried a U.S. reward of up to 15 million dollars until he was fatally wounded in a Mexican military operation in Tapalpa, Jalisco, on 22 February 2026. Source: InSight Crime (insightcrime.org), &#x27;Jalisco Cartel New Generation (CJNG)&#x27;; NPR (npr.org), &#x27;Mexican army kills leader of Jalisco New Generation Cartel,&#x27; 2026.</p><p><a href="https://www.b0b.dev/report#XVII">View in report</a></p>]]></description><TimeStamp><when>2026-02-22</when></TimeStamp><Point><coordinates>-103.3384,20.672,0</coordinates></Point></Placemark><Placemark><name>Yamaguchi-gumi Headquarters - Kobe, Japan</name><styleUrl>#t-organized-crime</styleUrl><description><![CDATA[<p><b>Section XVII</b> &middot; organized-crime</p><p>Fortress-like headquarters of the Yamaguchi-gumi, Japan&#x27;s largest yakuza syndicate, founded in Kobe in 1915; its address is publicly listed on the National Police Agency&#x27;s designated-crime-group registry. At the end of 2017 it counted roughly 4,700 full members and about 10,300 total, then roughly 30% of all yakuza in Japan, and it and top leaders were placed under U.S. Treasury OFAC sanctions in 2012. Source: U.S. Treasury OFAC; Japan National Police Agency; Asia Times (asiatimes.com), &#x27;Japan&#x27;s leading yakuza gangs in US Treasury&#x27;s cross-hairs,&#x27; 2018.</p><p><a href="https://www.b0b.dev/report#XVII">View in report</a></p>]]></description><TimeSpan><begin>1915-01-01</begin><end>1915-12-31</end></TimeSpan><Point><coordinates>135.2396,34.7124,0</coordinates></Point></Placemark><Placemark><name>Tocorón Prison (Tren de Aragua Cradle) - Aragua, Venezuela</name><styleUrl>#t-organized-crime</styleUrl><description><![CDATA[<p><b>Section XVII</b> &middot; organized-crime</p><p>Tren de Aragua, Venezuela&#x27;s most powerful transnational gang, was founded inside Tocorón prison around 2014 by Héctor &#x27;Niño&#x27; Guerrero (died June 2026), who ran the compound as a fiefdom complete with a zoo, swimming pool, nightclub and restaurant. Venezuelan security forces retook the prison in September 2023, by which point the gang had projected criminal cells into at least three other South American countries; the U.S. later designated it a foreign terrorist organization. Source: InSight Crime (insightcrime.org), &#x27;Tren de Aragua Explained&#x27;; Encyclopaedia Britannica, &#x27;Tren de Aragua&#x27;.</p><p><a href="https://www.b0b.dev/report#XVII">View in report</a></p>]]></description><TimeSpan><begin>2023-09-01</begin><end>2023-09-28</end></TimeSpan><Point><coordinates>-67.5866,10.0923,0</coordinates></Point></Placemark><Placemark><name>Corleone - Cradle of Cosa Nostra, Sicily</name><styleUrl>#t-organized-crime</styleUrl><description><![CDATA[<p><b>Section XVII</b> &middot; organized-crime</p><p>Corleone is the historic stronghold of the Corleonesi, the most violent faction of the Sicilian Mafia, and birthplace of bosses Luciano Liggio, Salvatore &#x27;Totò&#x27; Riina (Cosa Nostra chief 1974–1993) and Bernardo Provenzano, who was arrested in a farmhouse just outside the town in 2006 after 43 years as a fugitive. The Corleonesi seized control of Cosa Nostra through the 1981–1983 Second Mafia War, which left hundreds dead. Source: Wikipedia, &#x27;Corleonesi Mafia clan&#x27;; Fox News (foxnews.com), &#x27;Sicilian town had long bloody past before Godfather fame&#x27;.</p><p><a href="https://www.b0b.dev/report#XVII">View in report</a></p>]]></description><TimeSpan><begin>1974-01-01</begin><end>1974-12-31</end></TimeSpan><Point><coordinates>14.155,37.5878,0</coordinates></Point></Placemark><Placemark><name>Solntsevo - Solntsevskaya Bratva Base, Moscow</name><styleUrl>#t-organized-crime</styleUrl><description><![CDATA[<p><b>Section XVII</b> &middot; organized-crime</p><p>The Solntsevskaya Bratva, one of the world&#x27;s richest crime syndicates, took its name from the Solntsevo district of southwest Moscow where it coalesced in the late 1980s under Sergei Mikhailov and Viktor Averin. Its position near the MKAD ring road, the M3 highway and Vnukovo Airport let it dominate the post-Soviet car-import racket; a 2014 Fortune/Guinness estimate put its annual revenue at roughly 8.5 billion dollars. Source: Wikipedia, &#x27;Solntsevskaya Bratva&#x27;; Guinness World Records, &#x27;Largest criminal organization (profits)&#x27;.</p><p><a href="https://www.b0b.dev/report#XVII">View in report</a></p>]]></description><Point><coordinates>37.4729,55.696,0</coordinates></Point></Placemark><Placemark><name>UWSA Headquarters, Pangkham - Golden Triangle, Myanmar</name><styleUrl>#t-organized-crime</styleUrl><description><![CDATA[<p><b>Section XVII</b> &middot; organized-crime</p><p>Pangkham is the capital of the autonomous Wa State and headquarters of the roughly 30,000-strong United Wa State Army, described as the largest drug-producing organisation in Southeast Asia (attributed). From this Golden Triangle base the UWSA is tied to industrial-scale methamphetamine and heroin production, with casino revenue from Chinese visitors bolstering the group; leaders including Wei Hsueh-kang carry U.S. narcotics indictments and sanctions. Source: VOA News (voanews.com), &#x27;Myanmar&#x27;s largest rebel group quietly gains strength&#x27;; GIJN, &#x27;Guide to Investigating Organized Crime in the Golden Triangle&#x27;.</p><p><a href="https://www.b0b.dev/report#XVII">View in report</a></p>]]></description><Point><coordinates>99.183,22.167,0</coordinates></Point></Placemark><Placemark><name>Regency Hotel - Kinahan-Hutch Feud Attack, Dublin</name><styleUrl>#t-organized-crime</styleUrl><description><![CDATA[<p><b>Section XVII</b> &middot; organized-crime</p><p>The February 2016 gun attack at the Regency Hotel (now the Bonnington), which killed Kinahan associate David Byrne during a boxing weigh-in, ignited the Kinahan-Hutch feud that left more than a dozen dead. The U.S. Treasury sanctioned the Kinahan Organised Crime Group in 2022 with a 5-million-dollar reward for its leaders; alleged boss Daniel Kinahan was extradited from the UAE to Dublin in August 2026. Source: BBC News (bbc.co.uk), &#x27;Kinahan crime gang: UAE freezes assets after US sanctions&#x27;; Al Jazeera (aljazeera.com), &#x27;UAE extradites alleged crime boss Daniel Kinahan,&#x27; 2026.</p><p><a href="https://www.b0b.dev/report#XVII">View in report</a></p>]]></description><TimeSpan><begin>2016-02-01</begin><end>2016-02-28</end></TimeSpan><Point><coordinates>-6.2454,53.3809,0</coordinates></Point></Placemark></Folder><Folder><name>Section XX (36)</name><open>0</open><Placemark><name>Microsoft Project Natick - off Orkney, Scotland</name><styleUrl>#t-datacenter</styleUrl><description><![CDATA[<p><b>Section XX</b> &middot; datacenter</p><p>Project Natick - Microsoft&#x27;s experimental underwater data center. The Phase 2 vessel was placed on the seabed off Orkney (European Marine Energy Centre site) on 1 June 2018 and retrieved in July 2020; the first prototype ran off California in 2015. Microsoft said in 2024 the project was no longer active. Offshore point (approx). Source: Wikipedia, Project Natick; Microsoft.</p><p><a href="https://www.b0b.dev/report#XX">View in report</a></p>]]></description><TimeStamp><when>2018-06-01</when></TimeStamp><Point><coordinates>-3.322,58.937,0</coordinates></Point></Placemark><Placemark><name>Highlander Hainan Underwater Data Center, China</name><styleUrl>#t-datacenter</styleUrl><description><![CDATA[<p><b>Section XX</b> &middot; datacenter</p><p>Subsea data-center cluster off Lingshui/Sanya, Hainan, China, operated by Highlander (2023). The operator and Chinese state media describe it as the first commercial subsea data center; tonnage and capacity figures (about 1,433 tons; about 60,000 conventional computers) are the operator&#x27;s. Offshore point (approx). Source: DCD; E&amp;T; Data Center Frontier.</p><p><a href="https://www.b0b.dev/report#XX">View in report</a></p>]]></description><TimeSpan><begin>2023-01-01</begin><end>2023-12-31</end></TimeSpan><Point><coordinates>110.03,18.3,0</coordinates></Point></Placemark><Placemark><name>Shanghai Offshore Underwater Data Center, China</name><styleUrl>#t-datacenter</styleUrl><description><![CDATA[<p><b>Section XX</b> &middot; datacenter</p><p>Offshore wind-powered underwater data center off the Shanghai coast (Lingang), announced 2025, about 24 MW planned per the developer, which describes it as the first of its kind. Offshore point (approx). Source: Data Center Frontier (2025).</p><p><a href="https://www.b0b.dev/report#XX">View in report</a></p>]]></description><TimeSpan><begin>2025-01-01</begin><end>2025-12-31</end></TimeSpan><Point><coordinates>122.2,30.9,0</coordinates></Point></Placemark><Placemark><name>Nautilus Data Technologies (floating) - Stockton, CA</name><styleUrl>#t-datacenter</styleUrl><description><![CDATA[<p><b>Section XX</b> &middot; datacenter</p><p>Barge-mounted floating data center (Nautilus Data Technologies) in the Stockton Deep Water Channel, Port of Stockton, California - equipment cooled by circulating channel water returned slightly warmer. Source: Wikipedia, Nautilus Data Technologies; The Record (Stockton), 2016.</p><p><a href="https://www.b0b.dev/report#XX">View in report</a></p>]]></description><Point><coordinates>-121.3266,37.951,0</coordinates></Point></Placemark><Placemark><name>Keppel Floating Data Center Park - Singapore</name><styleUrl>#t-datacenter</styleUrl><description><![CDATA[<p><b>Section XX</b> &middot; datacenter</p><p>Keppel&#x27;s nearshore floating data center park concept, Singapore — offshore siting to bypass land/power constraints. Offshore point (approx). Source: Keppel; industry reports.</p><p><a href="https://www.b0b.dev/report#XX">View in report</a></p>]]></description><Point><coordinates>103.85,1.2644,0</coordinates></Point></Placemark><Placemark><name>NSA Utah Data Center - Bluffdale, UT</name><styleUrl>#t-datacenter</styleUrl><description><![CDATA[<p><b>Section XX</b> &middot; datacenter</p><p>Intelligence Community Comprehensive National Cybersecurity Initiative Data Center - the NSA-led data storage facility at Camp Williams near Bluffdale, Utah (1 to 1.5 million sq ft; completed May 2014, about $1.5 billion). Central to the post-Snowden bulk-surveillance debate; its precise mission is classified. Source: Wikipedia, Utah Data Center.</p><p><a href="https://www.b0b.dev/report#XX">View in report</a></p>]]></description><TimeSpan><begin>2014-05-01</begin><end>2014-05-28</end></TimeSpan><Point><coordinates>-111.9358,40.4278,0</coordinates></Point></Placemark><Placemark><name>Ashburn &#x27;Data Center Alley&#x27; - Loudoun County, VA</name><styleUrl>#t-datacenter</styleUrl><description><![CDATA[<p><b>Section XX</b> &middot; datacenter</p><p>Ashburn/Loudoun County, Virginia (&#x27;Data Center Alley&#x27;) - the largest concentration of data-center capacity in the United States. Source: Synergy Research; Data Center Frontier (figures not reproduced here pending a read of the primary).</p><p><a href="https://www.b0b.dev/report#XX">View in report</a></p>]]></description><Point><coordinates>-77.4744,39.0298,0</coordinates></Point></Placemark><Placemark><name>Switch Citadel Campus - Tahoe Reno, NV</name><styleUrl>#t-datacenter</styleUrl><description><![CDATA[<p><b>Section XX</b> &middot; datacenter</p><p>Switch &#x27;Citadel&#x27; campus, Tahoe Reno Industrial Center, Storey County, Nevada - over 1,000 acres, planned to exceed 7.2 million sq ft of data-center space at completion; the first building (TAHOE RENO 1) opened February 2017. Source: Wikipedia, Switch (company); Data Center Frontier.</p><p><a href="https://www.b0b.dev/report#XX">View in report</a></p>]]></description><TimeSpan><begin>2017-02-01</begin><end>2017-02-28</end></TimeSpan><Point><coordinates>-119.4903,39.556,0</coordinates></Point></Placemark><Placemark><name>Stargate AI Campus - Abilene, TX</name><styleUrl>#t-datacenter</styleUrl><description><![CDATA[<p><b>Section XX</b> &middot; datacenter</p><p>Stargate AI data-center campus at Abilene, Texas - the first site of the Stargate joint venture (SoftBank, OpenAI, Oracle, MGX; announced 21 Jan 2025), developed by Crusoe with Blue Owl and Primary Digital Infrastructure. Pin at city level. Source: Wikipedia, Stargate LLC; Data Center Frontier (2025).</p><p><a href="https://www.b0b.dev/report#XX">View in report</a></p>]]></description><TimeStamp><when>2025-01-21</when></TimeStamp><Point><coordinates>-99.7476,32.4465,0</coordinates></Point></Placemark><Placemark><name>Google Data Center - The Dalles, OR</name><styleUrl>#t-datacenter</styleUrl><description><![CDATA[<p><b>Section XX</b> &middot; datacenter</p><p>Google&#x27;s flagship Columbia River data center, The Dalles, Oregon (since 2006) — hydro-powered. Source: Google; Synergy Research.</p><p><a href="https://www.b0b.dev/report#XX">View in report</a></p>]]></description><TimeSpan><begin>2006-01-01</begin><end>2006-12-31</end></TimeSpan><Point><coordinates>-121.2023,45.6325,0</coordinates></Point></Placemark><Placemark><name>Meta Data Center - Prineville, OR</name><styleUrl>#t-datacenter</styleUrl><description><![CDATA[<p><b>Section XX</b> &middot; datacenter</p><p>Meta (Facebook) Prineville, Oregon campus - the company&#x27;s first self-built data center (opened 2011); Apple also operates a data center in Prineville. Source: Meta; industry reports.</p><p><a href="https://www.b0b.dev/report#XX">View in report</a></p>]]></description><TimeSpan><begin>2011-01-01</begin><end>2011-12-31</end></TimeSpan><Point><coordinates>-120.8464,44.3035,0</coordinates></Point></Placemark><Placemark><name>Google Data Center - Council Bluffs, IA</name><styleUrl>#t-datacenter</styleUrl><description><![CDATA[<p><b>Section XX</b> &middot; datacenter</p><p>Google Council Bluffs, Iowa - announced 2007, first phase completed 2009, expanded 2012 and 2015; one of Google&#x27;s largest US campuses. Source: Wikipedia, Google data centers.</p><p><a href="https://www.b0b.dev/report#XX">View in report</a></p>]]></description><TimeSpan><begin>2009-01-01</begin><end>2009-12-31</end></TimeSpan><Point><coordinates>-95.8639,41.2216,0</coordinates></Point></Placemark><Placemark><name>Meta Data Center - Luleå, Sweden</name><styleUrl>#t-datacenter</styleUrl><description><![CDATA[<p><b>Section XX</b> &middot; datacenter</p><p>Meta (Facebook) Luleå data center, Sweden, near the Arctic Circle - announced 27 Oct 2011 as the company&#x27;s first data center outside the United States; free-air cooling and hydro power. Source: Wikipedia, Luleå; Meta.</p><p><a href="https://www.b0b.dev/report#XX">View in report</a></p>]]></description><TimeStamp><when>2011-10-27</when></TimeStamp><Point><coordinates>22.146,65.5831,0</coordinates></Point></Placemark><Placemark><name>Google Data Center - Hamina, Finland</name><styleUrl>#t-datacenter</styleUrl><description><![CDATA[<p><b>Section XX</b> &middot; datacenter</p><p>Google Hamina, Finland - built in the former Stora Enso Summa paper mill, bought in 2009; seawater-cooled from the Gulf of Finland; first phase completed 2011. Source: Wikipedia, Google data centers; Google.</p><p><a href="https://www.b0b.dev/report#XX">View in report</a></p>]]></description><TimeSpan><begin>2011-01-01</begin><end>2011-12-31</end></TimeSpan><Point><coordinates>27.117,60.5366,0</coordinates></Point></Placemark><Placemark><name>Ulanqab / Hohhot Hyperscale Corridor, Inner Mongolia</name><styleUrl>#t-datacenter</styleUrl><description><![CDATA[<p><b>Section XX</b> &middot; datacenter</p><p>Ulanqab-Hohhot corridor, Inner Mongolia - a major Chinese hyperscale cluster (China Mobile, Alibaba, ByteDance, Baidu, Tencent, China Telecom among reported operators) within Beijing&#x27;s &#x27;East Data, West Computing&#x27; programme. Capacity figures pending a primary. Source: Data Center Frontier; Synergy Research.</p><p><a href="https://www.b0b.dev/report#XX">View in report</a></p>]]></description><Point><coordinates>113.1316,40.9903,0</coordinates></Point></Placemark><Placemark><name>Lefdal Mine Datacenter - Nordfjord, Norway</name><styleUrl>#t-datacenter</styleUrl><description><![CDATA[<p><b>Section XX</b> &middot; datacenter</p><p>Data center inside the former Lefdal olivine mine, Nordfjord, Norway — fjord-water cooled, hydro-powered, deep underground. Source: Lefdal Mine; industry reports. Pin approximate.</p><p><a href="https://www.b0b.dev/report#XX">View in report</a></p>]]></description><Point><coordinates>5.77,61.79,0</coordinates></Point></Placemark><Placemark><name>xAI Colossus - Memphis, TN</name><styleUrl>#t-datacenter</styleUrl><description><![CDATA[<p><b>Section XX</b> &middot; datacenter</p><p>xAI &#x27;Colossus&#x27; AI supercomputer, south Memphis, Tennessee - built in 122 days, live 2024; xAI claimed expansion toward 2 GW and about 555,000 NVIDIA GPUs (Jan 2026), while independent accounts put the combined sites at about 1 GW by mid-2026. Temporary gas turbines drew local opposition and regulatory scrutiny. Pin at city level. Source: Wikipedia, Colossus (supercomputer); Epoch AI (2026).</p><p><a href="https://www.b0b.dev/report#XX">View in report</a></p>]]></description><TimeSpan><begin>2026-01-01</begin><end>2026-01-28</end></TimeSpan><Point><coordinates>-90.0518,35.146,0</coordinates></Point></Placemark><Placemark><name>Meta Hyperion AI Campus - Richland Parish, LA</name><styleUrl>#t-datacenter</styleUrl><description><![CDATA[<p><b>Section XX</b> &middot; datacenter</p><p>Meta &#x27;Hyperion&#x27; — a city-sized AI data center in Richland Parish, Louisiana; Zuckerberg says it will scale to ~5 GW over several years. Source: Meta; Data Center Frontier (2025-26).</p><p><a href="https://www.b0b.dev/report#XX">View in report</a></p>]]></description><Point><coordinates>-91.6322,32.4772,0</coordinates></Point></Placemark><Placemark><name>Meta Prometheus AI Campus - New Albany, OH</name><styleUrl>#t-datacenter</styleUrl><description><![CDATA[<p><b>Section XX</b> &middot; datacenter</p><p>Meta &#x27;Prometheus&#x27; AI campus, New Albany, Ohio — GW-scale, ~562 MW IT power projected. Source: Epoch AI; Data Center Frontier (2026).</p><p><a href="https://www.b0b.dev/report#XX">View in report</a></p>]]></description><Point><coordinates>-82.8088,40.0812,0</coordinates></Point></Placemark><Placemark><name>Amazon / Anthropic AI Campus - New Carlisle, IN</name><styleUrl>#t-datacenter</styleUrl><description><![CDATA[<p><b>Section XX</b> &middot; datacenter</p><p>Amazon Web Services campus at New Carlisle, Indiana (Project Rainier) — ~1+ GW, built to train Anthropic&#x27;s models. Source: Epoch AI; AWS (2026).</p><p><a href="https://www.b0b.dev/report#XX">View in report</a></p>]]></description><Point><coordinates>-86.5098,41.7057,0</coordinates></Point></Placemark><Placemark><name>Microsoft Fairwater AI DC - Lithia Springs, GA</name><styleUrl>#t-datacenter</styleUrl><description><![CDATA[<p><b>Section XX</b> &middot; datacenter</p><p>Microsoft &#x27;Fairwater&#x27; AI data center, Atlanta area (Lithia Springs), Georgia — ~636 MW. Source: Epoch AI; Microsoft (2025-26).</p><p><a href="https://www.b0b.dev/report#XX">View in report</a></p>]]></description><Point><coordinates>-84.6506,33.7798,0</coordinates></Point></Placemark><Placemark><name>Microsoft Data Center - Boydton, VA</name><styleUrl>#t-datacenter</styleUrl><description><![CDATA[<p><b>Section XX</b> &middot; datacenter</p><p>Microsoft hyperscale cloud campus, Boydton, Virginia (construction began 2010, about $500 million; expanded 2014) - in a town of about 300 people (2020 census). Source: Wikipedia, Boydton, Virginia; Data Center Frontier.</p><p><a href="https://www.b0b.dev/report#XX">View in report</a></p>]]></description><TimeSpan><begin>2010-01-01</begin><end>2010-12-31</end></TimeSpan><Point><coordinates>-78.3882,36.6673,0</coordinates></Point></Placemark><Placemark><name>Microsoft Data Center - Quincy, WA</name><styleUrl>#t-datacenter</styleUrl><description><![CDATA[<p><b>Section XX</b> &middot; datacenter</p><p>Microsoft Columbia Basin campus, Quincy, Washington — cool climate + cheap hydro; one of the original hyperscale clusters (also Yahoo, Sabey, Dell). Source: Data Center Frontier.</p><p><a href="https://www.b0b.dev/report#XX">View in report</a></p>]]></description><Point><coordinates>-119.8535,47.2344,0</coordinates></Point></Placemark><Placemark><name>Apple iCloud Data Center - Maiden, NC</name><styleUrl>#t-datacenter</styleUrl><description><![CDATA[<p><b>Section XX</b> &middot; datacenter</p><p>Apple iCloud data center, Maiden, Catawba County, North Carolina (about 500,000 sq ft); in May 2012 Apple said it would generate 60 percent of the site&#x27;s power itself with fuel cells and solar. Google&#x27;s North Carolina data center is separate, in Lenoir. Source: Wikipedia, Maiden, North Carolina; Google data centers.</p><p><a href="https://www.b0b.dev/report#XX">View in report</a></p>]]></description><TimeSpan><begin>2012-01-01</begin><end>2012-12-31</end></TimeSpan><Point><coordinates>-81.2139,35.5766,0</coordinates></Point></Placemark><Placemark><name>Pionen &#x27;White Mountains&#x27; Bunker DC - Stockholm</name><styleUrl>#t-datacenter</styleUrl><description><![CDATA[<p><b>Section XX</b> &middot; datacenter</p><p>Bahnhof&#x27;s &#x27;Pionen&#x27; data center inside a Cold War nuclear bunker under Vita Bergen park, Södermalm, Stockholm — 30m below granite; once hosted WikiLeaks servers. Source: Bahnhof; public reporting.</p><p><a href="https://www.b0b.dev/report#XX">View in report</a></p>]]></description><Point><coordinates>18.087,59.3133,0</coordinates></Point></Placemark><Placemark><name>Alibaba Zhangbei Cloud Campus - Hebei, China</name><styleUrl>#t-datacenter</styleUrl><description><![CDATA[<p><b>Section XX</b> &middot; datacenter</p><p>Alibaba Cloud&#x27;s Zhangbei (Cloud Valley) hyperscale campus, Hebei, China — cold-climate northern-China node serving Beijing. Source: Alibaba; industry reports.</p><p><a href="https://www.b0b.dev/report#XX">View in report</a></p>]]></description><Point><coordinates>114.7693,41.2878,0</coordinates></Point></Placemark><Placemark><name>Gui&#x27;an Big Data Valley - Guizhou, China</name><styleUrl>#t-datacenter</styleUrl><description><![CDATA[<p><b>Section XX</b> &middot; datacenter</p><p>Gui&#x27;an New Area, Guizhou — China&#x27;s flagship &#x27;big data valley&#x27;: Apple&#x27;s China iCloud (via GCBD), Tencent, Huawei, and China Telecom operate mountain/cave-cooled data centers here. Apple&#x27;s China user data is stored on GCBD-operated servers. Source: public reporting.</p><p><a href="https://www.b0b.dev/report#XX">View in report</a></p>]]></description><Point><coordinates>106.4831,26.4688,0</coordinates></Point></Placemark><Placemark><name>GDS Hyperscale Campus - Langfang, Hebei, China</name><styleUrl>#t-datacenter</styleUrl><description><![CDATA[<p><b>Section XX</b> &middot; datacenter</p><p>GDS Holdings hyperscale data-center campus, Langfang, Hebei — a core node in the Beijing-Tianjin-Hebei cloud cluster. Source: GDS filings; industry reports.</p><p><a href="https://www.b0b.dev/report#XX">View in report</a></p>]]></description><Point><coordinates>116.6926,39.5302,0</coordinates></Point></Placemark><Placemark><name>Green Mountain DC1 - Rennesøy (Stavanger), Norway</name><styleUrl>#t-datacenter</styleUrl><description><![CDATA[<p><b>Section XX</b> &middot; datacenter</p><p>Green Mountain DC1-Stavanger — a Tier III data center built inside a former high-security NATO ammunition store dug into a mountain on Rennesøy, Norway; fjord-water cooled, hydro-powered, ~22,600 m². Source: Green Mountain; Data Centre Magazine.</p><p><a href="https://www.b0b.dev/report#XX">View in report</a></p>]]></description><Point><coordinates>5.6492,59.1148,0</coordinates></Point></Placemark><Placemark><name>Iron Mountain WPA-1 - Boyers, PA</name><styleUrl>#t-datacenter</styleUrl><description><![CDATA[<p><b>Section XX</b> &middot; datacenter</p><p>Iron Mountain&#x27;s underground data center in a former limestone mine ~220 ft below Boyers, Pennsylvania — also stores U.S. federal records (OPM retirement archive) and film masters. Source: Iron Mountain; Data Center Knowledge.</p><p><a href="https://www.b0b.dev/report#XX">View in report</a></p>]]></description><Point><coordinates>-79.8989,41.1084,0</coordinates></Point></Placemark><Placemark><name>Swiss Fort Knox - Saanen, Switzerland</name><styleUrl>#t-datacenter</styleUrl><description><![CDATA[<p><b>Section XX</b> &middot; datacenter</p><p>Swiss Fort Knox — a high-security data center inside a former military bunker in the Swiss Alps near Saanen; blast doors, groundwater cooling, redundant hidden entrances. Source: Data Centre Magazine; industry reports.</p><p><a href="https://www.b0b.dev/report#XX">View in report</a></p>]]></description><Point><coordinates>7.2616,46.4898,0</coordinates></Point></Placemark><Placemark><name>Google AI Campus - West Memphis, AR</name><styleUrl>#t-datacenter</styleUrl><description><![CDATA[<p><b>Section XX</b> &middot; datacenter</p><p>Alphabet/Google broke ground on a data-center campus in West Memphis, Arkansas — directly across the Mississippi from xAI&#x27;s Colossus in Memphis. Two rival AI megacampuses facing each other across the river. Source: Data Center Frontier (2025).</p><p><a href="https://www.b0b.dev/report#XX">View in report</a></p>]]></description><Point><coordinates>-90.1845,35.1465,0</coordinates></Point></Placemark><Placemark><name>G42 / Stargate UAE - Masdar City, Abu Dhabi</name><styleUrl>#t-datacenter</styleUrl><description><![CDATA[<p><b>Section XX</b> &middot; datacenter</p><p>G42-anchored &#x27;Stargate UAE&#x27; AI compute cluster near Masdar City, Abu Dhabi — a sovereign-scale AI data center (OpenAI/Oracle/Nvidia-linked), part of a planned 5 GW campus. Source: Data Center Frontier; company announcements (2025).</p><p><a href="https://www.b0b.dev/report#XX">View in report</a></p>]]></description><Point><coordinates>54.6235,24.4275,0</coordinates></Point></Placemark><Placemark><name>Google Data Center - St. Ghislain, Belgium</name><styleUrl>#t-datacenter</styleUrl><description><![CDATA[<p><b>Section XX</b> &middot; datacenter</p><p>Google&#x27;s St. Ghislain, Belgium data center — one of its largest European sites; among the first to run without chillers (free-air/water cooling). Source: Google.</p><p><a href="https://www.b0b.dev/report#XX">View in report</a></p>]]></description><TimeSpan><begin>2010-01-01</begin><end>2010-12-31</end></TimeSpan><Point><coordinates>3.8655,50.4693,0</coordinates></Point></Placemark><Placemark><name>Meta Data Center - Clonee, Ireland</name><styleUrl>#t-datacenter</styleUrl><description><![CDATA[<p><b>Section XX</b> &middot; datacenter</p><p>Meta&#x27;s Clonee, County Meath, Ireland campus — a flagship European hyperscale site; part of Ireland&#x27;s dense data-center cluster around Dublin. Source: Meta.</p><p><a href="https://www.b0b.dev/report#XX">View in report</a></p>]]></description><Point><coordinates>-6.4404,53.4104,0</coordinates></Point></Placemark><Placemark><name>Subsea Cloud pods - Port Angeles, WA</name><styleUrl>#t-datacenter</styleUrl><description><![CDATA[<p><b>Section XX</b> &middot; datacenter</p><p>Subsea Cloud — commercial subsea data-center pods (&#x27;Jules Verne&#x27; etc.) designed for seabed deployment; U.S. Pacific Northwest / Gulf of Mexico siting. Offshore point (approx). Source: Subsea Cloud; Data Center Frontier.</p><p><a href="https://www.b0b.dev/report#XX">View in report</a></p>]]></description><Point><coordinates>-123.4307,48.1181,0</coordinates></Point></Placemark></Folder><Folder><name>Section XXIV (4)</name><open>0</open><Placemark><name>Mount Waterman, Angeles National Forest, CA - Reza LKP</name><styleUrl>#t-military</styleUrl><description><![CDATA[<p><b>Section XXIV</b> &middot; military</p><p>Monica Jacinto Reza - Mondaloy alloy co-inventor (US Patent 2010/0266442 A1), Columbia BS, UCLA MS, Aerojet Rocketdyne Technical Fellow, then JPL. Last known position June 22 2025. FLIR-negative (no thermal signature). Scent trail terminated. Find a Grave memorial created 4 days later - &#x27;green burial&#x27; designation while SAR still active.</p><p><a href="https://www.b0b.dev/report#XXIV">View in report</a></p>]]></description><TimeStamp><when>2025-06-22</when></TimeStamp><Point><coordinates>-117.9628,34.3496,0</coordinates></Point></Placemark><Placemark><name>Sandia Mountains, Albuquerque, NM - McCasland Disappearance</name><styleUrl>#t-military</styleUrl><description><![CDATA[<p><b>Section XXIV</b> &middot; military</p><p>Maj. Gen. William Neil McCasland - AFRL Commander 2011-2013, oversaw AFRL&#x27;s R&amp;D portfolio, which included the Mondaloy qualification work (attributed). Vanished hiking February 27 2026. Left all electronics behind. Named in Tom DeLonge&#x27;s 25 Jan 2016 email to John Podesta (WikiLeaks Podesta emailid 3099). Whether his disappearance relates to his career is not established.</p><p><a href="https://www.b0b.dev/report#XXIV">View in report</a></p>]]></description><TimeStamp><when>2026-02-27</when></TimeStamp><Point><coordinates>-106.451,35.2107,0</coordinates></Point></Placemark><Placemark><name>Wright-Patterson AFB, Dayton, OH - AFRL HQ</name><styleUrl>#t-military</styleUrl><description><![CDATA[<p><b>Section XXIV</b> &middot; military</p><p>Air Force Research Laboratory headquarters. Dallis Hardwick - first Mondaloy co-inventor - served at AFRL Materials and Manufacturing Directorate. Died 5 Jan 2014 of metastatic breast cancer (UNSW). Of the three people the report groups around the alloy, one died of documented illness and two are missing; no link between the cases is established.</p><p><a href="https://www.b0b.dev/report#XXIV">View in report</a></p>]]></description><TimeSpan><begin>2014-01-01</begin><end>2014-12-31</end></TimeSpan><Point><coordinates>-84.0483,39.8261,0</coordinates></Point></Placemark><Placemark><name>JPL / La Cañada Flintridge, CA - Reza&#x27;s Employer</name><styleUrl>#t-military</styleUrl><description><![CDATA[<p><b>Section XXIV</b> &middot; military</p><p>Jet Propulsion Laboratory - Reza&#x27;s employer at time of disappearance. JPL issued no public statement. NASA headquarters silent. Aerojet Rocketdyne (former employer) silent. AIAA silent. SpaceNews silent. Employers and trade press routinely decline comment on open missing-person cases; the silence is logged, not read.</p><p><a href="https://www.b0b.dev/report#XXIV">View in report</a></p>]]></description><Point><coordinates>-118.1714,34.2014,0</coordinates></Point></Placemark></Folder><Folder><name>Animal research (36)</name><open>0</open><Placemark><name>Marshall BioResources - North Rose, NY (HQ)</name><styleUrl>#t-animal-research</styleUrl><description><![CDATA[<p><b>Animal research</b> &middot; animal-research</p><p>Marshall BioResources / Marshall Farms - 5800 Lake Bluff Road, Town of Huron, Wayne County, NY. Founded 1939 (Marshall Farms Group Ltd), privately held. Breeds dogs (beagles), ferrets, cats and minipigs for research. Protesting advocates (Beagle Lovers &amp; Rescuers; Against All Oddz; 3-day protest from 28 May 2026) say it houses some 66,000 animals incl. 20,000+ beagles and cite 20+ Animal Welfare Act citations over the years; the company says USDA inspections in May, June and September 2026 were clean, with no citations. FOLLOW THE MONEY: no public shareholders; revenue is customer sales (pharma/CRO) plus U.S. federal contracts - USAspending (UEI DVGAR51JKM99) direct awards as recorded by the site: ~2.36M, DoD the largest share (unverified re-pull pending). Inference, not a document: NIH-funded research is a larger indirect buyer. Sources: 13WHAM (May 2026); WHEC (Sept 2026); Wikipedia; USAspending.gov.</p><p><a href="https://www.b0b.dev/report#XIV">View in report</a></p>]]></description><TimeSpan><begin>2026-05-01</begin><end>2026-05-28</end></TimeSpan><Point><coordinates>-76.9049,43.2139,0</coordinates></Point></Placemark><Placemark><name>Marshall BioResources - MBR Acres, Wyton, UK</name><styleUrl>#t-animal-research</styleUrl><description><![CDATA[<p><b>Animal research</b> &middot; animal-research</p><p>MBR Acres, Wyton, Cambridgeshire, England. Marshall beagle-breeding facility supplying UK research labs; up to ~2,000 beagles bred per year. Long-running site of the &#x27;Camp Beagle&#x27; protest. Part of Marshall&#x27;s global network.</p><p><a href="https://www.b0b.dev/report#XIV">View in report</a></p>]]></description><Point><coordinates>-0.1366,52.3618,0</coordinates></Point></Placemark><Placemark><name>Marshall BioResources - Gannat, France</name><styleUrl>#t-animal-research</styleUrl><description><![CDATA[<p><b>Animal research</b> &middot; animal-research</p><p>Marshall BioResources beagle-breeding site at Gannat, Allier, France - MBR began breeding there in 2017 (per One Voice). Part of Marshall&#x27;s European breeding network; subject of a 2023 National Assembly written question (no. 11944).</p><p><a href="https://www.b0b.dev/report#XIV">View in report</a></p>]]></description><TimeSpan><begin>2017-01-01</begin><end>2017-12-31</end></TimeSpan><Point><coordinates>3.1995,46.0996,0</coordinates></Point></Placemark><Placemark><name>Marshall BioResources - Mézilles, France</name><styleUrl>#t-animal-research</styleUrl><description><![CDATA[<p><b>Animal research</b> &middot; animal-research</p><p>Centre d&#x27;Élevage du Domaine des Souches, Mézilles, Yonne, France — acquired by Marshall BioResources. Breeds beagles and golden retrievers for laboratories. Part of Marshall&#x27;s European breeding network.</p><p><a href="https://www.b0b.dev/report#XIV">View in report</a></p>]]></description><Point><coordinates>3.172,47.7009,0</coordinates></Point></Placemark><Placemark><name>Charles River Laboratories - HQ, Wilmington, MA</name><styleUrl>#t-animal-research</styleUrl><description><![CDATA[<p><b>Animal research</b> &middot; animal-research</p><p>Charles River Laboratories - 251 Ballardvale St, Wilmington, MA. Global contract research organization and breeder of research models incl. beagles. CBS News (Feb 2014): the largest research company using dogs in Massachusetts, with 750 dogs. FOLLOW THE MONEY: publicly traded (NYSE: CRL). Latest Schedule 13G filings: FMR LLC 10.2% (31 Aug 2026), Vanguard Capital Management 7.38% (31 Mar 2026), BlackRock 6.9% (31 Mar 2025), Invesco 6.2% (30 Jun 2026); Wellington 3.6% (31 Dec 2025, below the 5% line). Much of it index ownership. Sources: SEC 13G/13G-A; CRL 10-K FY2025; CBS News (2014).</p><p><a href="https://www.b0b.dev/report#XIV">View in report</a></p>]]></description><TimeSpan><begin>2014-01-01</begin><end>2014-12-31</end></TimeSpan><Point><coordinates>-71.1579,42.5955,0</coordinates></Point></Placemark><Placemark><name>Charles River - Stone Ridge, NY (breeding, approx.)</name><styleUrl>#t-animal-research</styleUrl><description><![CDATA[<p><b>Animal research</b> &middot; animal-research</p><p>Charles River breeding facility, Stone Ridge (Town of Marbletown), Ulster County, NY (RR 209). Long-documented dog/beagle breeding site. Pin at town level — exact parcel pending. Source: SourceWatch.</p><p><a href="https://www.b0b.dev/report#XIV">View in report</a></p>]]></description><Point><coordinates>-74.1544,41.8448,0</coordinates></Point></Placemark><Placemark><name>Inotiv - HQ, West Lafayette, IN</name><styleUrl>#t-animal-research</styleUrl><description><![CDATA[<p><b>Animal research</b> &middot; animal-research</p><p>Inotiv, Inc. (formerly Bioanalytical Systems, BASi) - 2701 Kent Ave, West Lafayette, IN. Parent of Envigo RMS. Emerged from prepackaged Chapter 11 on 19 July 2026; delisted from Nasdaq and SEC registration terminated (July 2026). Sources: Inotiv 8-K filings (June-July 2026); Wikipedia.</p><p><a href="https://www.b0b.dev/report#XIV">View in report</a></p>]]></description><Point><coordinates>-86.9297,40.4588,0</coordinates></Point></Placemark><Placemark><name>Envigo / Inotiv - Cumberland, VA (approx.)</name><styleUrl>#t-animal-research</styleUrl><description><![CDATA[<p><b>Animal research</b> &middot; animal-research</p><p>Envigo RMS beagle-breeding facility, Cumberland County, VA. ~4,000 beagles relinquished to the Humane Society under a July 2022 settlement. 3 June 2024: Envigo RMS pleaded guilty to conspiring to violate the Animal Welfare Act and Envigo Global Services to a Clean Water Act conspiracy; parent Inotiv guaranteed more than $35M - the largest fine ever in an AWA case (DOJ/EPA). FOLLOW THE MONEY: Inotiv filed a prepackaged Chapter 11 on 3 June 2026 (Bankruptcy Court, S.D. Texas) under a 2 June 2026 restructuring support agreement: a $65.4M DIP from the consenting first-lien lenders ($25M new money + $40.4M roll-up), ~$326M of funded debt converted to equity; first-lien lenders take 93% of new equity, second-lien PIK and convertible noteholders share 7% plus warrants; DOJ plea claims reinstated; existing shares cancelled. Emerged 19 July 2026. The filings name creditor classes, not funds. Pin at county level - exact parcel pending. Sources: EPA/DOJ (June 2024); Inotiv 8-Ks (June-July 2026).</p><p><a href="https://www.b0b.dev/report#XIV">View in report</a></p>]]></description><TimeStamp><when>2026-06-03</when></TimeStamp><Point><coordinates>-78.2469,37.5004,0</coordinates></Point></Placemark><Placemark><name>The Jackson Laboratory (JAX) - Bar Harbor, ME</name><styleUrl>#t-animal-research</styleUrl><description><![CDATA[<p><b>Animal research</b> &middot; animal-research</p><p>The Jackson Laboratory - 600 Main St, Bar Harbor, Maine. Nonprofit (founded 1929); one of the world&#x27;s largest suppliers of laboratory mice (13,000+ strains, &#x27;JAX Mice&#x27;, per JAX). Additional sites: Farmington CT, Sacramento CA, Shanghai (China) and Yokohama (Japan). Source: JAX; Wikipedia.</p><p><a href="https://www.b0b.dev/report#XIV">View in report</a></p>]]></description><Point><coordinates>-68.1963,44.3653,0</coordinates></Point></Placemark><Placemark><name>Taconic Biosciences - HQ, Rensselaer, NY</name><styleUrl>#t-animal-research</styleUrl><description><![CDATA[<p><b>Animal research</b> &middot; animal-research</p><p>Taconic Biosciences HQ, 1 Discovery Drive, Rensselaer, NY 12144 (Albany Health Sciences Campus). Major rodent-model breeder: 3 service labs + 6 breeding facilities across the U.S. and Europe (incl. Germany, Denmark); primary U.S. breeding operations ~45 mi south in Germantown, NY. Source: Taconic; Discover Rensselaer.</p><p><a href="https://www.b0b.dev/report#XIV">View in report</a></p>]]></description><Point><coordinates>-73.7342,42.627,0</coordinates></Point></Placemark><Placemark><name>Janvier Labs - Le Genest-Saint-Isle, France</name><styleUrl>#t-animal-research</styleUrl><description><![CDATA[<p><b>Animal research</b> &middot; animal-research</p><p>Janvier Labs - Le Genest-Saint-Isle, Mayenne, France. Breeder of research rodents (mice/rats), founded 1960. Source: Janvier Labs.</p><p><a href="https://www.b0b.dev/report#XIV">View in report</a></p>]]></description><Point><coordinates>-0.8869,48.099,0</coordinates></Point></Placemark><Placemark><name>GemPharmatech - Nanjing, China (approx.)</name><styleUrl>#t-animal-research</styleUrl><description><![CDATA[<p><b>Animal research</b> &middot; animal-research</p><p>GemPharmatech - Nanjing, Jiangsu, China (pin at city level). Founded 2017; mouse-model breeder (knockout/humanized strains), self-described as Asia&#x27;s largest provider of laboratory mouse models. Opened an expanded U.S. headquarters and vivarium in San Diego, CA (April 2025). Source: GemPharmatech; Newswise (17 Apr 2025).</p><p><a href="https://www.b0b.dev/report#XIV">View in report</a></p>]]></description><TimeSpan><begin>2025-01-01</begin><end>2025-12-31</end></TimeSpan><Point><coordinates>118.7789,32.0438,0</coordinates></Point></Placemark><Placemark><name>Charles River - Vital River, Beijing, China (approx.)</name><styleUrl>#t-animal-research</styleUrl><description><![CDATA[<p><b>Animal research</b> &middot; animal-research</p><p>Beijing Vital River Laboratory Animal Technology - Charles River&#x27;s China rodent-breeding arm; CRL bought the remaining 8% equity in fiscal 2025, making it wholly owned. Pin at city level. Source: Charles River 10-K FY2025.</p><p><a href="https://www.b0b.dev/report#XIV">View in report</a></p>]]></description><Point><coordinates>116.3913,39.9057,0</coordinates></Point></Placemark><Placemark><name>Hylasco Bio-Technology (Charles River licensee), Hyderabad, India (approx.)</name><styleUrl>#t-animal-research</styleUrl><description><![CDATA[<p><b>Animal research</b> &middot; animal-research</p><p>Hylasco Bio-Technology, Hyderabad - breeds SPF rats and mice under licence from Charles River (partnership announced 2016) and imports CRL models; a licensee, not a CRL subsidiary. Pin at city level. Source: Hylasco; Lab Animal (Nature).</p><p><a href="https://www.b0b.dev/report#XIV">View in report</a></p>]]></description><Point><coordinates>78.4741,17.3606,0</coordinates></Point></Placemark><Placemark><name>Charles River - Kuopio, Finland</name><styleUrl>#t-animal-research</styleUrl><description><![CDATA[<p><b>Animal research</b> &middot; animal-research</p><p>Charles River Discovery Services, Kuopio, Finland - neuroscience-focused non-GLP pharmacology site (founded as Cerebricon 2001, acquired by CRL 2009) with small-animal imaging; moved to a new purpose-built facility in 2025 (+40% space). Source: Charles River (28 Feb 2025).</p><p><a href="https://www.b0b.dev/report#XIV">View in report</a></p>]]></description><TimeSpan><begin>2025-01-01</begin><end>2025-12-31</end></TimeSpan><Point><coordinates>27.6784,62.8925,0</coordinates></Point></Placemark><Placemark><name>Vanny Bio-Research - Pursat Province, Cambodia (approx.)</name><styleUrl>#t-animal-research</styleUrl><description><![CDATA[<p><b>Animal research</b> &middot; animal-research</p><p>Vanny Bio-Research macaque farm, Pursat Province, Cambodia (40 ha site opened 2006, per Mongabay). Named in a U.S. federal indictment unsealed Nov 2022 (S.D. Florida) alleging that up to 3,000 wild long-tailed macaques were laundered through Vanny facilities since Dec 2017 with permits falsely declaring them captive-bred; eight defendants charged including two Cambodian Forestry Administration officials. The one official tried, Masphal Kry, was acquitted of all charges (March 2024). Pin at province level. Sources: Mongabay (Nov 2022); RFA (Apr 2024).</p><p><a href="https://www.b0b.dev/report#XIV">View in report</a></p>]]></description><TimeSpan><begin>2022-01-01</begin><end>2022-12-31</end></TimeSpan><Point><coordinates>103.9197,12.542,0</coordinates></Point></Placemark><Placemark><name>Noveprim - Mauritius (Charles River 90%)</name><styleUrl>#t-animal-research</styleUrl><description><![CDATA[<p><b>Animal research</b> &middot; animal-research</p><p>Noveprim Group, Mauritius - long-tailed macaque (NHP) supplier. Charles River bought 49% in 2022 and an additional 41% on 30 Nov 2023, giving it a 90% controlling interest. Advocacy groups (PETA, Species Unite) allege, from undercover footage, wild capture of macaques before export. Source: CRL 10-K FY2023; PETA; Species Unite.</p><p><a href="https://www.b0b.dev/report#XIV">View in report</a></p>]]></description><TimeSpan><begin>2023-11-01</begin><end>2023-11-28</end></TimeSpan><Point><coordinates>57.7061,-20.4111,0</coordinates></Point></Placemark><Placemark><name>Bioculture - Rivière des Anguilles, Mauritius</name><styleUrl>#t-animal-research</styleUrl><description><![CDATA[<p><b>Animal research</b> &middot; animal-research</p><p>Bioculture (Mauritius) Ltd, Riviere des Anguilles - founding company of the Bioculture Group; breeds and exports SPF long-tailed (cynomolgus) macaques for biomedical research (since 1985 per the company). Part of the Mauritius primate-export node of the lab-monkey supply chain. Source: Bioculture Group.</p><p><a href="https://www.b0b.dev/report#XIV">View in report</a></p>]]></description><Point><coordinates>57.5556,-20.4621,0</coordinates></Point></Placemark><Placemark><name>Vanguard Group - Malvern, PA</name><styleUrl>#t-capital</styleUrl><description><![CDATA[<p><b>Animal research</b> &middot; capital</p><p>The Vanguard Group, Malvern, PA. Its affiliate Vanguard Capital Management reported 3,634,376 Charles River Laboratories shares (7.38%) as of 31 Mar 2026 (Schedule 13G), after a January 2026 internal realignment moved the holding out of The Vanguard Group, Inc. Second to FMR (10.2%, Aug 2026) among disclosed holders. Predominantly index funds. Source: SEC Schedule 13G / 13G-A.</p><p><a href="https://www.b0b.dev/report#XIV">View in report</a></p>]]></description><Point><coordinates>-75.5069,40.0521,0</coordinates></Point></Placemark><Placemark><name>BlackRock - 50 Hudson Yards, NYC</name><styleUrl>#t-capital</styleUrl><description><![CDATA[<p><b>Animal research</b> &middot; capital</p><p>BlackRock, Inc., 50 Hudson Yards, New York. Reported 6.9% of Charles River Laboratories (Schedule 13G/A, 31 Mar 2025). World&#x27;s largest asset manager by AUM. Source: SEC 13G/A; CRL proxy 2026.</p><p><a href="https://www.b0b.dev/report#XIV">View in report</a></p>]]></description><Point><coordinates>-74.0001,40.7545,0</coordinates></Point></Placemark><Placemark><name>State Street - 1 Congress St, Boston</name><styleUrl>#t-capital</styleUrl><description><![CDATA[<p><b>Animal research</b> &middot; capital</p><p>State Street Corp, Boston. Top-tier institutional holder of Charles River Laboratories (the third of the &#x27;Big Three&#x27; index managers). Source: Fintel/13F.</p><p><a href="https://www.b0b.dev/report#XIV">View in report</a></p>]]></description><Point><coordinates>-71.058,42.3604,0</coordinates></Point></Placemark><Placemark><name>FMR / Fidelity - 245 Summer St, Boston</name><styleUrl>#t-capital</styleUrl><description><![CDATA[<p><b>Animal research</b> &middot; capital</p><p>FMR LLC (Fidelity), 245 Summer St, Boston. Largest disclosed holder of Charles River Laboratories: 4,865,628 shares, 10.2%, as of 31 Aug 2026 (Schedule 13G/A filed 8 Sept 2026). Source: SEC 13G/A.</p><p><a href="https://www.b0b.dev/report#XIV">View in report</a></p>]]></description><Point><coordinates>-71.0537,42.3513,0</coordinates></Point></Placemark><Placemark><name>Wellington Management - Boston</name><styleUrl>#t-capital</styleUrl><description><![CDATA[<p><b>Animal research</b> &middot; capital</p><p>Wellington Management Group LLP, Boston. Held 1,749,213 Charles River Laboratories shares (3.6%) as of 31 Dec 2025 - below the 5% reporting line after a prior larger stake. Source: SEC 13G/A (Feb 2026).</p><p><a href="https://www.b0b.dev/report#XIV">View in report</a></p>]]></description><Point><coordinates>-71.0572,42.3545,0</coordinates></Point></Placemark><Placemark><name>U.S. Dept of Defense / DHA - Falls Church, VA</name><styleUrl>#t-capital</styleUrl><description><![CDATA[<p><b>Animal research</b> &middot; capital</p><p>U.S. Department of Defense — Marshall BioResources&#x27; largest federal buyer: ~1.84M in direct awards (USAspending, all years), largely DoD military-medical research (e.g. USUHS). Node at Defense Health Agency HQ. Source: USAspending.gov.</p><p><a href="https://www.b0b.dev/report#XIV">View in report</a></p>]]></description><Point><coordinates>-77.2103,38.8676,0</coordinates></Point></Placemark><Placemark><name>NIH / HHS - Bethesda, MD</name><styleUrl>#t-capital</styleUrl><description><![CDATA[<p><b>Animal research</b> &middot; capital</p><p>National Institutes of Health / Dept of Health &amp; Human Services, Bethesda, MD. ~415K in direct awards to Marshall BioResources per USAspending (as recorded by the site; re-pull pending). Inference, not a document: NIH grants fund much of the university research that buys from these breeders. Source: USAspending.gov; NIH RePORTER.</p><p><a href="https://www.b0b.dev/report#XIV">View in report</a></p>]]></description><Point><coordinates>-77.104,39,0</coordinates></Point></Placemark><Placemark><name>Blackstone HQ, 345 Park Avenue, New York</name><styleUrl>#t-capital</styleUrl><description><![CDATA[<p><b>Animal research</b> &middot; capital</p><p>Blackstone is the world&#x27;s largest alternative-asset manager, with about US$1.27 trillion under management (2025) across private equity, real estate and credit, and a major owner of commercial property worldwide. Headquartered at 345 Park Avenue. Source: Blackstone 10-K FY2025; Wikipedia.</p><p><a href="https://www.b0b.dev/report#XIV">View in report</a></p>]]></description><Point><coordinates>-73.9725,40.7577,0</coordinates></Point></Placemark><Placemark><name>Berkshire Hathaway HQ, Omaha</name><styleUrl>#t-capital</styleUrl><description><![CDATA[<p><b>Animal research</b> &middot; capital</p><p>From an office in Omaha&#x27;s Kiewit Plaza (now Blackstone Plaza), Warren Buffett ran Berkshire Hathaway from 1970 to 2025, building a conglomerate that in Aug 2024 became the first non-tech U.S. company valued above $1 trillion; it wholly owns GEICO and BNSF and holds large stakes including Apple and American Express. Greg Abel succeeded him as CEO. Source: Wikipedia; berkshirehathaway.com.</p><p><a href="https://www.b0b.dev/report#XIV">View in report</a></p>]]></description><TimeSpan><begin>2024-01-01</begin><end>2024-12-31</end></TimeSpan><Point><coordinates>-95.9659,41.2575,0</coordinates></Point></Placemark><Placemark><name>Renaissance Technologies, East Setauket, New York</name><styleUrl>#t-capital</styleUrl><description><![CDATA[<p><b>Animal research</b> &middot; capital</p><p>Founded by mathematician Jim Simons (d. 2024), Renaissance runs the Medallion Fund, which since 1988 averaged about 66% annual returns before fees (39% after) and more than $100 billion in trading gains - widely regarded as the most successful quantitative fund. It operates from a campus in East Setauket, Long Island. Source: Wikipedia; Institutional Investor.</p><p><a href="https://www.b0b.dev/report#XIV">View in report</a></p>]]></description><TimeSpan><begin>1988-01-01</begin><end>1988-12-31</end></TimeSpan><Point><coordinates>-73.1106,40.9307,0</coordinates></Point></Placemark><Placemark><name>Norges Bank Investment Management (GPFG), Oslo</name><styleUrl>#t-capital</styleUrl><description><![CDATA[<p><b>Animal research</b> &middot; capital</p><p>NBIM manages Norway&#x27;s Government Pension Fund Global - the world&#x27;s largest sovereign wealth fund, about US$2.27 trillion (July 2026), owning almost 1.5% of all listed shares worldwide through small stakes in about 7,200 companies. Source: Norges Bank Investment Management (nbim.no); Wikipedia.</p><p><a href="https://www.b0b.dev/report#XIV">View in report</a></p>]]></description><Point><coordinates>10.7424,59.9086,0</coordinates></Point></Placemark><Placemark><name>Abu Dhabi Investment Authority (ADIA), Abu Dhabi</name><styleUrl>#t-capital</styleUrl><description><![CDATA[<p><b>Animal research</b> &middot; capital</p><p>Founded in 1976 to invest Abu Dhabi&#x27;s oil surpluses, ADIA manages an estimated US$1.1 trillion across public equities, fixed income, private equity, real estate and infrastructure in over 50 countries from its landmark Corniche tower. It is among the largest and most secretive sovereign wealth funds. Source: Wikipedia, Abu Dhabi Investment Authority; ADIA (adia.ae).</p><p><a href="https://www.b0b.dev/report#XIV">View in report</a></p>]]></description><TimeSpan><begin>1976-01-01</begin><end>1976-12-31</end></TimeSpan><Point><coordinates>54.3516,24.4898,0</coordinates></Point></Placemark><Placemark><name>Public Investment Fund (PIF), Riyadh</name><styleUrl>#t-capital</styleUrl><description><![CDATA[<p><b>Animal research</b> &middot; capital</p><p>Saudi Arabia&#x27;s PIF, chaired by Crown Prince Mohammed bin Salman, manages an estimated US$900 billion (May 2026) and is the main vehicle of Vision 2030, funding NEOM, LIV Golf and stakes in firms worldwide. Source: Wikipedia; PIF (pif.gov.sa).</p><p><a href="https://www.b0b.dev/report#XIV">View in report</a></p>]]></description><Point><coordinates>46.6407,24.7657,0</coordinates></Point></Placemark><Placemark><name>Government Pension Investment Fund (GPIF), Tokyo</name><styleUrl>#t-capital</styleUrl><description><![CDATA[<p><b>Animal research</b> &middot; capital</p><p>Japan&#x27;s GPIF is the world&#x27;s largest public pension fund, managing about 293.6 trillion yen (roughly US$1.9 trillion) as of March 2026 for the national pension system. Its portfolio is split roughly evenly among domestic and foreign bonds and equities. Source: Private Equity International / PERE institution profile; GPIF (gpif.go.jp).</p><p><a href="https://www.b0b.dev/report#XIV">View in report</a></p>]]></description><Point><coordinates>139.7515,35.658,0</coordinates></Point></Placemark><Placemark><name>China Investment Corporation (CIC), Beijing</name><styleUrl>#t-capital</styleUrl><description><![CDATA[<p><b>Animal research</b> &middot; capital</p><p>Established in 2007 with US$200 billion to diversify China&#x27;s foreign-exchange reserves, CIC managed roughly US$1.57 trillion by 2026 from New Poly Plaza. It invests globally in equities, private equity and infrastructure and is a key vehicle of Chinese overseas capital. Source: Wikipedia, China Investment Corporation; china-inv.cn.</p><p><a href="https://www.b0b.dev/report#XIV">View in report</a></p>]]></description><TimeSpan><begin>2007-01-01</begin><end>2007-12-31</end></TimeSpan><Point><coordinates>116.41,39.9269,0</coordinates></Point></Placemark><Placemark><name>Bridgewater Associates, Westport, Connecticut</name><styleUrl>#t-capital</styleUrl><description><![CDATA[<p><b>Animal research</b> &middot; capital</p><p>Founded by Ray Dalio in 1975, Bridgewater is often ranked the world&#x27;s largest hedge fund, managing about US$92 billion (2025) from its Westport campus. Its &#x27;Pure Alpha&#x27; macro strategy and &#x27;radical transparency&#x27; culture made it one of the most studied investment firms. Source: Wikipedia; Reuters.</p><p><a href="https://www.b0b.dev/report#XIV">View in report</a></p>]]></description><TimeSpan><begin>1975-01-01</begin><end>1975-12-31</end></TimeSpan><Point><coordinates>-73.3301,41.1257,0</coordinates></Point></Placemark><Placemark><name>Temasek Holdings, Singapore</name><styleUrl>#t-capital</styleUrl><description><![CDATA[<p><b>Animal research</b> &middot; capital</p><p>Temasek is a Singapore state-owned investment company with a net portfolio of S$518 billion (31 March 2026), holding controlling or major stakes in Singapore Airlines, DBS Bank, Singtel and global firms. Unlike a reserve fund, it operates as an active commercial investor. Source: Temasek annual review; Wikipedia.</p><p><a href="https://www.b0b.dev/report#XIV">View in report</a></p>]]></description><TimeSpan><begin>2026-01-01</begin><end>2026-12-31</end></TimeSpan><Point><coordinates>103.8456,1.3,0</coordinates></Point></Placemark><Placemark><name>GIC Private Limited, Capital Tower, Singapore</name><styleUrl>#t-capital</styleUrl><description><![CDATA[<p><b>Animal research</b> &middot; capital</p><p>GIC manages Singapore&#x27;s foreign reserves across more than 40 countries and is one of the most active sovereign investors in real estate and private markets. Established 1981; it does not disclose its size - outside estimates range from about US$744 billion (Forbes) to US$1.16 trillion (SWFI, 2026). Source: Wikipedia; GIC (gic.com.sg).</p><p><a href="https://www.b0b.dev/report#XIV">View in report</a></p>]]></description><TimeSpan><begin>1981-01-01</begin><end>1981-12-31</end></TimeSpan><Point><coordinates>103.8476,1.2776,0</coordinates></Point></Placemark></Folder><Folder><name>Mass shootings (161)</name><open>0</open><Placemark><name>Welding shop shooting - Miami, Florida</name><styleUrl>#t-mass-shooting</styleUrl><description><![CDATA[<p><b>Mass shootings</b> &middot; mass-shooting</p><p>8/20/1982. Venue type: other. Killed: 8. Injured: 3. Total victims: 11. Junior high school teacher Carl Robert Brown, 51, opened fire inside a welding shop and was later shot dead by a witness as he fled the scene. Source: Mother Jones mass-shootings dataset (1982-2026); row sources: http://www.nytimes.com/1982/08/21/us/gunman-in-miami-kills-8-in-rampage.html; http://www.nytimes.com/1982/08/24/us/no-ch....</p><p><a href="https://www.b0b.dev/report#X">View in report</a></p>]]></description><TimeStamp><when>1982-08-20</when></TimeStamp><Point><coordinates>-80.22668,25.79649,0</coordinates></Point></Placemark><Placemark><name>Dallas nightclub shooting - Dallas, Texas</name><styleUrl>#t-mass-shooting</styleUrl><description><![CDATA[<p><b>Mass shootings</b> &middot; mass-shooting</p><p>6/29/1984. Venue type: other. Killed: 6. Injured: 1. Total victims: 7. Abdelkrim Belachheb, 39, opened fire at an upscale nightclub after a woman rejected his advances. He was later arrested. Source: Mother Jones mass-shootings dataset (1982-2026); row sources: http://books.google.com/books?id=Hr3OBwP-lbUC&amp;pg=PA38&amp;lpg=PA38&amp;dq=Abdelkrim+Belachheb+mental&amp;source=bl&amp;ots=D56pgdNnnl&amp;si....</p><p><a href="https://www.b0b.dev/report#X">View in report</a></p>]]></description><TimeStamp><when>1984-06-29</when></TimeStamp><Point><coordinates>-96.83868,32.92517,0</coordinates></Point></Placemark><Placemark><name>San Ysidro McDonald&#x27;s massacre - San Ysidro, California</name><styleUrl>#t-mass-shooting</styleUrl><description><![CDATA[<p><b>Mass shootings</b> &middot; mass-shooting</p><p>7/18/1984. Venue type: other. Killed: 22 (MJ count, includes the perpetrator; 21 victims killed). Injured: 19. Total victims: 41. James Oliver Huberty, 41, opened fire in a McDonald&#x27;s restaurant before he was shot dead by a police officer. Source: Mother Jones mass-shootings dataset (1982-2026); row sources: http://www.utsandiego.com/san-ysidro-massacre/; http://www.vpc.org/studies/wgun840718.htm.</p><p><a href="https://www.b0b.dev/report#X">View in report</a></p>]]></description><TimeStamp><when>1984-07-18</when></TimeStamp><Point><coordinates>-117.04308,32.552,0</coordinates></Point></Placemark><Placemark><name>United States Postal Service shooting - Edmond, Oklahoma</name><styleUrl>#t-mass-shooting</styleUrl><description><![CDATA[<p><b>Mass shootings</b> &middot; mass-shooting</p><p>8/20/1986. Venue type: workplace. Killed: 15 (MJ count, includes the perpetrator; 14 victims killed). Injured: 6. Total victims: 21. Postal worker Patrick Sherrill, 44, opened fire at a post office before committing suicide. Source: Mother Jones mass-shootings dataset (1982-2026); row sources: http://news.google.com/newspapers?id=dm8aAAAAIBAJ&amp;sjid=pyoEAAAAIBAJ&amp;pg=2297,4870051&amp;dq=patrick+sherrill&amp;hl=en.</p><p><a href="https://www.b0b.dev/report#X">View in report</a></p>]]></description><TimeStamp><when>1986-08-20</when></TimeStamp><Point><coordinates>-97.48014,35.65797,0</coordinates></Point></Placemark><Placemark><name>Shopping centers spree killings - Palm Bay, Florida</name><styleUrl>#t-mass-shooting</styleUrl><description><![CDATA[<p><b>Mass shootings</b> &middot; mass-shooting</p><p>4/23/1987. Venue type: other. Killed: 6. Injured: 14. Total victims: 20. Retired librarian William Cruse, 59, was paranoid neighbors gossiped that he was gay. He drove to a Publix supermarket, killing two Florida Tech students en route before opening fire outside and killing a woman. He then drove to a Winn-Dixie supermarket and killed three more, including two police officers. Source: Mother Jones mass-shootings dataset (1982-2026); row sources: http://articles.latimes.com/1987-04-25/news/mn-990_1_palm-bay-police.</p><p><a href="https://www.b0b.dev/report#X">View in report</a></p>]]></description><TimeStamp><when>1987-04-23</when></TimeStamp><Point><coordinates>-80.64297,28.03319,0</coordinates></Point></Placemark><Placemark><name>ESL shooting - Sunnyvale, California</name><styleUrl>#t-mass-shooting</styleUrl><description><![CDATA[<p><b>Mass shootings</b> &middot; mass-shooting</p><p>2/16/1988. Venue type: workplace. Killed: 7. Injured: 4. Total victims: 11. Former ESL Incorporated employee Richard Farley, 39, gunned down seven people at his former workplace, after stalking and harassing a coworker he was romantically interested in. He was later arrested and now sits on death row at San Quentin. Source: Mother Jones mass-shootings dataset (1982-2026); row sources: http://articles.latimes.com/1988-02-18/news/mn-43514_1_mr-farley-richard-farley-sunnyvale-public-safety-department; http....</p><p><a href="https://www.b0b.dev/report#X">View in report</a></p>]]></description><TimeStamp><when>1988-02-16</when></TimeStamp><Point><coordinates>-122.0124,37.4114,0</coordinates></Point></Placemark><Placemark><name>Stockton schoolyard shooting - Stockton, California</name><styleUrl>#t-mass-shooting</styleUrl><description><![CDATA[<p><b>Mass shootings</b> &middot; mass-shooting</p><p>1/17/1989. Venue type: school. Killed: 6 (MJ count, includes the perpetrator; 5 victims killed). Injured: 29. Total victims: 35. Patrick Purdy, 26, an alcoholic with a police record, launched an assault at Cleveland Elementary School, where many young Southeast Asian immigrants were enrolled. Purdy killed himself with a shot to the head. Source: Mother Jones mass-shootings dataset (1982-2026); row sources: http://www.recordnet.com/apps/pbcs.dll/article?AID=/20090118/A_NEWS/901170304; http://news.google.com/newspapers?id=N8Iz....</p><p><a href="https://www.b0b.dev/report#X">View in report</a></p>]]></description><TimeStamp><when>1989-01-17</when></TimeStamp><Point><coordinates>-121.29078,37.9577,0</coordinates></Point></Placemark><Placemark><name>Standard Gravure shooting - Louisville, Kentucky</name><styleUrl>#t-mass-shooting</styleUrl><description><![CDATA[<p><b>Mass shootings</b> &middot; mass-shooting</p><p>9/14/1989. Venue type: workplace. Killed: 9 (MJ count, includes the perpetrator; 8 victims killed). Injured: 12. Total victims: 21. Joseph T. Wesbecker, 47, gunned down eight people at his former workplace before committing suicide. Source: Mother Jones mass-shootings dataset (1982-2026); row sources: http://nl.newsbank.com/nl-search/we/Archives?p_product=LH&amp;s_site=kentucky&amp;p_multi=LH&amp;p_theme=realcities&amp;p_action=search&amp;....</p><p><a href="https://www.b0b.dev/report#X">View in report</a></p>]]></description><TimeStamp><when>1989-09-14</when></TimeStamp><Point><coordinates>-85.75941,38.25424,0</coordinates></Point></Placemark><Placemark><name>GMAC massacre - Jacksonville, Florida</name><styleUrl>#t-mass-shooting</styleUrl><description><![CDATA[<p><b>Mass shootings</b> &middot; mass-shooting</p><p>6/18/1990. Venue type: other. Killed: 10 (MJ count, includes the perpetrator; 9 victims killed). Injured: 4. Total victims: 14. James Edward Pough, 42, opened fire at a General Motors Acceptance Corporation office before committing suicide. (The day prior, Pough killed a pimp and prostitute and injured two others. Those victims are not included in the mass murder count.) Source: Mother Jones mass-shootings dataset (1982-2026); row sources: http://www.nytimes.com/1990/06/19/us/florida-gunman-kills-8-and-wounds-6-in-office.html; http://www.nytimes.com/1990/06/....</p><p><a href="https://www.b0b.dev/report#X">View in report</a></p>]]></description><TimeStamp><when>1990-06-18</when></TimeStamp><Point><coordinates>-81.65565,30.33218,0</coordinates></Point></Placemark><Placemark><name>Luby&#x27;s massacre - Killeen, Texas</name><styleUrl>#t-mass-shooting</styleUrl><description><![CDATA[<p><b>Mass shootings</b> &middot; mass-shooting</p><p>10/16/1991. Venue type: other. Killed: 24 (MJ count, includes the perpetrator; 23 victims killed). Injured: 20. Total victims: 44. George Hennard, 35, drove his pickup truck into a Luby&#x27;s cafeteria and opened fire before committing suicide. Source: Mother Jones mass-shootings dataset (1982-2026); row sources: http://www.nytimes.com/1991/10/18/us/portrait-of-texas-killer-impatient-and-troubled.html?pagewanted=all&amp;src=pm; http://....</p><p><a href="https://www.b0b.dev/report#X">View in report</a></p>]]></description><TimeStamp><when>1991-10-16</when></TimeStamp><Point><coordinates>-97.7278,31.11712,0</coordinates></Point></Placemark><Placemark><name>University of Iowa shooting - Iowa City, Iowa</name><styleUrl>#t-mass-shooting</styleUrl><description><![CDATA[<p><b>Mass shootings</b> &middot; mass-shooting</p><p>11/1/1991. Venue type: school. Killed: 6 (MJ count, includes the perpetrator; 5 victims killed). Injured: 1. Total victims: 7. Former graduate student Gang Lu, 28, went on a rampage on campus and then committed suicide at the scene. Source: Mother Jones mass-shootings dataset (1982-2026); row sources: http://www.nytimes.com/1991/11/03/us/gunman-in-iowa-wrote-of-plans-in-five-letters.html?pagewanted=all&amp;src=pm; http://th....</p><p><a href="https://www.b0b.dev/report#X">View in report</a></p>]]></description><TimeStamp><when>1991-11-01</when></TimeStamp><Point><coordinates>-91.53022,41.66069,0</coordinates></Point></Placemark><Placemark><name>Royal Oak postal shootings - Royal Oak, Michigan</name><styleUrl>#t-mass-shooting</styleUrl><description><![CDATA[<p><b>Mass shootings</b> &middot; mass-shooting</p><p>11/14/1991. Venue type: workplace. Killed: 5 (MJ count, includes the perpetrator; 4 victims killed). Injured: 5. Total victims: 10. Laid-off postal worker Thomas McIlvane, 31, opened fire at his former workplace before committing suicide. Source: Mother Jones mass-shootings dataset (1982-2026); row sources: http://www.nytimes.com/1991/11/15/us/ex-postal-worker-kills-3-and-wounds-6-in-michigan.html; http://www.mlive.com/news/d....</p><p><a href="https://www.b0b.dev/report#X">View in report</a></p>]]></description><TimeStamp><when>1991-11-14</when></TimeStamp><Point><coordinates>-83.14465,42.48948,0</coordinates></Point></Placemark><Placemark><name>Lindhurst High School shooting - Olivehurst, California</name><styleUrl>#t-mass-shooting</styleUrl><description><![CDATA[<p><b>Mass shootings</b> &middot; mass-shooting</p><p>5/1/1992. Venue type: school. Killed: 4. Injured: 10. Total victims: 14. Former Lindhurst High School student Eric Houston, 20, angry about various personal failings, killed three students and a teacher at the school before surrendering to police after an eight-hour standoff. He was later sentenced to death. Source: Mother Jones mass-shootings dataset (1982-2026); row sources: http://www.schoolshooters.info/PL/Subject-Houston_files/Nine%20Brief%20Sketches.pdf; http://www.appeal-democrat.com/news....</p><p><a href="https://www.b0b.dev/report#X">View in report</a></p>]]></description><TimeStamp><when>1992-05-01</when></TimeStamp><Point><coordinates>-121.54758,39.07869,0</coordinates></Point></Placemark><Placemark><name>Watkins Glen killings - Watkins Glen, New York</name><styleUrl>#t-mass-shooting</styleUrl><description><![CDATA[<p><b>Mass shootings</b> &middot; mass-shooting</p><p>10/15/1992. Venue type: other. Killed: 5 (MJ count, includes the perpetrator; 4 victims killed). Injured: 0. Total victims: 5. John T. Miller, 50, killed four child-support workers in a county office building before turning the gun on himself. Miller was upset about a court order garnishing his paycheck to cover overdue child-support payments. Source: Mother Jones mass-shootings dataset (1982-2026); row sources: http://www.nytimes.com/1992/10/17/nyregion/shooting-followed-tougher-efforts-to-collect-child-support.html?pagewanted=2&amp;....</p><p><a href="https://www.b0b.dev/report#X">View in report</a></p>]]></description><TimeStamp><when>1992-10-15</when></TimeStamp><Point><coordinates>-76.87058,42.38106,0</coordinates></Point></Placemark><Placemark><name>101 California Street shootings - San Francisco, California</name><styleUrl>#t-mass-shooting</styleUrl><description><![CDATA[<p><b>Mass shootings</b> &middot; mass-shooting</p><p>7/1/1993. Venue type: other. Killed: 9 (MJ count, includes the perpetrator; 8 victims killed). Injured: 6. Total victims: 15. Failed businessman Gian Luigi Ferri, 55, opened fire throughout an office building before he committed suicide inside as police pursued him. Source: Mother Jones mass-shootings dataset (1982-2026); row sources: http://articles.latimes.com/1993-07-03/news/mn-10731_1_mortgage-business/2; http://www.motherjones.com/print/16316; http....</p><p><a href="https://www.b0b.dev/report#X">View in report</a></p>]]></description><TimeStamp><when>1993-07-01</when></TimeStamp><Point><coordinates>-122.39797,37.79297,0</coordinates></Point></Placemark><Placemark><name>Luigi&#x27;s shooting - Fayetteville, North Carolina</name><styleUrl>#t-mass-shooting</styleUrl><description><![CDATA[<p><b>Mass shootings</b> &middot; mass-shooting</p><p>8/6/1993. Venue type: other. Killed: 4. Injured: 8. Total victims: 12. Army Sgt. Kenneth Junior French, 22, opened fire inside Luigi&#x27;s Italian restaurant while ranting about gays in the military before he was shot and arrested by police. Source: Mother Jones mass-shootings dataset (1982-2026); row sources: http://articles.latimes.com/1993-08-08/news/mn-21847_1_kills-army-french; http://news.google.com/newspapers?id=0AhPAAAAI....</p><p><a href="https://www.b0b.dev/report#X">View in report</a></p>]]></description><TimeStamp><when>1993-08-06</when></TimeStamp><Point><coordinates>-78.9539,35.0769,0</coordinates></Point></Placemark><Placemark><name>Long Island Rail Road massacre - Garden City, New York</name><styleUrl>#t-mass-shooting</styleUrl><description><![CDATA[<p><b>Mass shootings</b> &middot; mass-shooting</p><p>12/7/1993. Venue type: other. Killed: 6. Injured: 19. Total victims: 25. Colin Ferguson, 35, opened fire on an eastbound Long Island Rail Road train as it approached a Garden City station. He was later arrested. Source: Mother Jones mass-shootings dataset (1982-2026); row sources: http://www.nytimes.com/1993/12/12/nyregion/tormented-life-special-report-long-slide-privilege-ends-slaughter-train.html;....</p><p><a href="https://www.b0b.dev/report#X">View in report</a></p>]]></description><TimeStamp><when>1993-12-07</when></TimeStamp><Point><coordinates>-73.6343,40.72677,0</coordinates></Point></Placemark><Placemark><name>Chuck E. Cheese&#x27;s killings - Aurora, Colorado</name><styleUrl>#t-mass-shooting</styleUrl><description><![CDATA[<p><b>Mass shootings</b> &middot; mass-shooting</p><p>12/14/1993. Venue type: workplace. Killed: 4. Injured: 1. Total victims: 5. Nathan Dunlap, 19, a recently fired Chuck E. Cheese&#x27;s employee, went on a rampage through his former workplace and was arrested the following day. He now awaits execution on death row. Source: Mother Jones mass-shootings dataset (1982-2026); row sources: http://www.denverpost.com/news/ci_20218952/aurora-chuck-e-cheese-killers-appeal-cites-mental; http://abcnews.go.com/US/a....</p><p><a href="https://www.b0b.dev/report#X">View in report</a></p>]]></description><TimeStamp><when>1993-12-14</when></TimeStamp><Point><coordinates>-104.84485,39.6756,0</coordinates></Point></Placemark><Placemark><name>Air Force base shooting - Fairchild Air Force Base, Washington</name><styleUrl>#t-mass-shooting</styleUrl><description><![CDATA[<p><b>Mass shootings</b> &middot; mass-shooting</p><p>6/20/1994. Venue type: military. Killed: 5 (MJ count, includes the perpetrator; 4 victims killed). Injured: 23. Total victims: 28. Former airman Dean Allen Mellberg, 20, opened fire inside a hospital at the Fairchild Air Force Base before he was shot dead by a military police officer outside. Source: Mother Jones mass-shootings dataset (1982-2026); row sources: http://articles.latimes.com/1994-06-22/news/mn-7137_1_air-force; http://www.nytimes.com/1994/06/22/us/an-airman-s-reveng....</p><p><a href="https://www.b0b.dev/report#X">View in report</a></p>]]></description><TimeStamp><when>1994-06-20</when></TimeStamp><Point><coordinates>-117.64836,47.61864,0</coordinates></Point></Placemark><Placemark><name>Walter Rossler Company massacre - Corpus Christi, Texas</name><styleUrl>#t-mass-shooting</styleUrl><description><![CDATA[<p><b>Mass shootings</b> &middot; mass-shooting</p><p>4/3/1995. Venue type: workplace. Killed: 6 (MJ count, includes the perpetrator; 5 victims killed). Injured: 0. Total victims: 6. Disgruntled former metallurgist James Daniel Simpson, 28, opened fire throughout the Walter Rossler Company where he had worked before exiting the building and committing suicide. Source: Mother Jones mass-shootings dataset (1982-2026); row sources: http://web.caller.com/2000/april/03/today/local_ne/4127.html.</p><p><a href="https://www.b0b.dev/report#X">View in report</a></p>]]></description><TimeStamp><when>1995-04-03</when></TimeStamp><Point><coordinates>-97.5482,27.82803,0</coordinates></Point></Placemark><Placemark><name>Fort Lauderdale revenge shooting - Fort Lauderdale, Florida</name><styleUrl>#t-mass-shooting</styleUrl><description><![CDATA[<p><b>Mass shootings</b> &middot; mass-shooting</p><p>2/9/1996. Venue type: workplace. Killed: 6. Injured: 1. Total victims: 7. Fired city park employee Clifton McCree, 41, opened fire on former coworkers he called &quot;racist devils&quot; inside their municipal trailer in an act of revenge after failing a drug test. He then committed suicide. Source: Mother Jones mass-shootings dataset (1982-2026); row sources: http://www.nytimes.com/1996/02/11/us/florida-killer-said-victims-were-racists-police-say.html; http://articles.sun-senti....</p><p><a href="https://www.b0b.dev/report#X">View in report</a></p>]]></description><TimeStamp><when>1996-02-09</when></TimeStamp><Point><coordinates>-80.10412,26.11927,0</coordinates></Point></Placemark><Placemark><name>R.E. Phelon Company shooting - Aiken, South Carolina</name><styleUrl>#t-mass-shooting</styleUrl><description><![CDATA[<p><b>Mass shootings</b> &middot; mass-shooting</p><p>9/15/1997. Venue type: workplace. Killed: 4. Injured: 3. Total victims: 7. Ex-con Hastings Arthur Wise, 43, opened fire at the R.E. Phelon Company in retaliation for being fired after an argument with a supervisor. He attempted suicide by ingesting insecticide, failed, and was executed by the state of South Carolina eight years later. Source: Mother Jones mass-shootings dataset (1982-2026); row sources: http://www.vpc.org/studies/wgun970915.htm; http://chronicle.augusta.com/stories/1997/09/18/met_214833.shtml.</p><p><a href="https://www.b0b.dev/report#X">View in report</a></p>]]></description><TimeStamp><when>1997-09-15</when></TimeStamp><Point><coordinates>-81.72195,33.55986,0</coordinates></Point></Placemark><Placemark><name>Caltrans maintenance yard shooting - Orange, California</name><styleUrl>#t-mass-shooting</styleUrl><description><![CDATA[<p><b>Mass shootings</b> &middot; mass-shooting</p><p>12/18/1997. Venue type: workplace. Killed: 5 (MJ count, includes the perpetrator; 4 victims killed). Injured: 2. Total victims: 7. Former Caltrans employee Arturo Reyes Torres, 41, opened fire at a maintenance yard after he was fired for allegedly selling government materials he&#x27;d stolen from work. He was shot dead by police. Source: Mother Jones mass-shootings dataset (1982-2026); row sources: http://articles.latimes.com/1997/dec/20/news/mn-431; http://articles.latimes.com/1997/dec/22/local/me-1156; http://www.v....</p><p><a href="https://www.b0b.dev/report#X">View in report</a></p>]]></description><TimeStamp><when>1997-12-18</when></TimeStamp><Point><coordinates>-117.85311,33.78779,0</coordinates></Point></Placemark><Placemark><name>Connecticut Lottery shooting - Newington, Connecticut</name><styleUrl>#t-mass-shooting</styleUrl><description><![CDATA[<p><b>Mass shootings</b> &middot; mass-shooting</p><p>3/6/1998. Venue type: workplace. Killed: 5 (MJ count, includes the perpetrator; 4 victims killed). Injured: 1. Total victims: 6. Lottery worker Matthew Beck, 35, gunned down four bosses over a salary dispute before committing suicide. Source: Mother Jones mass-shootings dataset (1982-2026); row sources: http://www.nytimes.com/1998/03/07/nyregion/rampage-connecticut-overview-connecticut-lottery-worker-kills-4-bosses-then.h....</p><p><a href="https://www.b0b.dev/report#X">View in report</a></p>]]></description><TimeStamp><when>1998-03-06</when></TimeStamp><Point><coordinates>-72.72984,41.68563,0</coordinates></Point></Placemark><Placemark><name>Westside Middle School killings - Jonesboro, Arkansas</name><styleUrl>#t-mass-shooting</styleUrl><description><![CDATA[<p><b>Mass shootings</b> &middot; mass-shooting</p><p>3/24/1998. Venue type: school. Killed: 5. Injured: 10. Total victims: 15. Mitchell Scott Johnson, 13, and Andrew Douglas Golden, 11, two juveniles, ambushed students and teachers as they left the school; they were apprehended by police at the scene. Source: Mother Jones mass-shootings dataset (1982-2026); row sources: http://www.vpc.org/studies/wgun980324.htm.</p><p><a href="https://www.b0b.dev/report#X">View in report</a></p>]]></description><TimeStamp><when>1998-03-24</when></TimeStamp><Point><coordinates>-90.8058,35.8569,0</coordinates></Point></Placemark><Placemark><name>Thurston High School shooting - Springfield, Oregon</name><styleUrl>#t-mass-shooting</styleUrl><description><![CDATA[<p><b>Mass shootings</b> &middot; mass-shooting</p><p>5/21/1998. Venue type: school. Killed: 4. Injured: 25. Total victims: 29. After he was expelled for having a gun in his locker, Kipland P. Kinkel, 15, a freshman at Thurston High, went on a shooting spree, killing his parents at home and two students at school. Five classmates wrestled Kipland to the ground before he was arrested. Source: Mother Jones mass-shootings dataset (1982-2026); row sources: http://www.katu.com/news/local/8082147.html; http://www.pbs.org/wgbh/pages/frontline/shows/kinkel/kip/cron.html; http://....</p><p><a href="https://www.b0b.dev/report#X">View in report</a></p>]]></description><TimeStamp><when>1998-05-21</when></TimeStamp><Point><coordinates>-122.92472,44.04944,0</coordinates></Point></Placemark><Placemark><name>Columbine High School massacre - Littleton, Colorado</name><styleUrl>#t-mass-shooting</styleUrl><description><![CDATA[<p><b>Mass shootings</b> &middot; mass-shooting</p><p>4/20/1999. Venue type: school. Killed: 13. Injured: 24. Total victims: 37. Eric Harris, 18, and Dylan Klebold, 17, opened fire throughout Columbine High School before committing suicide. Source: Mother Jones mass-shootings dataset (1982-2026); row sources: http://www.usatoday.com/news/nation/2009-04-13-columbine-myths_N.htm; http://www.vpc.org/studies/wgun990420.htm; http://....</p><p><a href="https://www.b0b.dev/report#X">View in report</a></p>]]></description><TimeStamp><when>1999-04-20</when></TimeStamp><Point><coordinates>-105.0741,39.60403,0</coordinates></Point></Placemark><Placemark><name>Atlanta day trading spree killings - Atlanta, Georgia</name><styleUrl>#t-mass-shooting</styleUrl><description><![CDATA[<p><b>Mass shootings</b> &middot; mass-shooting</p><p>7/29/1999. Venue type: workplace. Killed: 9. Injured: 13. Total victims: 22. Day trader Mark O. Barton, 44, who had recently lost a substantial sum of money, went on a shooting spree through two day-trading firms. He started at the All-Tech Investment Group, where he worked, then went on to Momentum Securities. He fled and hours later, after being cornered by police outside a gas station, committed suicide. Source: Mother Jones mass-shootings dataset (1982-2026); row sources: http://www.independent.co.uk/news/i-dont-plan-to-live-much-longer-just-long-enough-to-kill-the-people-that-greedily-soug....</p><p><a href="https://www.b0b.dev/report#X">View in report</a></p>]]></description><TimeStamp><when>1999-07-29</when></TimeStamp><Point><coordinates>-84.37784,33.85012,0</coordinates></Point></Placemark><Placemark><name>Wedgwood Baptist Church shooting - Fort Worth, Texas</name><styleUrl>#t-mass-shooting</styleUrl><description><![CDATA[<p><b>Mass shootings</b> &middot; mass-shooting</p><p>9/15/1999. Venue type: religious. Killed: 8 (MJ count, includes the perpetrator; 7 victims killed). Injured: 7. Total victims: 15. Larry Gene Ashbrook, 47, opened fire inside the Wedgwood Baptist Church during a prayer rally before committing suicide. Source: Mother Jones mass-shootings dataset (1982-2026); row sources: http://www.nytimes.com/1999/09/20/us/fort-worth-remembers-those-killed-at-church.html?pagewanted=all&amp;src=pm; http://www.....</p><p><a href="https://www.b0b.dev/report#X">View in report</a></p>]]></description><TimeStamp><when>1999-09-15</when></TimeStamp><Point><coordinates>-97.38425,32.66451,0</coordinates></Point></Placemark><Placemark><name>Xerox killings - Honolulu, Hawaii</name><styleUrl>#t-mass-shooting</styleUrl><description><![CDATA[<p><b>Mass shootings</b> &middot; mass-shooting</p><p>11/2/1999. Venue type: workplace. Killed: 7. Injured: 0. Total victims: 7. Byran Koji Uyesugi, 40, a Xerox service technician, opened fire inside the building with a 9mm Glock. He fled and was later apprehended by police. Source: Mother Jones mass-shootings dataset (1982-2026); row sources: http://archives.starbulletin.com/2000/06/02/news/story2.html; http://www.vpc.org/studies/wgun991102.htm.</p><p><a href="https://www.b0b.dev/report#X">View in report</a></p>]]></description><TimeStamp><when>1999-11-02</when></TimeStamp><Point><coordinates>-157.87646,21.32006,0</coordinates></Point></Placemark><Placemark><name>Hotel shooting - Tampa, Florida</name><styleUrl>#t-mass-shooting</styleUrl><description><![CDATA[<p><b>Mass shootings</b> &middot; mass-shooting</p><p>12/30/1999. Venue type: workplace. Killed: 5. Injured: 3. Total victims: 8. Hotel employee Silvio Leyva, 36, gunned down four coworkers at the Radisson Bay Harbor Inn before killing a woman outside who refused to give him her car. He was arrested shortly after the shootings. Source: Mother Jones mass-shootings dataset (1982-2026); row sources: http://www.sptimes.com/News/123000/news_pf/TampaBay/A_year_later__the_str.shtml; http://www.vpc.org/studies/wgun991230.h....</p><p><a href="https://www.b0b.dev/report#X">View in report</a></p>]]></description><TimeStamp><when>1999-12-30</when></TimeStamp><Point><coordinates>-82.57059,27.96648,0</coordinates></Point></Placemark><Placemark><name>Wakefield massacre - Wakefield, Massachusetts</name><styleUrl>#t-mass-shooting</styleUrl><description><![CDATA[<p><b>Mass shootings</b> &middot; mass-shooting</p><p>12/26/2000. Venue type: workplace. Killed: 7. Injured: 0. Total victims: 7. Michael McDermott, 42, opened fire on co-workers at Edgewater Technology and was later arrested. Source: Mother Jones mass-shootings dataset (1982-2026); row sources: http://www.time.com/time/magazine/article/0,9171,93313,00.html; http://articles.cnn.com/2002-04-22/justice/ctv.mcdermott....</p><p><a href="https://www.b0b.dev/report#X">View in report</a></p>]]></description><TimeStamp><when>2000-12-26</when></TimeStamp><Point><coordinates>-71.07591,42.50043,0</coordinates></Point></Placemark><Placemark><name>Navistar shooting - Melrose Park, Illinois</name><styleUrl>#t-mass-shooting</styleUrl><description><![CDATA[<p><b>Mass shootings</b> &middot; mass-shooting</p><p>2/5/2001. Venue type: workplace. Killed: 5 (MJ count, includes the perpetrator; 4 victims killed). Injured: 4. Total victims: 9. Fired employee William D. Baker, 66, opened fire at his former Navistar workplace before committing suicide. Source: Mother Jones mass-shootings dataset (1982-2026); row sources: http://articles.chicagotribune.com/2001-02-07/news/0102070122_1_navistar-gun-law-hunting-rifle; http://www.vpc.org/studi....</p><p><a href="https://www.b0b.dev/report#X">View in report</a></p>]]></description><TimeStamp><when>2001-02-05</when></TimeStamp><Point><coordinates>-87.87991,41.90816,0</coordinates></Point></Placemark><Placemark><name>Lockheed Martin shooting - Meridian, Mississippi</name><styleUrl>#t-mass-shooting</styleUrl><description><![CDATA[<p><b>Mass shootings</b> &middot; mass-shooting</p><p>7/8/2003. Venue type: workplace. Killed: 7 (MJ count, includes the perpetrator; 6 victims killed). Injured: 8. Total victims: 15. Assembly line worker Douglas Williams, 48, opened fire at his Lockheed Martin workplace in a racially motivated attack before committing suicide. Source: Mother Jones mass-shootings dataset (1982-2026); row sources: http://usatoday30.usatoday.com/news/nation/2003-07-08-miss-shooting-main_x.htm; http://www.nytimes.com/2003/07/09/us/man....</p><p><a href="https://www.b0b.dev/report#X">View in report</a></p>]]></description><TimeStamp><when>2003-07-08</when></TimeStamp><Point><coordinates>-88.63454,32.41084,0</coordinates></Point></Placemark><Placemark><name>Damageplan show shooting - Columbus, Ohio</name><styleUrl>#t-mass-shooting</styleUrl><description><![CDATA[<p><b>Mass shootings</b> &middot; mass-shooting</p><p>12/8/2004. Venue type: other. Killed: 5 (MJ count, includes the perpetrator; 4 victims killed). Injured: 7. Total victims: 12. Nathan Gale, 25, possibly upset about the breakup of Pantera, gunned down former Pantera guitarist Dimebag Darrell and three others at a Damageplan show before a police officer fatally shot Gale. Source: Mother Jones mass-shootings dataset (1982-2026); row sources: http://www.cbsnews.com/2100-201_162-659983.html; http://www.knac.com/article.asp?ArticleID=3417; http://www.blabbermouth....</p><p><a href="https://www.b0b.dev/report#X">View in report</a></p>]]></description><TimeStamp><when>2004-12-08</when></TimeStamp><Point><coordinates>-83.00071,39.96226,0</coordinates></Point></Placemark><Placemark><name>Living Church of God shooting - Brookfield, Wisconsin</name><styleUrl>#t-mass-shooting</styleUrl><description><![CDATA[<p><b>Mass shootings</b> &middot; mass-shooting</p><p>3/12/2005. Venue type: religious. Killed: 7. Injured: 4. Total victims: 11. Living Church of God member Terry Michael Ratzmann, 44, opened fire at a church meeting at a Sheraton hotel before committing suicide. Source: Mother Jones mass-shootings dataset (1982-2026); row sources: http://www.cbsnews.com/2100-201_162-679761.html; http://www.foxnews.com/story/0,2933,150255,00.html; http://www.msnbc.ms....</p><p><a href="https://www.b0b.dev/report#X">View in report</a></p>]]></description><TimeStamp><when>2005-03-12</when></TimeStamp><Point><coordinates>-88.10648,43.06057,0</coordinates></Point></Placemark><Placemark><name>Red Lake massacre - Red Lake, Minnesota</name><styleUrl>#t-mass-shooting</styleUrl><description><![CDATA[<p><b>Mass shootings</b> &middot; mass-shooting</p><p>3/21/2005. Venue type: school. Killed: 10. Injured: 5. Total victims: 15. Jeffrey Weise, 16, murdered his grandfather, who was a police officer, and grandfather&#x27;s girlfriend. Weise then drove his grandfather&#x27;s squad car to Red Lake Senior High School and opened fire on the reservation campus, killing another seven people before committing suicide. Source: Mother Jones mass-shootings dataset (1982-2026); row sources: http://news.google.com/newspapers?id=c4dIAAAAIBAJ&amp;sjid=_XEDAAAAIBAJ&amp;pg=5163,1527281&amp;dq=jeffrey+weise+mental+ill&amp;hl=en; h....</p><p><a href="https://www.b0b.dev/report#X">View in report</a></p>]]></description><TimeStamp><when>2005-03-21</when></TimeStamp><Point><coordinates>-95.01694,47.87635,0</coordinates></Point></Placemark><Placemark><name>Goleta postal shootings - Goleta, California</name><styleUrl>#t-mass-shooting</styleUrl><description><![CDATA[<p><b>Mass shootings</b> &middot; mass-shooting</p><p>1/30/2006. Venue type: workplace. Killed: 8 (MJ count, includes the perpetrator; 7 victims killed). Injured: 0. Total victims: 8. Former postal worker Jennifer Sanmarco, 44, shot dead a former neighbor then drove to the mail processing plant where she used to work. Inside, she opened fire, killing six employees before committing suicide. Source: Mother Jones mass-shootings dataset (1982-2026); row sources: http://www.msnbc.msn.com/id/11167920/ns/us_news-crime_and_courts/t/postal-killer-believed-she-was-target-plot/#.UIxy7kzL....</p><p><a href="https://www.b0b.dev/report#X">View in report</a></p>]]></description><TimeStamp><when>2006-01-30</when></TimeStamp><Point><coordinates>-119.86607,34.42557,0</coordinates></Point></Placemark><Placemark><name>Capitol Hill massacre - Seattle, Washington</name><styleUrl>#t-mass-shooting</styleUrl><description><![CDATA[<p><b>Mass shootings</b> &middot; mass-shooting</p><p>3/25/2006. Venue type: other. Killed: 7 (MJ count, includes the perpetrator; 6 victims killed). Injured: 2. Total victims: 9. Kyle Aaron Huff, 28, opened fire at a rave afterparty in the Capitol Hill neighborhood of Seattle before committing suicide. Source: Mother Jones mass-shootings dataset (1982-2026); row sources: http://seattletimes.com/html/localnews/2002892043_shooter27m.html; http://seattletimes.com/html/localnews/2002898900_huf....</p><p><a href="https://www.b0b.dev/report#X">View in report</a></p>]]></description><TimeStamp><when>2006-03-25</when></TimeStamp><Point><coordinates>-122.3165,47.6229,0</coordinates></Point></Placemark><Placemark><name>Amish school shooting - Lancaster County, Pennsylvania</name><styleUrl>#t-mass-shooting</styleUrl><description><![CDATA[<p><b>Mass shootings</b> &middot; mass-shooting</p><p>10/2/2006. Venue type: school. Killed: 6 (MJ count, includes the perpetrator; 5 victims killed). Injured: 5. Total victims: 11. Charles Carl Roberts, 32, shot 10 young girls in a one-room schoolhouse in Bart Township, killing 5, before taking his own life. Source: Mother Jones mass-shootings dataset (1982-2026); row sources: http://news.google.com/newspapers?id=O8oyAAAAIBAJ&amp;sjid=YSUEAAAAIBAJ&amp;pg=6143,1260138&amp;dq=charles+carl+roberts+mentally+ill....</p><p><a href="https://www.b0b.dev/report#X">View in report</a></p>]]></description><TimeStamp><when>2006-10-02</when></TimeStamp><Point><coordinates>-76.0806,39.9589,0</coordinates></Point></Placemark><Placemark><name>Trolley Square shooting - Salt Lake City, Utah</name><styleUrl>#t-mass-shooting</styleUrl><description><![CDATA[<p><b>Mass shootings</b> &middot; mass-shooting</p><p>2/12/2007. Venue type: other. Killed: 6 (MJ count, includes the perpetrator; 5 victims killed). Injured: 4. Total victims: 10. Sulejman Talović, 18, rampaged through the shopping center until he was shot dead by police. Source: Mother Jones mass-shootings dataset (1982-2026); row sources: http://www.deseretnews.com/article/660205647/Ex-relative-calls-Talovic-vicious-troubled.html?pg=all; http://www.cbsnews.....</p><p><a href="https://www.b0b.dev/report#X">View in report</a></p>]]></description><TimeStamp><when>2007-02-12</when></TimeStamp><Point><coordinates>-111.89109,40.76065,0</coordinates></Point></Placemark><Placemark><name>Virginia Tech massacre - Blacksburg, Virginia</name><styleUrl>#t-mass-shooting</styleUrl><description><![CDATA[<p><b>Mass shootings</b> &middot; mass-shooting</p><p>4/16/2007. Venue type: school. Killed: 32. Injured: 23. Total victims: 55. Virginia Tech student Seung-Hui Cho, 23, opened fire on his school&#x27;s campus before committing suicide. Source: Mother Jones mass-shootings dataset (1982-2026); row sources: http://www.nytimes.com/2007/04/24/us/24virginia.html; http://www.thestandard.com.hk/news_detail.asp?we_cat=9&amp;art_id=4248....</p><p><a href="https://www.b0b.dev/report#X">View in report</a></p>]]></description><TimeStamp><when>2007-04-16</when></TimeStamp><Point><coordinates>-80.41394,37.22957,0</coordinates></Point></Placemark><Placemark><name>Crandon shooting - Crandon, Wisconsin</name><styleUrl>#t-mass-shooting</styleUrl><description><![CDATA[<p><b>Mass shootings</b> &middot; mass-shooting</p><p>10/7/2007. Venue type: other. Killed: 6. Injured: 1. Total victims: 7. Off-duty sheriff&#x27;s deputy Tyler Peterson, 20, opened fire inside an apartment after an argument at a homecoming party. He fled the scene and later committed suicide. Source: Mother Jones mass-shootings dataset (1982-2026); row sources: http://www.rivernewsonline.com/main.asp?SectionID=6&amp;SubSectionID=47&amp;ArticleID=368; http://news.google.com/newspapers?id=....</p><p><a href="https://www.b0b.dev/report#X">View in report</a></p>]]></description><TimeStamp><when>2007-10-07</when></TimeStamp><Point><coordinates>-88.90289,45.57191,0</coordinates></Point></Placemark><Placemark><name>Westroads Mall shooting - Omaha, Nebraska</name><styleUrl>#t-mass-shooting</styleUrl><description><![CDATA[<p><b>Mass shootings</b> &middot; mass-shooting</p><p>12/5/2007. Venue type: other. Killed: 9 (MJ count, includes the perpetrator; 8 victims killed). Injured: 4. Total victims: 13. Robert A. Hawkins, 19, opened fire inside Westroads Mall before committing suicide. Source: Mother Jones mass-shootings dataset (1982-2026); row sources: http://www.guardian.co.uk/world/2007/dec/06/usa.usgunviolence2; http://www.npr.org/templates/story/story.php?storyId=169....</p><p><a href="https://www.b0b.dev/report#X">View in report</a></p>]]></description><TimeStamp><when>2007-12-05</when></TimeStamp><Point><coordinates>-96.06749,41.26572,0</coordinates></Point></Placemark><Placemark><name>Kirkwood City Council shooting - Kirkwood, Missouri</name><styleUrl>#t-mass-shooting</styleUrl><description><![CDATA[<p><b>Mass shootings</b> &middot; mass-shooting</p><p>2/7/2008. Venue type: other. Killed: 6. Injured: 2. Total victims: 8. Charles &quot;Cookie&quot; Lee Thornton, 52, went on a rampage at the city hall before being shot and killed by police. Source: Mother Jones mass-shootings dataset (1982-2026); row sources: http://www.stltoday.com/news/local/crime-and-courts/charles-lee-cookie-thornton-behind-the-smile/article_be96f13c-78b9-1....</p><p><a href="https://www.b0b.dev/report#X">View in report</a></p>]]></description><TimeStamp><when>2008-02-07</when></TimeStamp><Point><coordinates>-90.40691,38.58009,0</coordinates></Point></Placemark><Placemark><name>Northern Illinois University shooting - DeKalb, Illinois</name><styleUrl>#t-mass-shooting</styleUrl><description><![CDATA[<p><b>Mass shootings</b> &middot; mass-shooting</p><p>2/14/2008. Venue type: school. Killed: 5. Injured: 21. Total victims: 26. Steven Kazmierczak, 27, opened fire in a lecture hall, then shot and killed himself before police arrived. Source: Mother Jones mass-shootings dataset (1982-2026); row sources: http://www.huffingtonpost.com/jonathan-fast/steve-kazmierczak-the-sec_b_87031.html; http://www.msnbc.msn.com/id/23171567....</p><p><a href="https://www.b0b.dev/report#X">View in report</a></p>]]></description><TimeStamp><when>2008-02-14</when></TimeStamp><Point><coordinates>-88.75036,41.92947,0</coordinates></Point></Placemark><Placemark><name>Atlantis Plastics shooting - Henderson, Kentucky</name><styleUrl>#t-mass-shooting</styleUrl><description><![CDATA[<p><b>Mass shootings</b> &middot; mass-shooting</p><p>6/25/2008. Venue type: workplace. Killed: 6 (MJ count, includes the perpetrator; 5 victims killed). Injured: 1. Total victims: 7. Disgruntled employee Wesley Neal Higdon, 25, shot up an Atlantis Plastics factory after he was escorted out of his workplace for an argument with a supervisor. Higdon shot the supervisor outside the factory before opening fire on coworkers inside. He then committed suicide. Source: Mother Jones mass-shootings dataset (1982-2026); row sources: http://www.foxnews.com/story/0,2933,371242,00.html; http://www.msnbc.msn.com/id/25393695/ns/us_news-crime_and_courts/t/w....</p><p><a href="https://www.b0b.dev/report#X">View in report</a></p>]]></description><TimeStamp><when>2008-06-25</when></TimeStamp><Point><coordinates>-87.63897,37.80422,0</coordinates></Point></Placemark><Placemark><name>Carthage nursing home shooting - Carthage, North Carolina</name><styleUrl>#t-mass-shooting</styleUrl><description><![CDATA[<p><b>Mass shootings</b> &middot; mass-shooting</p><p>3/29/2009. Venue type: other. Killed: 8. Injured: 3. Total victims: 11. Robert Stewart, 45, opened fire at a nursing home where his estranged wife worked before he was shot and arrested by a police officer. Source: Mother Jones mass-shootings dataset (1982-2026); row sources: http://www.wral.com/news/local/story/9845639/; http://www.wral.com/news/local/story/4837676/.</p><p><a href="https://www.b0b.dev/report#X">View in report</a></p>]]></description><TimeStamp><when>2009-03-29</when></TimeStamp><Point><coordinates>-79.41459,35.33343,0</coordinates></Point></Placemark><Placemark><name>Binghamton shootings - Binghamton, New York</name><styleUrl>#t-mass-shooting</styleUrl><description><![CDATA[<p><b>Mass shootings</b> &middot; mass-shooting</p><p>4/3/2009. Venue type: other. Killed: 14 (MJ count, includes the perpetrator; 13 victims killed). Injured: 4. Total victims: 18. Jiverly Wong, 41, opened fire at an American Civic Association center for immigrants before committing suicide. Source: Mother Jones mass-shootings dataset (1982-2026); row sources: http://www.nytimes.com/2009/04/12/nyregion/12binghamton.html?pagewanted=all&amp;_r=0; http://www.nytimes.com/2009/04/04/nyre....</p><p><a href="https://www.b0b.dev/report#X">View in report</a></p>]]></description><TimeStamp><when>2009-04-03</when></TimeStamp><Point><coordinates>-75.91772,42.0998,0</coordinates></Point></Placemark><Placemark><name>Fort Hood massacre - Fort Hood, Texas</name><styleUrl>#t-mass-shooting</styleUrl><description><![CDATA[<p><b>Mass shootings</b> &middot; mass-shooting</p><p>11/5/2009. Venue type: military. Killed: 13. Injured: 31. Total victims: 44. Army psychiatrist Nidal Malik Hasan, 39, opened fire on an Army base in an attack linked to Islamist extremism. Hasan was injured during the attack and later arrested. Source: Mother Jones mass-shootings dataset (1982-2026); row sources: http://seattletimes.com/html/nationworld/2010232219_apusforthoodshooting.html; http://articles.latimes.com/2010/oct/21/n....</p><p><a href="https://www.b0b.dev/report#X">View in report</a></p>]]></description><TimeStamp><when>2009-11-05</when></TimeStamp><Point><coordinates>-97.78366,31.13556,0</coordinates></Point></Placemark><Placemark><name>Coffee shop police killings - Parkland, Washington</name><styleUrl>#t-mass-shooting</styleUrl><description><![CDATA[<p><b>Mass shootings</b> &middot; mass-shooting</p><p>11/29/2009. Venue type: other. Killed: 4. Injured: 1. Total victims: 5. Maurice Clemmons, 37, a felon who was out on bail for child-rape charges, entered a coffee shop on a Sunday morning and shot four police officers who had gone there to use their laptops before their shifts. Clemmons, who was wounded fleeing the scene, was later shot dead by a police officer in Seattle after a two-day manhunt. Source: Mother Jones mass-shootings dataset (1982-2026); row sources: http://seattletimes.com/html/localnews/2010385617_webmansought29.html; http://www.nytimes.com/2009/11/30/us/30tacoma.htm....</p><p><a href="https://www.b0b.dev/report#X">View in report</a></p>]]></description><TimeStamp><when>2009-11-29</when></TimeStamp><Point><coordinates>-122.46731,47.15277,0</coordinates></Point></Placemark><Placemark><name>Hartford Beer Distributor shooting - Manchester, Connecticut</name><styleUrl>#t-mass-shooting</styleUrl><description><![CDATA[<p><b>Mass shootings</b> &middot; mass-shooting</p><p>8/3/2010. Venue type: workplace. Killed: 9 (MJ count, includes the perpetrator; 8 victims killed). Injured: 2. Total victims: 11. Omar S. Thornton, 34, shot up his Hartford Beer Distributor workplace after facing disciplinary issues, then committed suicide. Source: Mother Jones mass-shootings dataset (1982-2026); row sources: http://www.cbsnews.com/8301-504083_162-20012557-504083.html; http://www.msnbc.msn.com/id/38535909/ns/us_news-crime_and_c....</p><p><a href="https://www.b0b.dev/report#X">View in report</a></p>]]></description><TimeStamp><when>2010-08-03</when></TimeStamp><Point><coordinates>-72.57007,41.79876,0</coordinates></Point></Placemark><Placemark><name>Tucson shooting - Tucson, Arizona</name><styleUrl>#t-mass-shooting</styleUrl><description><![CDATA[<p><b>Mass shootings</b> &middot; mass-shooting</p><p>1/8/2011. Venue type: other. Killed: 6. Injured: 13. Total victims: 19. Jared Loughner, 22, opened fire outside a Safeway during a constituent meeting with Congresswoman Gabrielle Giffords (D-Ariz.) before he was subdued by bystanders and arrested. Source: Mother Jones mass-shootings dataset (1982-2026); row sources: http://www.time.com/time/magazine/article/0,9171,2042358,00.html; http://www.csmonitor.com/USA/Politics/2011/0110/Why-Ja....</p><p><a href="https://www.b0b.dev/report#X">View in report</a></p>]]></description><TimeStamp><when>2011-01-08</when></TimeStamp><Point><coordinates>-110.97513,32.33594,0</coordinates></Point></Placemark><Placemark><name>IHOP shooting - Carson City, Nevada</name><styleUrl>#t-mass-shooting</styleUrl><description><![CDATA[<p><b>Mass shootings</b> &middot; mass-shooting</p><p>9/6/2011. Venue type: other. Killed: 5 (MJ count, includes the perpetrator; 4 victims killed). Injured: 7. Total victims: 12. Eduardo Sencion, 32, opened fire at an International House of Pancakes restaurant and later died from a self-inflicted gunshot wound. Source: Mother Jones mass-shootings dataset (1982-2026); row sources: http://www.huffingtonpost.com/2011/11/03/eduardo-sencion-ihop-shooter_n_1073677.html; http://www.lasvegassun.com/news/20....</p><p><a href="https://www.b0b.dev/report#X">View in report</a></p>]]></description><TimeStamp><when>2011-09-06</when></TimeStamp><Point><coordinates>-119.7695,39.1313,0</coordinates></Point></Placemark><Placemark><name>Seal Beach shooting - Seal Beach, California</name><styleUrl>#t-mass-shooting</styleUrl><description><![CDATA[<p><b>Mass shootings</b> &middot; mass-shooting</p><p>10/12/2011. Venue type: other. Killed: 8. Injured: 1. Total victims: 9. Scott Evans Dekraai, 42, opened fire inside a hair salon and was later arrested. Victims killed in the attack included his ex-wife, who Dekraai had a history of violently abusing, according to court records. The two had also been involved in a bitter custody battle. Source: Mother Jones mass-shootings dataset (1982-2026); row sources: http://laist.com/2011/10/13/seal_beach_shooter_suffered_from_ptsd.php; http://blogs.ocweekly.com/navelgazing/2011/10/hai....</p><p><a href="https://www.b0b.dev/report#X">View in report</a></p>]]></description><TimeStamp><when>2011-10-12</when></TimeStamp><Point><coordinates>-118.10464,33.74118,0</coordinates></Point></Placemark><Placemark><name>Su Jung Health Sauna shooting - Norcross, Georgia</name><styleUrl>#t-mass-shooting</styleUrl><description><![CDATA[<p><b>Mass shootings</b> &middot; mass-shooting</p><p>2/21/2012. Venue type: other. Killed: 5 (MJ count, includes the perpetrator; 4 victims killed). Injured: 0. Total victims: 5. Jeong Soo Paek, 59, returned to a Korean spa from which he&#x27;d been kicked out after an altercation. He gunned down two of his sisters and their husbands before committing suicide. Source: Mother Jones mass-shootings dataset (1982-2026); row sources: http://www.gwinnettdailypost.com/news/2012/feb/23/police-id-4-victims-shooter-in-spa-killing/; http://www.cbsnews.com/83....</p><p><a href="https://www.b0b.dev/report#X">View in report</a></p>]]></description><TimeStamp><when>2012-02-21</when></TimeStamp><Point><coordinates>-84.21353,33.94121,0</coordinates></Point></Placemark><Placemark><name>Oikos University killings - Oakland, California</name><styleUrl>#t-mass-shooting</styleUrl><description><![CDATA[<p><b>Mass shootings</b> &middot; mass-shooting</p><p>4/2/2012. Venue type: school. Killed: 7. Injured: 3. Total victims: 10. One L. Goh, 43, a former student, opened fire in a nursing classroom. He fled the scene by car and was arrested nearby a few hours later. Source: Mother Jones mass-shootings dataset (1982-2026); row sources: http://blog.sfgate.com/eguillermo/2012/04/05/something-still-doesnt-compute-in-the-one-goh-nightmare/; http://www.mercur....</p><p><a href="https://www.b0b.dev/report#X">View in report</a></p>]]></description><TimeStamp><when>2012-04-02</when></TimeStamp><Point><coordinates>-122.2025,37.74167,0</coordinates></Point></Placemark><Placemark><name>Seattle cafe shooting - Seattle, Washington</name><styleUrl>#t-mass-shooting</styleUrl><description><![CDATA[<p><b>Mass shootings</b> &middot; mass-shooting</p><p>5/30/2012. Venue type: other. Killed: 6 (MJ count, includes the perpetrator; 5 victims killed). Injured: 1. Total victims: 7. Ian Stawicki, 40, gunned down four patrons at a cafe, and another person during a carjacking nearby, then shot himself as police closed in. (He died later that day in a Seattle hospital.) Source: Mother Jones mass-shootings dataset (1982-2026); row sources: http://usnews.nbcnews.com/_news/2012/05/30/11959312-six-killed-in-seattle-shootings-including-suspect?lite; http://www.c....</p><p><a href="https://www.b0b.dev/report#X">View in report</a></p>]]></description><TimeStamp><when>2012-05-30</when></TimeStamp><Point><coordinates>-122.31722,47.67139,0</coordinates></Point></Placemark><Placemark><name>Aurora theater shooting - Aurora, Colorado</name><styleUrl>#t-mass-shooting</styleUrl><description><![CDATA[<p><b>Mass shootings</b> &middot; mass-shooting</p><p>7/20/2012. Venue type: other. Killed: 12. Injured: 70. Total victims: 82. James Holmes, 24, opened fire in a movie theater during the opening night of &quot;The Dark Night Rises&quot; and was later arrested outside. Source: Mother Jones mass-shootings dataset (1982-2026); row sources: http://www.cbsnews.com/8301-201_162-57497820/james-holmes-saw-three-mental-health-professionals-before-shooting/; http:/....</p><p><a href="https://www.b0b.dev/report#X">View in report</a></p>]]></description><TimeStamp><when>2012-07-20</when></TimeStamp><Point><coordinates>-104.82059,39.70604,0</coordinates></Point></Placemark><Placemark><name>Sikh temple shooting - Oak Creek, Wisconsin</name><styleUrl>#t-mass-shooting</styleUrl><description><![CDATA[<p><b>Mass shootings</b> &middot; mass-shooting</p><p>8/5/2012. Venue type: religious. Killed: 7 (MJ count, includes the perpetrator; 6 victims killed). Injured: 3. Total victims: 10. U.S. Army veteran Wade Michael Page, 40, opened fire in a Sikh gurdwara before he died from a self-inflicted gunshot wound during a shootout with police. Source: Mother Jones mass-shootings dataset (1982-2026); row sources: http://www.jsonline.com/news/milwaukee/friend-of-page-feared-what-he-might-do-426edmg-165668826.html; http://usnews.nbcn....</p><p><a href="https://www.b0b.dev/report#X">View in report</a></p>]]></description><TimeStamp><when>2012-08-05</when></TimeStamp><Point><coordinates>-87.91083,42.90806,0</coordinates></Point></Placemark><Placemark><name>Accent Signage Systems shooting - Minneapolis, Minnesota</name><styleUrl>#t-mass-shooting</styleUrl><description><![CDATA[<p><b>Mass shootings</b> &middot; mass-shooting</p><p>9/27/2012. Venue type: workplace. Killed: 7 (MJ count, includes the perpetrator; 6 victims killed). Injured: 1. Total victims: 8. Andrew Engeldinger, 36, upon learning he was being fired, went on a shooting rampage, killing the business owner, three fellow employees, and a UPS driver. He then killed himself. Source: Mother Jones mass-shootings dataset (1982-2026); row sources: http://www.startribune.com/local/171774461.html?refer=y.</p><p><a href="https://www.b0b.dev/report#X">View in report</a></p>]]></description><TimeStamp><when>2012-09-27</when></TimeStamp><Point><coordinates>-93.31041,44.97742,0</coordinates></Point></Placemark><Placemark><name>Sandy Hook Elementary massacre - Newtown, Connecticut</name><styleUrl>#t-mass-shooting</styleUrl><description><![CDATA[<p><b>Mass shootings</b> &middot; mass-shooting</p><p>12/14/2012. Venue type: school. Killed: 27. Injured: 2. Total victims: 29. Adam Lanza, 20, shot his mother dead at their home then drove to Sandy Hook Elementary school. He forced his way inside and opened fire, killing 20 children and six adults before committing suicide. Source: Mother Jones mass-shootings dataset (1982-2026); row sources: http://usnews.nbcnews.com/_news/2012/12/14/15911025-authorities-id-gunman-who-killed-27-in-elementary-school-massacre?li....</p><p><a href="https://www.b0b.dev/report#X">View in report</a></p>]]></description><TimeStamp><when>2012-12-14</when></TimeStamp><Point><coordinates>-73.31142,41.41232,0</coordinates></Point></Placemark><Placemark><name>Mohawk Valley shootings - Herkimer County, New York</name><styleUrl>#t-mass-shooting</styleUrl><description><![CDATA[<p><b>Mass shootings</b> &middot; mass-shooting</p><p>3/13/2013. Venue type: other. Killed: 5 (MJ count, includes the perpetrator; 4 victims killed). Injured: 2. Total victims: 7. Kurt Myers, 64, shot six people in neighboring towns, killing two in a barbershop and two at a car care business, before being killed by officers in a shootout after a nearly 19-hour standoff. Source: Mother Jones mass-shootings dataset (1982-2026); row sources: https://www.nyspnews.com/article_display.cfm?article_id=29584.</p><p><a href="https://www.b0b.dev/report#X">View in report</a></p>]]></description><TimeStamp><when>2013-03-13</when></TimeStamp><Point><coordinates>-74.98489,43.0456,0</coordinates></Point></Placemark><Placemark><name>Pinewood Village Apartment shooting - Federal Way, Washington</name><styleUrl>#t-mass-shooting</styleUrl><description><![CDATA[<p><b>Mass shootings</b> &middot; mass-shooting</p><p>4/21/2013. Venue type: other. Killed: 5 (MJ count, includes the perpetrator; 4 victims killed). Injured: 0. Total victims: 5. Dennis Clark III, 27, shot and killed his girlfriend in their shared apartment, and then shot two witnesses in the building&#x27;s parking lot and a third victim in another apartment, before being killed by police. Source: Mother Jones mass-shootings dataset (1982-2026); row sources: http://seattletimes.com/html/localnews/2020836119_federalwayshootingxml.html.</p><p><a href="https://www.b0b.dev/report#X">View in report</a></p>]]></description><TimeStamp><when>2013-04-21</when></TimeStamp><Point><coordinates>-122.33937,47.31296,0</coordinates></Point></Placemark><Placemark><name>Santa Monica rampage - Santa Monica, California</name><styleUrl>#t-mass-shooting</styleUrl><description><![CDATA[<p><b>Mass shootings</b> &middot; mass-shooting</p><p>6/7/2013. Venue type: other. Killed: 6 (MJ count, includes the perpetrator; 5 victims killed). Injured: 3. Total victims: 9. John Zawahri, 23, armed with a homemade assault rifle and high-capacity magazines, killed his brother and father at home and then headed to Santa Monica College, where he was eventually killed by police. Source: Mother Jones mass-shootings dataset (1982-2026); row sources: http://www.cbsnews.com/8301-504083_162-57589327-504083/john-zawahri-suspected-gunman-in-deadly-santa-monica-shooting-lef....</p><p><a href="https://www.b0b.dev/report#X">View in report</a></p>]]></description><TimeStamp><when>2013-06-07</when></TimeStamp><Point><coordinates>-118.49475,34.00862,0</coordinates></Point></Placemark><Placemark><name>Hialeah apartment shooting - Hialeah, Florida</name><styleUrl>#t-mass-shooting</styleUrl><description><![CDATA[<p><b>Mass shootings</b> &middot; mass-shooting</p><p>7/26/2013. Venue type: other. Killed: 7 (MJ count, includes the perpetrator; 6 victims killed). Injured: 0. Total victims: 7. Pedro Vargas, 42, set fire to his apartment, killed six people in the complex, and held another two hostages at gunpoint before a SWAT team stormed the building and fatally shot him. Source: Mother Jones mass-shootings dataset (1982-2026); row sources: http://www.miamiherald.com/2013/07/27/v-print/3526078/a-look-at-the-victims-in-the-hialeah.html http://www.cbsnews.com/8....</p><p><a href="https://www.b0b.dev/report#X">View in report</a></p>]]></description><TimeStamp><when>2013-07-26</when></TimeStamp><Point><coordinates>-80.31177,25.86434,0</coordinates></Point></Placemark><Placemark><name>Washington Navy Yard shooting - Washington, D.C.</name><styleUrl>#t-mass-shooting</styleUrl><description><![CDATA[<p><b>Mass shootings</b> &middot; mass-shooting</p><p>9/16/2013. Venue type: military. Killed: 12. Injured: 8. Total victims: 20. Aaron Alexis, 34, a military veteran and contractor from Texas, opened fire in the Navy installation, killing 12 people and wounding 8 before being shot dead by police. Source: Mother Jones mass-shootings dataset (1982-2026); row sources: http://www.nytimes.com/2013/09/18/us/state-law-stopped-gunman-from-buying-rifle-officials-say.html; http://edition.cnn.c....</p><p><a href="https://www.b0b.dev/report#X">View in report</a></p>]]></description><TimeStamp><when>2013-09-16</when></TimeStamp><Point><coordinates>-76.99453,38.87498,0</coordinates></Point></Placemark><Placemark><name>Alturas tribal shooting - Alturas, California</name><styleUrl>#t-mass-shooting</styleUrl><description><![CDATA[<p><b>Mass shootings</b> &middot; mass-shooting</p><p>2/20/2014. Venue type: other. Killed: 4. Injured: 2. Total victims: 6. Cherie Lash Rhoades, 44, opened fire at the Cedarville Rancheria Tribal Office and Community Center, killing four and wounding two. After running out of ammunition, Rhoades grabbed a butcher knife and stabbed another person. Source: Mother Jones mass-shootings dataset (1982-2026); row sources: http://www.sacbee.com/news/local/crime/article2603350.html; http://www.csmonitor.com/USA/2014/0223/Alturas-tribal-shooti....</p><p><a href="https://www.b0b.dev/report#X">View in report</a></p>]]></description><TimeStamp><when>2014-02-20</when></TimeStamp><Point><coordinates>-120.54224,41.4871,0</coordinates></Point></Placemark><Placemark><name>Fort Hood shooting 2 - Fort Hood, Texas</name><styleUrl>#t-mass-shooting</styleUrl><description><![CDATA[<p><b>Mass shootings</b> &middot; mass-shooting</p><p>4/2/2014. Venue type: military. Killed: 3. Injured: 12. Total victims: 15. Army Specialist Ivan Lopez, 34, opened fire at the Fort Hood Army Post in Texas, killing three and wounding at least 12 others before shooting himself in the head after engaging with military police. Lt. Gen. Mark A. Milley told reporters that Lopez &quot;had behavioral health and mental health&quot; issues. Source: Mother Jones mass-shootings dataset (1982-2026); row sources: http://www.cnn.com/2014/04/02/us/fort-hood-shooting/ and https://www.washingtonpost.com/news/checkpoint/wp/2015/01/23/ar....</p><p><a href="https://www.b0b.dev/report#X">View in report</a></p>]]></description><TimeStamp><when>2014-04-02</when></TimeStamp><Point><coordinates>-97.77756,31.14172,0</coordinates></Point></Placemark><Placemark><name>Isla Vista mass murder - Santa Barbara, California</name><styleUrl>#t-mass-shooting</styleUrl><description><![CDATA[<p><b>Mass shootings</b> &middot; mass-shooting</p><p>5/23/2014. Venue type: school. Killed: 6. Injured: 13. Total victims: 19. Elliot Rodger, 22, shot three people to death in the college town of Isla Vista near the University of California, Santa Barbara. He also shot others as he drove around town, and injured others by striking them with is vehicle. He committed suicide by shooting himself in his car as police closed in. Source: Mother Jones mass-shootings dataset (1982-2026); row sources: http://www.sbsheriff.us/documents/ISLAVISTAINVESTIGATIVESUMMARY.pdf Also: http://www.cnn.com/2014/05/24/us/santa-barbara....</p><p><a href="https://www.b0b.dev/report#X">View in report</a></p>]]></description><TimeStamp><when>2014-05-23</when></TimeStamp><Point><coordinates>-119.87144,34.43628,0</coordinates></Point></Placemark><Placemark><name>Marysville-Pilchuck High School shooting - Marysville, Washington</name><styleUrl>#t-mass-shooting</styleUrl><description><![CDATA[<p><b>Mass shootings</b> &middot; mass-shooting</p><p>10/24/2014. Venue type: school. Killed: 5 (MJ count, includes the perpetrator; 4 victims killed). Injured: 1. Total victims: 6. Jaylen Fryberg, 15, using a .40-caliber Berretta, shot five students at Marysville High School, including two of his cousins and three friends, killing all but one. Fryberg arranged to meet them for lunch in the school cafeteria by text. Source: Mother Jones mass-shootings dataset (1982-2026); row sources: http://www.seattletimes.com/seattle-news/fourth-marysville-shooting-victim-dies-as-another-is-laid-to-rest/ http://www.m....</p><p><a href="https://www.b0b.dev/report#X">View in report</a></p>]]></description><TimeStamp><when>2014-10-24</when></TimeStamp><Point><coordinates>-122.15454,48.09599,0</coordinates></Point></Placemark><Placemark><name>Trestle Trail bridge shooting - Menasha, Wisconsin</name><styleUrl>#t-mass-shooting</styleUrl><description><![CDATA[<p><b>Mass shootings</b> &middot; mass-shooting</p><p>6/11/2015. Venue type: other. Killed: 3. Injured: 1. Total victims: 4. Sergio Valencia del Toro, 27, in what officials say was a random act, shot and killed three people including an 11-year-old girl before turning the gun on himself. Source: Mother Jones mass-shootings dataset (1982-2026); row sources: http://fox6now.com/2015/06/11/released-menasha-police-issue-final-report-on-trestle-trail-bridge-shooting/ and http://ww....</p><p><a href="https://www.b0b.dev/report#X">View in report</a></p>]]></description><TimeStamp><when>2015-06-11</when></TimeStamp><Point><coordinates>-88.46754,44.20412,0</coordinates></Point></Placemark><Placemark><name>Charleston Church Shooting - Charleston, South Carolina</name><styleUrl>#t-mass-shooting</styleUrl><description><![CDATA[<p><b>Mass shootings</b> &middot; mass-shooting</p><p>6/17/2015. Venue type: religious. Killed: 9. Injured: 1. Total victims: 10. Dylann Storm Roof, 21, shot and killed 9 people after opening fire at the Emanuel AME Church in Charleston, South Carolina. According to a roommate, he had allegedly been “planning something like that for six months.&quot; Source: Mother Jones mass-shootings dataset (1982-2026); row sources: http://www.motherjones.com/politics/2015/06/dylann-roofs-attorney; http://www.newsweek.com/report-nine-shot-charleston-s....</p><p><a href="https://www.b0b.dev/report#X">View in report</a></p>]]></description><TimeStamp><when>2015-06-17</when></TimeStamp><Point><coordinates>-79.93314,32.78839,0</coordinates></Point></Placemark><Placemark><name>Chattanooga military recruitment center - Chattanooga, Tennessee</name><styleUrl>#t-mass-shooting</styleUrl><description><![CDATA[<p><b>Mass shootings</b> &middot; mass-shooting</p><p>7/16/2015. Venue type: military. Killed: 5. Injured: 2. Total victims: 7. Kuwaiti-born Mohammod Youssuf Abdulazeez, 24, a naturalized US citizen, opened fire at a Naval reserve center, and then drove to a military recruitment office where he shot and killed four Marines and a Navy service member, and wounded a police officer and another military service member. Source: Mother Jones mass-shootings dataset (1982-2026); row sources: http://www.reuters.com/article/2015/07/16/us-usa-shooting-tennessee-idUSKCN0PQ1WY20150716; http://www.nytimes.com/2015/0....</p><p><a href="https://www.b0b.dev/report#X">View in report</a></p>]]></description><TimeStamp><when>2015-07-16</when></TimeStamp><Point><coordinates>-85.31182,35.04716,0</coordinates></Point></Placemark><Placemark><name>Umpqua Community College shooting - Roseburg, Oregon</name><styleUrl>#t-mass-shooting</styleUrl><description><![CDATA[<p><b>Mass shootings</b> &middot; mass-shooting</p><p>10/1/2015. Venue type: school. Killed: 9. Injured: 9. Total victims: 18. 26-year-old Chris Harper Mercer opened fire at Umpqua Community College in southwest Oregon. The gunman shot himself to death after being wounded in a shootout with police. Source: Mother Jones mass-shootings dataset (1982-2026); row sources: http://www.nytimes.com/2015/10/03/us/chris-harper-mercer-umpqua-community-college-shooting.html; http://www.latimes.com/....</p><p><a href="https://www.b0b.dev/report#X">View in report</a></p>]]></description><TimeStamp><when>2015-10-01</when></TimeStamp><Point><coordinates>-123.33319,43.28954,0</coordinates></Point></Placemark><Placemark><name>Colorado Springs shooting rampage - Colorado Springs, Colorado</name><styleUrl>#t-mass-shooting</styleUrl><description><![CDATA[<p><b>Mass shootings</b> &middot; mass-shooting</p><p>10/31/2015. Venue type: other. Killed: 3. Injured: 0. Total victims: 3. Noah Harpham, 33, shot three people dead in Colorado Springs before police killed him in a shootout. Source: Mother Jones mass-shootings dataset (1982-2026); row sources: http://www.motherjones.com/mojo/2015/11/open-carry-mass-shooting-colorado-springs and http://www.denverpost.com/news/ci_....</p><p><a href="https://www.b0b.dev/report#X">View in report</a></p>]]></description><TimeStamp><when>2015-10-31</when></TimeStamp><Point><coordinates>-104.81425,38.83755,0</coordinates></Point></Placemark><Placemark><name>Planned Parenthood clinic - Colorado Springs, Colorado</name><styleUrl>#t-mass-shooting</styleUrl><description><![CDATA[<p><b>Mass shootings</b> &middot; mass-shooting</p><p>11/27/2015. Venue type: workplace. Killed: 3. Injured: 9. Total victims: 12. Robert Lewis Dear, 57, shot and killed a police officer and two citizens when he opened fire at a Planned Parenthood health clinic in Colorado Springs, Colorado. Nine others were wounded. Dear was arrested after an hours-long standoff with police. Source: Mother Jones mass-shootings dataset (1982-2026); row sources: http://www.nytimes.com/2015/11/28/us/colorado-planned-parenthood-shooting.html and http://www.cnn.com/2015/12/09/us/colo....</p><p><a href="https://www.b0b.dev/report#X">View in report</a></p>]]></description><TimeStamp><when>2015-11-27</when></TimeStamp><Point><coordinates>-104.84906,38.88103,0</coordinates></Point></Placemark><Placemark><name>San Bernardino mass shooting - San Bernardino, California</name><styleUrl>#t-mass-shooting</styleUrl><description><![CDATA[<p><b>Mass shootings</b> &middot; mass-shooting</p><p>12/2/2015. Venue type: workplace. Killed: 14. Injured: 21. Total victims: 35. Syed Rizwan Farook left a Christmas party held at Inland Regional Center, later returning with Tashfeen Malik and the two opened fire, killing 14 and wounding 21, ten critically. The two were later killed by police as they fled in an SUV. Source: Mother Jones mass-shootings dataset (1982-2026); row sources: http://www.motherjones.com/mojo/2015/12/san-bernardino-shooting and http://www.cnbc.com/2015/12/03/san-bernardino-shooti....</p><p><a href="https://www.b0b.dev/report#X">View in report</a></p>]]></description><TimeStamp><when>2015-12-02</when></TimeStamp><Point><coordinates>-117.27789,34.07596,0</coordinates></Point></Placemark><Placemark><name>Kalamazoo shooting spree - Kalamazoo County, Michigan</name><styleUrl>#t-mass-shooting</styleUrl><description><![CDATA[<p><b>Mass shootings</b> &middot; mass-shooting</p><p>2/20/2016. Venue type: other. Killed: 6. Injured: 2. Total victims: 8. Jason B. Dalton, a driver for Uber, apparently selected his victims randomly as he went on a rampage over several hours in three different locations, including five people he shot in the parking lot of a Cracker Barrel restaurant. He was &quot;arrested without incident&quot; at a downtown Kalamazoo bar about six hours after the rampage began. Source: Mother Jones mass-shootings dataset (1982-2026); row sources: http://www.nytimes.com/2016/02/22/us/kalamazoo-michigan-random-shootings.html; http://www.mlive.com/news/kalamazoo/index....</p><p><a href="https://www.b0b.dev/report#X">View in report</a></p>]]></description><TimeStamp><when>2016-02-20</when></TimeStamp><Point><coordinates>-85.6748,42.23669,0</coordinates></Point></Placemark><Placemark><name>Excel Industries mass shooting - Hesston, Kansas</name><styleUrl>#t-mass-shooting</styleUrl><description><![CDATA[<p><b>Mass shootings</b> &middot; mass-shooting</p><p>2/25/2016. Venue type: workplace. Killed: 3. Injured: 14. Total victims: 17. Cedric L. Ford, who worked as a painter at a manufacturing company, shot victims from his car and at his workplace before being killed by police at the scene. Shortly before the rampage he had been served with a restraining order. Source: Mother Jones mass-shootings dataset (1982-2026); row sources: http://www.nytimes.com/2016/02/26/us/shooting-at-plant-hesston-kansas.html; https://www.washingtonpost.com/news/morning-....</p><p><a href="https://www.b0b.dev/report#X">View in report</a></p>]]></description><TimeStamp><when>2016-02-25</when></TimeStamp><Point><coordinates>-97.42515,38.13599,0</coordinates></Point></Placemark><Placemark><name>Orlando nightclub massacre - Orlando, Florida</name><styleUrl>#t-mass-shooting</styleUrl><description><![CDATA[<p><b>Mass shootings</b> &middot; mass-shooting</p><p>6/12/2016. Venue type: other. Killed: 49. Injured: 53. Total victims: 102. Omar Mateen, 29, attacked the Pulse nighclub in Orlando in the early morning hours of June 12. He was killed by law enforcement who raided the club after a prolonged standoff. Source: Mother Jones mass-shootings dataset (1982-2026); row sources: http://www.motherjones.com/politics/2016/06/assault-rifle-used-by-orlando-mass-shooter; http://wrbl.com/2016/06/13/orlan....</p><p><a href="https://www.b0b.dev/report#X">View in report</a></p>]]></description><TimeStamp><when>2016-06-12</when></TimeStamp><Point><coordinates>-81.37678,28.51972,0</coordinates></Point></Placemark><Placemark><name>Dallas police shooting - Dallas, Texas</name><styleUrl>#t-mass-shooting</styleUrl><description><![CDATA[<p><b>Mass shootings</b> &middot; mass-shooting</p><p>7/7/2016. Venue type: other. Killed: 5. Injured: 11. Total victims: 16. Micah Xavier Johnson, a 25-year-old Army veteran, targeted police at a peaceful Black Lives Matter protest, killing five officers and injuring nine others as well as two civilians. After a prolonged standoff in a downtown building, law enforcement killed Johnson using a robot-delivered bomb. Source: Mother Jones mass-shootings dataset (1982-2026); row sources: http://www.nytimes.com/2016/07/11/us/dallas-shooting-micah-johnson-police.html?_r=0; http://www.wsj.com/articles/dallas-....</p><p><a href="https://www.b0b.dev/report#X">View in report</a></p>]]></description><TimeStamp><when>2016-07-07</when></TimeStamp><Point><coordinates>-96.80001,32.78011,0</coordinates></Point></Placemark><Placemark><name>Baton Rouge police shooting - Baton Rouge, Louisiana</name><styleUrl>#t-mass-shooting</styleUrl><description><![CDATA[<p><b>Mass shootings</b> &middot; mass-shooting</p><p>7/17/2016. Venue type: other. Killed: 3. Injured: 3. Total victims: 6. Gavin Long, 29, a former Marine who served in Iraq, killed three police offers responding to a 911 call, and wounded three others. He was killed in a shoot-out with other officers responding to the scene. Source: Mother Jones mass-shootings dataset (1982-2026); row sources: http://time.com/4411027/baton-rouge-shooter-gavin-long/ ; http://www.nytimes.com/2016/07/18/us/baton-rouge-shooting.html....</p><p><a href="https://www.b0b.dev/report#X">View in report</a></p>]]></description><TimeStamp><when>2016-07-17</when></TimeStamp><Point><coordinates>-91.0814,30.4336,0</coordinates></Point></Placemark><Placemark><name>Cascade Mall shooting - Burlington, Washington</name><styleUrl>#t-mass-shooting</styleUrl><description><![CDATA[<p><b>Mass shootings</b> &middot; mass-shooting</p><p>9/23/2016. Venue type: other. Killed: 5. Injured: 0. Total victims: 5. Arcan Cetin, 20, killed a teen girl and three women in the cosmetics section of a Macy’s department store at the Cascade Mall. A man was critically wounded in the shooting and taken to Harborview Medical Center in Seattle, where he died. Cetin was apprehended by police a few hours after the shooting while driving a car near his residence. Source: Mother Jones mass-shootings dataset (1982-2026); row sources: http://www.nytimes.com/2016/09/25/us/mall-shooting-washington-state.html; https://www.seattletimes.com/seattle-news/crim....</p><p><a href="https://www.b0b.dev/report#X">View in report</a></p>]]></description><TimeStamp><when>2016-09-23</when></TimeStamp><Point><coordinates>-122.33792,48.46137,0</coordinates></Point></Placemark><Placemark><name>Fort Lauderdale airport shooting - Fort Lauderdale, Florida</name><styleUrl>#t-mass-shooting</styleUrl><description><![CDATA[<p><b>Mass shootings</b> &middot; mass-shooting</p><p>1/6/2017. Venue type: airport. Killed: 5. Injured: 6. Total victims: 11. Esteban Santiago, 26, flew from Alaska to Fort Lauderdale, where he opened fire in the baggage claim area of the airport, killing five and wounding six before police aprehended him. (Numerous other people were reportedly injured while fleeing during the panic.) Source: Mother Jones mass-shootings dataset (1982-2026); row sources: http://www.nytimes.com/2017/01/07/us/esteban-santiago-fort-lauderdale-airport-shooting-.html?_r=0.</p><p><a href="https://www.b0b.dev/report#X">View in report</a></p>]]></description><TimeStamp><when>2017-01-06</when></TimeStamp><Point><coordinates>-80.14338,26.07275,0</coordinates></Point></Placemark><Placemark><name>Fresno downtown shooting - Fresno, California</name><styleUrl>#t-mass-shooting</styleUrl><description><![CDATA[<p><b>Mass shootings</b> &middot; mass-shooting</p><p>4/18/2017. Venue type: other. Killed: 3. Injured: 0. Total victims: 3. Kori Ali Muhammad, 39, opened fire along a street in downtown Fresno, killing three people randomly in an alleged hate crime prior to being apprehended by police. Source: Mother Jones mass-shootings dataset (1982-2026); row sources: http://www.dailymail.co.uk/news/article-4443722/Gunman-Fresno-shooting-speaks-jail.html; https://www.nytimes.com/2017/04....</p><p><a href="https://www.b0b.dev/report#X">View in report</a></p>]]></description><TimeStamp><when>2017-04-18</when></TimeStamp><Point><coordinates>-119.80032,36.74638,0</coordinates></Point></Placemark><Placemark><name>Rural Ohio nursing home shooting - Kirkersville, Ohio</name><styleUrl>#t-mass-shooting</styleUrl><description><![CDATA[<p><b>Mass shootings</b> &middot; mass-shooting</p><p>5/12/2017. Venue type: workplace. Killed: 3. Injured: 0. Total victims: 3. Thomas Hartless, 43, shot and killed a former girlfriend and another employee of a nursing home, and fatally shot the Kirkersville police chief responding to the scene. Hartless&#x27; former girlfriend had recently obtained a court protection order against Hartless. Source: Mother Jones mass-shootings dataset (1982-2026); row sources: http://abc6onyourside.com/news/local/report-of-shooting-in-kirkersville; http://www.cbsnews.com/news/64-guns-seized-from....</p><p><a href="https://www.b0b.dev/report#X">View in report</a></p>]]></description><TimeStamp><when>2017-05-12</when></TimeStamp><Point><coordinates>-82.59651,39.95903,0</coordinates></Point></Placemark><Placemark><name>Florida awning manufacturer shooting - Orlando, Florida</name><styleUrl>#t-mass-shooting</styleUrl><description><![CDATA[<p><b>Mass shootings</b> &middot; mass-shooting</p><p>6/5/2017. Venue type: workplace. Killed: 5. Injured: 0. Total victims: 5. John Robert Neumann, Jr., 45, a former employee of manufacturer Fiamma Inc. fatally shot five workers at the company, and then killed himself on the scene. He&#x27;d been fired from the company in April. The attack took place a week before the one-year anniversary of the Orlando nightclub massacre. Source: Mother Jones mass-shootings dataset (1982-2026); row sources: http://www.postandcourier.com/news/multiple-people-dead-following-shooting-near-orlando-monday-morning/article_918fe64c-....</p><p><a href="https://www.b0b.dev/report#X">View in report</a></p>]]></description><TimeStamp><when>2017-06-05</when></TimeStamp><Point><coordinates>-81.29409,28.58029,0</coordinates></Point></Placemark><Placemark><name>Pennsylvania supermarket shooting - Tunkhannock, Pennsylvania</name><styleUrl>#t-mass-shooting</styleUrl><description><![CDATA[<p><b>Mass shootings</b> &middot; mass-shooting</p><p>6/7/17. Venue type: workplace. Killed: 3. Injured: 0. Total victims: 3. Randy Stair, a 24-year-old worker at Weis grocery fatally shot three of his fellow employees. He reportedly fired 59 rounds with a pair of shotguns before turning the gun on himself as another co-worker fled the scene for help and law enforcement responded. Source: Mother Jones mass-shootings dataset (1982-2026); row sources: http://www.pressconnects.com/story/news/local/pennsylvania/2017/06/08/dead-murder-suicide-pa-weis/102621742/; https://ww....</p><p><a href="https://www.b0b.dev/report#X">View in report</a></p>]]></description><TimeStamp><when>2017-06-07</when></TimeStamp><Point><coordinates>-75.94722,41.52955,0</coordinates></Point></Placemark><Placemark><name>San Francisco UPS shooting - San Francisco, California</name><styleUrl>#t-mass-shooting</styleUrl><description><![CDATA[<p><b>Mass shootings</b> &middot; mass-shooting</p><p>6/14/17. Venue type: workplace. Killed: 3. Injured: 2. Total victims: 5. Jimmy Lam, 38, fatally shot three coworkers and wounded two others inside a UPS facility in San Francisco. Lam killed himself as law enforcement officers responded to the scene. Source: Mother Jones mass-shootings dataset (1982-2026); row sources: http://www.nbcbayarea.com/news/local/Active-Shooter-San-Francisco-Police-428441423.html; https://apnews.com/2c1690393510....</p><p><a href="https://www.b0b.dev/report#X">View in report</a></p>]]></description><TimeStamp><when>2017-06-14</when></TimeStamp><Point><coordinates>-122.40609,37.76595,0</coordinates></Point></Placemark><Placemark><name>Las Vegas Strip massacre - Las Vegas, Nevada</name><styleUrl>#t-mass-shooting</styleUrl><description><![CDATA[<p><b>Mass shootings</b> &middot; mass-shooting</p><p>10/1/17. Venue type: other. Killed: 60. Injured: 546 (MJ figure; official: about 867, 413+ by gunfire or shrapnel). Total victims: 606. Stephen Craig Paddock, 64, fired a barrage of rapid gunfire—using semiautomatic rifles modified with &quot;bump stocks&quot;—at thousands of concertgoers on the Las Vegas Strip late on a Sunday night; Paddock had positioned himself in a corner suite on the 32nd floor of the Mandalay Bay Resort and Casino, where he took aim from windows he&#x27;d smashed... Source: Mother Jones mass-shootings dataset (1982-2026); row sources: https://www.lvmpd.com/en-us/Documents/1_October_FIT_Report_01-18-2018_Footnoted.pdf; https://www.nytimes.com/2017/10/02/....</p><p><a href="https://www.b0b.dev/report#X">View in report</a></p>]]></description><TimeStamp><when>2017-10-01</when></TimeStamp><Point><coordinates>-115.17154,36.09574,0</coordinates></Point></Placemark><Placemark><name>Edgewood business park shooting - Edgewood, Maryland</name><styleUrl>#t-mass-shooting</styleUrl><description><![CDATA[<p><b>Mass shootings</b> &middot; mass-shooting</p><p>10/18/17. Venue type: workplace. Killed: 3. Injured: 3. Total victims: 6. Radee Labeeb Prince, 37, fatally shot three people and wounded two others around 9am at Advance Granite Solutions, a home remodeling business where he worked near Baltimore. Hours later he shot and wounded a sixth person at a car dealership in Wilmington, Delaware. He was apprehended that evening following a manhunt by authorities. Source: Mother Jones mass-shootings dataset (1982-2026); row sources: http://www.baltimoresun.com/news/maryland/harford/aegis/ph-ag-edgewood-shooting-20171018-story.html; http://www.cnn.com/....</p><p><a href="https://www.b0b.dev/report#X">View in report</a></p>]]></description><TimeStamp><when>2017-10-18</when></TimeStamp><Point><coordinates>-76.30999,39.45219,0</coordinates></Point></Placemark><Placemark><name>Walmart shooting in suburban Denver - Thornton, Colorado</name><styleUrl>#t-mass-shooting</styleUrl><description><![CDATA[<p><b>Mass shootings</b> &middot; mass-shooting</p><p>11/1/17. Venue type: other. Killed: 3. Injured: 0. Total victims: 3. Scott Allen Ostrem, 47, walked into a Walmart in a suburb north of Denver and fatally shot two men and a woman, then left the store and drove away. After an all-night manhunt, Ostrem, who had financial problems but no serious criminal history, was captured by police after being spotted near his apartment in Denver. Source: Mother Jones mass-shootings dataset (1982-2026); row sources: https://www.nytimes.com/2017/11/01/us/thornton-colorado-walmart-shooting.html; http://www.cnn.com/2017/11/01/us/colorado....</p><p><a href="https://www.b0b.dev/report#X">View in report</a></p>]]></description><TimeStamp><when>2017-11-01</when></TimeStamp><Point><coordinates>-104.98613,39.87637,0</coordinates></Point></Placemark><Placemark><name>Texas First Baptist Church massacre - Sutherland Springs, Texas</name><styleUrl>#t-mass-shooting</styleUrl><description><![CDATA[<p><b>Mass shootings</b> &middot; mass-shooting</p><p>11/5/17. Venue type: religious. Killed: 26. Injured: 20. Total victims: 46. Devin Patrick Kelley, a 26-year-old ex-US Air Force airman, opened fire at the First Baptist Church in Sutherland Springs during Sunday morning services, killing at least 26 people and wounding and injuring 20 others. Source: Mother Jones mass-shootings dataset (1982-2026); row sources: https://www.washingtonpost.com/news/morning-mix/wp/2017/11/06/who-is-devin-patrick-kelley-gunman-who-officials-say-kille....</p><p><a href="https://www.b0b.dev/report#X">View in report</a></p>]]></description><TimeStamp><when>2017-11-05</when></TimeStamp><Point><coordinates>-98.05649,29.27328,0</coordinates></Point></Placemark><Placemark><name>Rancho Tehama shooting spree - Rancho Tehama, California</name><styleUrl>#t-mass-shooting</styleUrl><description><![CDATA[<p><b>Mass shootings</b> &middot; mass-shooting</p><p>11/14/17. Venue type: other. Killed: 5. Injured: 10. Total victims: 15. Kevin Janson Neal, 44, went on an approximately 45-minute shooting spree in the rural community of Rancho Tehama Reserve in Northern California, including shooting up an elementary school, before being killed by law enforcement officers. Neal had also killed his wife at home. Source: Mother Jones mass-shootings dataset (1982-2026); row sources: https://www.nbcnews.com/news/us-news/california-mass-shooter-killed-wife-buried-her-beneath-floor-n821051; https://www.n....</p><p><a href="https://www.b0b.dev/report#X">View in report</a></p>]]></description><TimeStamp><when>2017-11-14</when></TimeStamp><Point><coordinates>-122.39309,40.01876,0</coordinates></Point></Placemark><Placemark><name>Pennsylvania carwash shooting - Melcroft, Pennsylvania</name><styleUrl>#t-mass-shooting</styleUrl><description><![CDATA[<p><b>Mass shootings</b> &middot; mass-shooting</p><p>1/28/18. Venue type: other. Killed: 4. Injured: 1. Total victims: 5. Timothy O&#x27;Brien Smith, 28, wearing body armor and well-stocked with ammo, opened fire at a carwash early in the morning in this rural community, killing four people. A fifth victim, though not shot, suffered minor injuries. Source: Mother Jones mass-shootings dataset (1982-2026); row sources: http://www.wpxi.com/news/top-stories/family-members-small-community-in-shock-after-4-killed-in-shooting/690497960; http:....</p><p><a href="https://www.b0b.dev/report#X">View in report</a></p>]]></description><TimeStamp><when>2018-01-28</when></TimeStamp><Point><coordinates>-79.38917,40.05215,0</coordinates></Point></Placemark><Placemark><name>Marjory Stoneman Douglas High School shooting - Parkland, Florida</name><styleUrl>#t-mass-shooting</styleUrl><description><![CDATA[<p><b>Mass shootings</b> &middot; mass-shooting</p><p>2/14/18. Venue type: school. Killed: 17. Injured: 17. Total victims: 34. Nikolas J. Cruz, 19, heavily armed with an AR-15, tactical gear, and “countless magazines” of ammo, according to the Broward County Sheriff, attacked the high school as classes were ending for the day, killing at least 17 people and injuring many others. He was apprehended by authorities shortly after fleeing the campus. Source: Mother Jones mass-shootings dataset (1982-2026); row sources: https://www.nytimes.com/2018/02/14/us/parkland-school-shooting.html; https://www.nytimes.com/2018/02/15/us/nikolas-cruz-....</p><p><a href="https://www.b0b.dev/report#X">View in report</a></p>]]></description><TimeStamp><when>2018-02-14</when></TimeStamp><Point><coordinates>-80.26951,26.30483,0</coordinates></Point></Placemark><Placemark><name>Yountville veterans home shooting - Yountville, California</name><styleUrl>#t-mass-shooting</styleUrl><description><![CDATA[<p><b>Mass shootings</b> &middot; mass-shooting</p><p>3/9/18. Venue type: workplace. Killed: 3. Injured: 0. Total victims: 3. Army veteran Albert Cheung Wong, 36, stormed a veterans home where he was previously under care, exchanging gunfire with a sheriff’s deputy and taking three women hostage, one of whom he’d previously threatened. After a standoff with law enforcement, he killed the three women and himself. Source: Mother Jones mass-shootings dataset (1982-2026); row sources: https://www.cnn.com/2018/03/10/us/california-veterans-home-shooting/index.html; http://www.ktvu.com/news/gunman-in-yount....</p><p><a href="https://www.b0b.dev/report#X">View in report</a></p>]]></description><TimeStamp><when>2018-03-09</when></TimeStamp><Point><coordinates>-122.36653,38.3925,0</coordinates></Point></Placemark><Placemark><name>Waffle House shooting - Nashville, Tennessee</name><styleUrl>#t-mass-shooting</styleUrl><description><![CDATA[<p><b>Mass shootings</b> &middot; mass-shooting</p><p>4/22/18. Venue type: other. Killed: 4. Injured: 4. Total victims: 8. Travis Reinking, 29, opened fire around 3:30 a.m. in the parking lot of a Waffle House in Antioch, and continued shooting as he entered the restaurant. As he attempted to reload his AR-15, a bystander heroically wrestled the rifle away from Reinking, who then fled; he was captured by authorities the following day. Source: Mother Jones mass-shootings dataset (1982-2026); row sources: https://www.washingtonpost.com/news/post-nation/wp/2018/04/23/waffle-house-shooting-travis-reinking-manhunt-continues-na....</p><p><a href="https://www.b0b.dev/report#X">View in report</a></p>]]></description><TimeStamp><when>2018-04-22</when></TimeStamp><Point><coordinates>-86.61694,36.05252,0</coordinates></Point></Placemark><Placemark><name>Santa Fe High School shooting - Santa Fe, Texas</name><styleUrl>#t-mass-shooting</styleUrl><description><![CDATA[<p><b>Mass shootings</b> &middot; mass-shooting</p><p>5/18/18. Venue type: school. Killed: 10. Injured: 13. Total victims: 23. Dimitrios Pagourtzis, a 17-year-old student, opened fire at Santa Fe High School with a shotgun and .38 revolver owned by his father; Pagourtzis killed 10 and injured at least 13 others before surrendering to authorities after a standoff and additional gunfire inside the school. Source: Mother Jones mass-shootings dataset (1982-2026); row sources: https://www.chron.com/news/houston-texas/article/Shots-fired-at-Santa-Fe-High-School-12925050.php; https://www.nytimes.c....</p><p><a href="https://www.b0b.dev/report#X">View in report</a></p>]]></description><TimeStamp><when>2018-05-18</when></TimeStamp><Point><coordinates>-95.14197,29.39282,0</coordinates></Point></Placemark><Placemark><name>Capital Gazette shooting - Annapolis, Maryland</name><styleUrl>#t-mass-shooting</styleUrl><description><![CDATA[<p><b>Mass shootings</b> &middot; mass-shooting</p><p>6/28/18. Venue type: workplace. Killed: 5. Injured: 2. Total victims: 7. Jarrod W. Ramos, 38, shot through the glass doors of the paper’s newsroom around 3pm to carry out his attack; police quickly responding to the scene found him hiding under a desk and apprehended him. Source: Mother Jones mass-shootings dataset (1982-2026); row sources: http://www.capitalgazette.com/news/annapolis/bs-md-gazette-shooting-20180628-story.html; http://www.capitalgazette.com/n....</p><p><a href="https://www.b0b.dev/report#X">View in report</a></p>]]></description><TimeStamp><when>2018-06-28</when></TimeStamp><Point><coordinates>-76.54366,38.99455,0</coordinates></Point></Placemark><Placemark><name>Fifth Third Center shooting - Cincinnati, Ohio</name><styleUrl>#t-mass-shooting</styleUrl><description><![CDATA[<p><b>Mass shootings</b> &middot; mass-shooting</p><p>9/6/18. Venue type: workplace. Killed: 3. Injured: 2. Total victims: 5. Omar Enrique Santa Perez, 29, walked into the ground-floor lobby of a building in downtown Cincinnati shortly after 9 a.m. and opened fire. Within minutes, Perez was fatally wounded in a shootout with law enforcement officers responding to the scene. Source: Mother Jones mass-shootings dataset (1982-2026); row sources: https://www.cnn.com/2018/09/07/us/cincinnati-shooting/index.html; https://www.cincinnati.com/story/news/crime/crime-and-....</p><p><a href="https://www.b0b.dev/report#X">View in report</a></p>]]></description><TimeStamp><when>2018-09-06</when></TimeStamp><Point><coordinates>-84.51178,39.10198,0</coordinates></Point></Placemark><Placemark><name>T&amp;T Trucking shooting - Bakersfield, California</name><styleUrl>#t-mass-shooting</styleUrl><description><![CDATA[<p><b>Mass shootings</b> &middot; mass-shooting</p><p>9/12/18. Venue type: workplace. Killed: 5. Injured: 0. Total victims: 5. Javier Casarez, 54, who was going through a bitter divorce, went on a shooting spree targeting his ex-wife and former coworkers at the trucking company. His attack included fatally shooting one victim who he pursued to a nearby sporting goods retailer, and two others at a private residence. Source: Mother Jones mass-shootings dataset (1982-2026); row sources: http://www.latimes.com/local/lanow/la-me-bakersfield-mass-shooting-20180914-story.html; https://www.cnn.com/2018/09/13/u....</p><p><a href="https://www.b0b.dev/report#X">View in report</a></p>]]></description><TimeStamp><when>2018-09-12</when></TimeStamp><Point><coordinates>-118.91634,35.34939,0</coordinates></Point></Placemark><Placemark><name>Rite Aid warehouse shooting - Perryman, Maryland</name><styleUrl>#t-mass-shooting</styleUrl><description><![CDATA[<p><b>Mass shootings</b> &middot; mass-shooting</p><p>9/20/18. Venue type: workplace. Killed: 3. Injured: 3. Total victims: 6. Snochia Moseley, 26, reportedly a disgruntled employee, shot her victims outside the building and on the warehouse floor; she later died from a self-inflicted gunshot at a nearby hospital. (No law enforcement officers responding to her attack fired shots.) Source: Mother Jones mass-shootings dataset (1982-2026); row sources: http://www.baltimoresun.com/news/maryland/crime/bs-md-harford-shooting-20180920-story.html; https://www.washingtonpost.c....</p><p><a href="https://www.b0b.dev/report#X">View in report</a></p>]]></description><TimeStamp><when>2018-09-20</when></TimeStamp><Point><coordinates>-76.20848,39.45566,0</coordinates></Point></Placemark><Placemark><name>Tree of Life synagogue shooting - Pittsburgh, Pennsylvania</name><styleUrl>#t-mass-shooting</styleUrl><description><![CDATA[<p><b>Mass shootings</b> &middot; mass-shooting</p><p>10/27/18. Venue type: religious. Killed: 11. Injured: 6. Total victims: 17. Robert D. Bowers, 46, shouted anti-Semitic slurs as he opened fire inside the Tree of Life synagogue during Saturday morning worship. He was armed with an assault rifle and multiple handguns and was apprehended after a standoff with police. Source: Mother Jones mass-shootings dataset (1982-2026); row sources: https://www.nytimes.com/2018/10/27/us/active-shooter-pittsburgh-synagogue-shooting.html; https://www.cnn.com/us/live-new....</p><p><a href="https://www.b0b.dev/report#X">View in report</a></p>]]></description><TimeStamp><when>2018-10-27</when></TimeStamp><Point><coordinates>-79.9214,40.4439,0</coordinates></Point></Placemark><Placemark><name>Thousand Oaks nightclub shooting - Thousand Oaks, California</name><styleUrl>#t-mass-shooting</styleUrl><description><![CDATA[<p><b>Mass shootings</b> &middot; mass-shooting</p><p>11/7/18. Venue type: other. Killed: 12. Injured: 22. Total victims: 34. Ian David Long, 28, dressed in black and armed with a handgun and a “smoke device,” approached the Borderline Bar &amp; Grill — a country music venue popular with college students — close to midnight and opened fire, killing a security guard and then others in the club, including a sheriff’s deputy responding to the attack. Source: Mother Jones mass-shootings dataset (1982-2026); row sources: http://www.latimes.com/local/lanow/la-me-ln-thousand-oaks-20181107-story.html; https://www.washingtonpost.com/nation/201....</p><p><a href="https://www.b0b.dev/report#X">View in report</a></p>]]></description><TimeStamp><when>2018-11-07</when></TimeStamp><Point><coordinates>-118.87479,34.17695,0</coordinates></Point></Placemark><Placemark><name>Mercy Hospital shooting - Chicago, Illinois</name><styleUrl>#t-mass-shooting</styleUrl><description><![CDATA[<p><b>Mass shootings</b> &middot; mass-shooting</p><p>11/19/18. Venue type: workplace. Killed: 3. Injured: 0. Total victims: 3. Juan Lopez, 32, confronted his former fiancé, ER doctor Tamara O&#x27;Neal, before shooting her and opening fire on others at the hospital, including a responding police officer, Samuel Jimenez, and a pharmacy employee, Dayna Less. Lopez was fatally shot by a responding SWAT officer. Source: Mother Jones mass-shootings dataset (1982-2026); row sources: https://www.cnn.com/2018/11/19/us/mercy-hospital-chicago-shooting/index.html; https://www.chicagotribune.com/news/local/....</p><p><a href="https://www.b0b.dev/report#X">View in report</a></p>]]></description><TimeStamp><when>2018-11-19</when></TimeStamp><Point><coordinates>-87.62201,41.84767,0</coordinates></Point></Placemark><Placemark><name>SunTrust bank shooting - Sebring, Florida</name><styleUrl>#t-mass-shooting</styleUrl><description><![CDATA[<p><b>Mass shootings</b> &middot; mass-shooting</p><p>1/23/19. Venue type: workplace. Killed: 5. Injured: 0. Total victims: 5. Zephen A. Xaver, 21, fatally shot five women inside a bank and then called the police to confess. He was armed with a handgun and wore a bulletproof vest. He reportedly ordered the women to lie down on the floor and shot them execution-style. After a standoff with police, he surrendered and was taken into custody. Source: Mother Jones mass-shootings dataset (1982-2026); row sources: https://wsbt.com/news/local/classmate-says-florida-bank-shooter-who-allegedly-killed-5-attended-bremen-high-school; http....</p><p><a href="https://www.b0b.dev/report#X">View in report</a></p>]]></description><TimeStamp><when>2019-01-23</when></TimeStamp><Point><coordinates>-81.45847,27.47104,0</coordinates></Point></Placemark><Placemark><name>Pennsylvania hotel bar shooting - State College, Pennsylvania</name><styleUrl>#t-mass-shooting</styleUrl><description><![CDATA[<p><b>Mass shootings</b> &middot; mass-shooting</p><p>1/24/19. Venue type: other. Killed: 3. Injured: 1. Total victims: 4. Jordan Witmer, 21, shot three people at a Ramada Hotel bar near Penn State University, including a former girlfriend he was there with. He then fled the bar, crashed his car about a mile away, and stormed into a random house, fatally shooting an elderly resident and then himself. Source: Mother Jones mass-shootings dataset (1982-2026); row sources: http://www.wistv.com/2019/01/26/details-emerge-about-shooting-rampage-near-penn-state/; https://www.pennlive.com/news/20....</p><p><a href="https://www.b0b.dev/report#X">View in report</a></p>]]></description><TimeStamp><when>2019-01-24</when></TimeStamp><Point><coordinates>-77.83941,40.78514,0</coordinates></Point></Placemark><Placemark><name>Harry Pratt Co. warehouse shooting - Aurora, Illinois</name><styleUrl>#t-mass-shooting</styleUrl><description><![CDATA[<p><b>Mass shootings</b> &middot; mass-shooting</p><p>2/15/19. Venue type: workplace. Killed: 5. Injured: 6. Total victims: 11. Gary Martin, 45, went on a rampage inside the warehouse in response to being fired from his job and died soon thereafter in a shootout with police. Among his victims were five dead coworkers and five injured police officers. Source: Mother Jones mass-shootings dataset (1982-2026); row sources: https://www.washingtonpost.com/nation/2019/02/16/man-kills-five-warehouse-shooting-spree-shortly-after-being-fired-illin....</p><p><a href="https://www.b0b.dev/report#X">View in report</a></p>]]></description><TimeStamp><when>2019-02-15</when></TimeStamp><Point><coordinates>-88.33106,41.75373,0</coordinates></Point></Placemark><Placemark><name>Virginia Beach municipal building shooting - Virginia Beach, Virginia</name><styleUrl>#t-mass-shooting</styleUrl><description><![CDATA[<p><b>Mass shootings</b> &middot; mass-shooting</p><p>5/31/19. Venue type: workplace. Killed: 12. Injured: 4. Total victims: 16. DeWayne Craddock, 40, a municipal city worker wielding handguns, a suppressor and high-capacity magazines, killed en masse inside a Virginia Beach muncipal building late in the day on a Friday, before dying in a prolonged gun battle with police. Craddock reportedly had submitted his resignation from his job that morning. Source: Mother Jones mass-shootings dataset (1982-2026); row sources: https://www.washingtonpost.com/local/public-safety/virginia-beach-officials-expect-to-release-additional-details-of-mass....</p><p><a href="https://www.b0b.dev/report#X">View in report</a></p>]]></description><TimeStamp><when>2019-05-31</when></TimeStamp><Point><coordinates>-76.06038,36.75442,0</coordinates></Point></Placemark><Placemark><name>Gilroy garlic festival shooting - Gilroy, California</name><styleUrl>#t-mass-shooting</styleUrl><description><![CDATA[<p><b>Mass shootings</b> &middot; mass-shooting</p><p>7/28/19. Venue type: other. Killed: 3. Injured: 12. Total victims: 15. Santino William LeGan, 19, fired indiscriminately into the crowd near a concert stage at the festival. He used an AK-47-style rifle, purchased legally in Nevada three weeks earlier. After apparently pausing to reload, he fired additional multiple rounds before police shot him and then he killed himself. Source: Mother Jones mass-shootings dataset (1982-2026); row sources: https://www.cbsnews.com/live-news/garlic-festival-mass-shooting-gilroy-california-victims-suspect-santino-william-legan-....</p><p><a href="https://www.b0b.dev/report#X">View in report</a></p>]]></description><TimeStamp><when>2019-07-28</when></TimeStamp><Point><coordinates>-121.58482,36.99719,0</coordinates></Point></Placemark><Placemark><name>El Paso Walmart mass shooting - El Paso, Texas</name><styleUrl>#t-mass-shooting</styleUrl><description><![CDATA[<p><b>Mass shootings</b> &middot; mass-shooting</p><p>8/3/19. Venue type: workplace. Killed: 23. Injured: 22. Total victims: 45. Patrick Crusius, 21, who was apprehended by police, posted a so-called manifesto online shortly before the attack espousing ideas of violent white nationalism and hatred of immigrants. &quot;This attack is a response to the Hispanic invasion of Texas,&quot; he allegedly wrote in the document. Source: Mother Jones mass-shootings dataset (1982-2026); row sources: https://www.nytimes.com/2023/07/07/us/el-paso-walmart-shooting-sentencing.html; https://www.washingtonpost.com/nation/20....</p><p><a href="https://www.b0b.dev/report#X">View in report</a></p>]]></description><TimeStamp><when>2019-08-03</when></TimeStamp><Point><coordinates>-106.37565,31.77107,0</coordinates></Point></Placemark><Placemark><name>Dayton entertainment district shooting - Dayton, Ohio</name><styleUrl>#t-mass-shooting</styleUrl><description><![CDATA[<p><b>Mass shootings</b> &middot; mass-shooting</p><p>8/4/19. Venue type: other. Killed: 9. Injured: 27. Total victims: 36. Connor Betts, 24, died during the attack, following a swift police response. He wore tactical gear including body armor and hearing protection, and had an ammunition device capable of holding 100 rounds. Source: Mother Jones mass-shootings dataset (1982-2026); row sources: https://www.nytimes.com/2019/08/04/us/dayton-ohio-shooting.html; https://www.nytimes.com/2019/08/04/us/mass-shootings-da....</p><p><a href="https://www.b0b.dev/report#X">View in report</a></p>]]></description><TimeStamp><when>2019-08-04</when></TimeStamp><Point><coordinates>-84.18495,39.75731,0</coordinates></Point></Placemark><Placemark><name>Odessa-Midland shooting spree - Odessa, Texas</name><styleUrl>#t-mass-shooting</styleUrl><description><![CDATA[<p><b>Mass shootings</b> &middot; mass-shooting</p><p>8/31/19. Venue type: other. Killed: 7. Injured: 25. Total victims: 32. Seth A. Ator, 36, fired at police officers who stopped him for a traffic violation, and then went on a driving rampage in the Odessa-Midland region, where he also shot a postal worker and stole her vehicle. He was shot dead by law enforcement responding to the rampage. Source: Mother Jones mass-shootings dataset (1982-2026); row sources: https://www.washingtonpost.com/politics/5-killed-21-injured-after-suspect-hijacked-a-mail-truck-in-odessa-texas/2019/08/....</p><p><a href="https://www.b0b.dev/report#X">View in report</a></p>]]></description><TimeStamp><when>2019-08-31</when></TimeStamp><Point><coordinates>-102.2796,31.92597,0</coordinates></Point></Placemark><Placemark><name>Pensacola Naval base shooting - Pensacola, Florida</name><styleUrl>#t-mass-shooting</styleUrl><description><![CDATA[<p><b>Mass shootings</b> &middot; mass-shooting</p><p>12/6/19. Venue type: military. Killed: 3. Injured: 8. Total victims: 11. Ahmed Mohammed al-Shamrani, 21, a Saudi Arabian military pilot training in the United States, opened fire just before 7 a.m. in an air station classroom. He was soon shot and killed by responding Florida sheriff’s deputies. Source: Mother Jones mass-shootings dataset (1982-2026); row sources: https://www.washingtonpost.com/national-security/2019/12/06/naval-station-pensacola-active-shooter/; https://www.cnn.com....</p><p><a href="https://www.b0b.dev/report#X">View in report</a></p>]]></description><TimeStamp><when>2019-12-06</when></TimeStamp><Point><coordinates>-87.28857,30.36471,0</coordinates></Point></Placemark><Placemark><name>Jersey City kosher market shooting - Jersey City, New Jersey</name><styleUrl>#t-mass-shooting</styleUrl><description><![CDATA[<p><b>Mass shootings</b> &middot; mass-shooting</p><p>12/10/19. Venue type: other. Killed: 4. Injured: 3. Total victims: 7. David N. Anderson, 47, and Francine Graham, 50, were heavily armed and traveling in a white van when they first killed a police officer in a cemetery, and then opened fire at a kosher market, “fueled both by anti-Semitism and anti-law enforcement beliefs,” according to New Jersey authorities. Source: Mother Jones mass-shootings dataset (1982-2026); row sources: https://www.nytimes.com/2019/12/15/nyregion/jersey-city-shooting-terrorism.html; https://twitter.com/fbimostwanted/statu....</p><p><a href="https://www.b0b.dev/report#X">View in report</a></p>]]></description><TimeStamp><when>2019-12-10</when></TimeStamp><Point><coordinates>-74.08361,40.70736,0</coordinates></Point></Placemark><Placemark><name>Molson Coors shooting - Milwaukee, Wisconsin</name><styleUrl>#t-mass-shooting</styleUrl><description><![CDATA[<p><b>Mass shootings</b> &middot; mass-shooting</p><p>2/26/20. Venue type: workplace. Killed: 5. Injured: 0. Total victims: 5. Anthony Ferrill, 51, an employee armed with two handguns, including one with a silencer, opened fire on the Milwaukee campus of the beer company, killing five people and then committing suicide. Source: Mother Jones mass-shootings dataset (1982-2026); row sources: https://www.jsonline.com/story/news/local/2020/02/26/active-shooter-reported-molsoncoors-campus-unknown-injuries/4884282....</p><p><a href="https://www.b0b.dev/report#X">View in report</a></p>]]></description><TimeStamp><when>2020-02-26</when></TimeStamp><Point><coordinates>-87.96254,43.04451,0</coordinates></Point></Placemark><Placemark><name>Springfield convenience store shooting - Springfield, Missouri</name><styleUrl>#t-mass-shooting</styleUrl><description><![CDATA[<p><b>Mass shootings</b> &middot; mass-shooting</p><p>3/15/2020. Venue type: workplace. Killed: 4. Injured: 0. Total victims: 4. Joaquin S. Roman, 31, went on a rampage culminating at a Kum &amp; Go, killing four people, including a police officer, before fatally shooting himself on the scene. Source: Mother Jones mass-shootings dataset (1982-2026); row sources: https://www.kiro7.com/news/trending/ive-been-shot-audio-paints-frantic-picture-shooting-that-killed-missouri-officer-3-o....</p><p><a href="https://www.b0b.dev/report#X">View in report</a></p>]]></description><TimeStamp><when>2020-03-15</when></TimeStamp><Point><coordinates>-93.23686,37.21043,0</coordinates></Point></Placemark><Placemark><name>Atlanta massage parlor shootings - Atlanta, Georgia</name><styleUrl>#t-mass-shooting</styleUrl><description><![CDATA[<p><b>Mass shootings</b> &middot; mass-shooting</p><p>3/16/21. Venue type: workplace. Killed: 8. Injured: 1. Total victims: 9. Robert Aaron Long, 21, killed eight people at three massage parlors. An additional victim was injured. Six of the deceased victims were women of Asian descent. According to law enforcement officials, Long, who is white, made claims in custody about having sexual addiction issues, and had frequented the massage parlors. Source: Mother Jones mass-shootings dataset (1982-2026); row sources: https://www.ajc.com/news/breaking-multiple-shootings-shut-down-busy-woodstock-highway/OLE23RVIO5BE3ELWBZAA6GVSSA/; https....</p><p><a href="https://www.b0b.dev/report#X">View in report</a></p>]]></description><TimeStamp><when>2021-03-16</when></TimeStamp><Point><coordinates>-84.58038,34.11165,0</coordinates></Point></Placemark><Placemark><name>Boulder supermarket shooting - Boulder, Colorado</name><styleUrl>#t-mass-shooting</styleUrl><description><![CDATA[<p><b>Mass shootings</b> &middot; mass-shooting</p><p>3/22/21. Venue type: workplace. Killed: 10. Injured: 0. Total victims: 10. Ahmad Al Aliwi Alissa, 21, carried out a mass shooting at a King Soopers that left 10 victims dead, including veteran police officer Eric Talley, who was the first officer to respond on the scene. Alissa was wounded by police and taken into custody. Source: Mother Jones mass-shootings dataset (1982-2026); row sources: https://www.denverpost.com/2021/03/22/police-active-shooter-shooting-king-soopers-boulder/; https://www.cnn.com/2021/03/....</p><p><a href="https://www.b0b.dev/report#X">View in report</a></p>]]></description><TimeStamp><when>2021-03-22</when></TimeStamp><Point><coordinates>-105.25117,39.98696,0</coordinates></Point></Placemark><Placemark><name>Orange office complex shooting - Orange, California</name><styleUrl>#t-mass-shooting</styleUrl><description><![CDATA[<p><b>Mass shootings</b> &middot; mass-shooting</p><p>3/31/21. Venue type: workplace. Killed: 4. Injured: 1. Total victims: 5. Aminadab Gaxiola Gonzalez, 44, allegedly opened fire inside a small business at an office complex, killing at least four victims, including a nine-year-old boy, before being wounded in a confrontation with police and taken into custody. Source: Mother Jones mass-shootings dataset (1982-2026); row sources: https://www.latimes.com/california/story/2021-03-31/orange-mass-shooting-reported; https://www.ocregister.com/2021/03/31....</p><p><a href="https://www.b0b.dev/report#X">View in report</a></p>]]></description><TimeStamp><when>2021-03-31</when></TimeStamp><Point><coordinates>-117.85379,33.83542,0</coordinates></Point></Placemark><Placemark><name>FedEx warehouse shooting - Indianapolis, Indiana</name><styleUrl>#t-mass-shooting</styleUrl><description><![CDATA[<p><b>Mass shootings</b> &middot; mass-shooting</p><p>4/15/21. Venue type: workplace. Killed: 8. Injured: 7. Total victims: 15. Brandon Scott Hole, 19, opened fire around 11 p.m. in the parking lot and inside the warehouse, and then shot himself fatally as police responded to the scene. Source: Mother Jones mass-shootings dataset (1982-2026); row sources: https://www.indystar.com/story/news/crime/2021/04/16/indianapolis-fedex-shooting-gunman-parked-car-and-began-randomly-fi....</p><p><a href="https://www.b0b.dev/report#X">View in report</a></p>]]></description><TimeStamp><when>2021-04-15</when></TimeStamp><Point><coordinates>-86.32313,39.68663,0</coordinates></Point></Placemark><Placemark><name>San Jose VTA shooting - San Jose, California</name><styleUrl>#t-mass-shooting</styleUrl><description><![CDATA[<p><b>Mass shootings</b> &middot; mass-shooting</p><p>5/26/21. Venue type: workplace. Killed: 9. Injured: 0. Total victims: 9. Samuel Cassidy, 57, a Valley Transportation Authorty employee, opened fire at a union meeting at the light rail facility, soon also fatally shooting himself at the scene. Before the attack, Cassidy had set fire to his own house, where he also had firearms and a stockpile of ammunition. Source: Mother Jones mass-shootings dataset (1982-2026); row sources: https://www.sfchronicle.com/crime/article/Mass-shooting-in-San-Jose-What-we-know-so-far-16204689.php; https://apnews.com....</p><p><a href="https://www.b0b.dev/report#X">View in report</a></p>]]></description><TimeStamp><when>2021-05-26</when></TimeStamp><Point><coordinates>-121.90833,37.35417,0</coordinates></Point></Placemark><Placemark><name>Oxford High School shooting - Oxford, Michigan</name><styleUrl>#t-mass-shooting</styleUrl><description><![CDATA[<p><b>Mass shootings</b> &middot; mass-shooting</p><p>11/30/21. Venue type: school. Killed: 4. Injured: 7. Total victims: 11. Ethan Crumbley, a 15-year-old student at Oxford High School, opened fire with a Sig Sauer 9mm pistol purchased four days earlier by his father, and was apprehended by police shortly thereafter. Prosecutors filed charges against Crumbley for terrorism and first-degree murder. Source: Mother Jones mass-shootings dataset (1982-2026); row sources: https://www.washingtonpost.com/nation/2021/11/30/oxford-high-school-shooting/; https://www.cnn.com/videos/us/2021/11/30/....</p><p><a href="https://www.b0b.dev/report#X">View in report</a></p>]]></description><TimeStamp><when>2021-11-30</when></TimeStamp><Point><coordinates>-83.25993,42.84411,0</coordinates></Point></Placemark><Placemark><name>Sacramento County church shooting - Sacramento, California</name><styleUrl>#t-mass-shooting</styleUrl><description><![CDATA[<p><b>Mass shootings</b> &middot; mass-shooting</p><p>2/28/22. Venue type: religious. Killed: 4. Injured: 0. Total victims: 4. &quot;A man believed to be meeting his three children for a supervised visit at a church just outside Sacramento on Monday afternoon fatally shot the children and an adult accompanying them before killing himself, police officials said. Source: Mother Jones mass-shootings dataset (1982-2026); row sources: https://www.nytimes.com/2022/02/28/us/church-shooting-sacramento.html; https://www.latimes.com/california/story/2022-02-....</p><p><a href="https://www.b0b.dev/report#X">View in report</a></p>]]></description><TimeStamp><when>2022-02-28</when></TimeStamp><Point><coordinates>-121.41897,38.60111,0</coordinates></Point></Placemark><Placemark><name>Buffalo supermarket massacre - Buffalo, New York</name><styleUrl>#t-mass-shooting</styleUrl><description><![CDATA[<p><b>Mass shootings</b> &middot; mass-shooting</p><p>5/14/22. Venue type: workplace. Killed: 10. Injured: 3. Total victims: 13. Payton S. Gendron, 18, committed a racially motivated mass murder, according to authorities. He livestreamed the attack and was apprehended by police. Source: Mother Jones mass-shootings dataset (1982-2026); row sources: https://www.nytimes.com/live/2022/05/15/nyregion/shooting-buffalo-ny; https://www.washingtonpost.com/investigations/2022.... Coordinates city-level (geocoded from the dataset place name).</p><p><a href="https://www.b0b.dev/report#X">View in report</a></p>]]></description><TimeStamp><when>2022-05-14</when></TimeStamp><Point><coordinates>-78.85278,42.90972,0</coordinates></Point></Placemark><Placemark><name>Robb Elementary School massacre - Uvalde, Texas</name><styleUrl>#t-mass-shooting</styleUrl><description><![CDATA[<p><b>Mass shootings</b> &middot; mass-shooting</p><p>5/24/22. Venue type: school. Killed: 21. Injured: 17. Total victims: 38. Salvador Ramos, 18, was identified by authorities as the suicidal gunman who attacked at Robb Elementary school. Source: Mother Jones mass-shootings dataset (1982-2026); row sources: https://abcnews.go.com/US/texas-elementary-school-reports-active-shooter-campus/story?; https://www.nytimes.com/live/202.... Coordinates city-level (geocoded from the dataset place name).</p><p><a href="https://www.b0b.dev/report#X">View in report</a></p>]]></description><TimeStamp><when>2022-05-24</when></TimeStamp><Point><coordinates>-99.78833,29.19944,0</coordinates></Point></Placemark><Placemark><name>Tulsa medical center shooting - Tulsa, Oklahoma</name><styleUrl>#t-mass-shooting</styleUrl><description><![CDATA[<p><b>Mass shootings</b> &middot; mass-shooting</p><p>6/1/22. Venue type: workplace. Killed: 4. Injured: 0. Total victims: 4. Michael Louis, 45, killed four, including two doctors, and took his own life, according to authorities. &quot;The gunman, who the chief said fatally shot himself, had been carrying a letter saying he blamed his surgeon for continuing back pain and intended to kill him and anyone who got in the way,&quot; according to the New York Times. Source: Mother Jones mass-shootings dataset (1982-2026); row sources: https://www.nytimes.com/live/2022/06/01/us/tulsa-shooting-oklahoma-news; https://www.cnn.com/2022/06/02/us/tulsa-hospita.... Coordinates city-level (geocoded from the dataset place name).</p><p><a href="https://www.b0b.dev/report#X">View in report</a></p>]]></description><TimeStamp><when>2022-06-01</when></TimeStamp><Point><coordinates>-95.91986,36.07001,0</coordinates></Point></Placemark><Placemark><name>Concrete company shooting - Smithsburg, Maryland</name><styleUrl>#t-mass-shooting</styleUrl><description><![CDATA[<p><b>Mass shootings</b> &middot; mass-shooting</p><p>6/9/22. Venue type: workplace. Killed: 3. Injured: 1. Total victims: 4. Joe Louis Esquivel, 23, shot four coworkers and was captured a short time later after a shootout with police. Source: Mother Jones mass-shootings dataset (1982-2026); row sources: https://www.washingtonpost.com/dc-md-va/2022/06/09/smithsburg-shooting-maryland/; https://www.wusa9.com/article/news/loc.... Coordinates city-level (geocoded from the dataset place name).</p><p><a href="https://www.b0b.dev/report#X">View in report</a></p>]]></description><TimeStamp><when>2022-06-09</when></TimeStamp><Point><coordinates>-77.57277,39.65482,0</coordinates></Point></Placemark><Placemark><name>Church potluck dinner shooting - Vestavia Hills, Alabama</name><styleUrl>#t-mass-shooting</styleUrl><description><![CDATA[<p><b>Mass shootings</b> &middot; mass-shooting</p><p>6/16/22. Venue type: religious. Killed: 3. Injured: 0. Total victims: 3. Robert Findlay Smith, 70, opened fire with a handgun at a potluck dinner and was subdued by a church member until police arrived to apprehend him. Source: Mother Jones mass-shootings dataset (1982-2026); row sources: https://apnews.com/article/alabama-birmingham-shootings-religion-1c773c7332c344e5ac30a1101cedeeef. Coordinates city-level (geocoded from the dataset place name).</p><p><a href="https://www.b0b.dev/report#X">View in report</a></p>]]></description><TimeStamp><when>2022-06-16</when></TimeStamp><Point><coordinates>-86.73069,33.46889,0</coordinates></Point></Placemark><Placemark><name>Highland Park July 4 parade shooting - Highland Park, Illinois</name><styleUrl>#t-mass-shooting</styleUrl><description><![CDATA[<p><b>Mass shootings</b> &middot; mass-shooting</p><p>7/4/22. Venue type: other. Killed: 7. Injured: 46. Total victims: 53. Suspected gunman Robert &quot;Bobby&quot; Crimo, 21, allegedly opened fire with a rifle from a rooftop during an Independence Day parade, unleashing several bursts of rapid fire, and then escaped from the scene as police responded. Source: Mother Jones mass-shootings dataset (1982-2026); row sources: https://www.cbsnews.com/chicago/news/suspect-in-custody-highland-park-july-4-parade-mass-shooting-active-shooter-at-larg.... Coordinates city-level (geocoded from the dataset place name).</p><p><a href="https://www.b0b.dev/report#X">View in report</a></p>]]></description><TimeStamp><when>2022-07-04</when></TimeStamp><Point><coordinates>-87.79932,42.18367,0</coordinates></Point></Placemark><Placemark><name>Greenwood Park Mall shooting - Greenwood, Indiana</name><styleUrl>#t-mass-shooting</styleUrl><description><![CDATA[<p><b>Mass shootings</b> &middot; mass-shooting</p><p>7/17/22. Venue type: workplace. Killed: 3. Injured: 2. Total victims: 5. Jonathan Sapirman, 20, opened fire in a mall food court and was soon shot dead by a 22-year-old armed civilian, whose response local authorities called &quot;nothing short of heroic.&quot; Source: Mother Jones mass-shootings dataset (1982-2026); row sources: https://apnews.com/article/indiana-mall-shooting-345348912b288dce656083b2422c2fde; https://www.washingtonpost.com/nation.... Coordinates city-level (geocoded from the dataset place name).</p><p><a href="https://www.b0b.dev/report#X">View in report</a></p>]]></description><TimeStamp><when>2022-07-17</when></TimeStamp><Point><coordinates>-86.10954,39.6137,0</coordinates></Point></Placemark><Placemark><name>Raleigh spree shooting - Hedingham, North Carolina</name><styleUrl>#t-mass-shooting</styleUrl><description><![CDATA[<p><b>Mass shootings</b> &middot; mass-shooting</p><p>10/13/22. Venue type: other. Killed: 5. Injured: 2. Total victims: 7. Austin Thompson, 15, went on a rampage in the Hedingham neighborhood, where he lived; one of the fatalities included his 16-year-old brother, James. Thompson was critically wounded and apprehended by police after a long standoff, and was admitted to an area hospital in critical condition. Source: Mother Jones mass-shootings dataset (1982-2026); row sources: https://www.newsobserver.com/news/local/crime/article267301562.html; https://www.newsobserver.com/news/local/crime/artic.... Coordinates city-level (geocoded from the dataset place name).</p><p><a href="https://www.b0b.dev/report#X">View in report</a></p>]]></description><TimeStamp><when>2022-10-13</when></TimeStamp><Point><coordinates>-78.54418,35.81035,0</coordinates></Point></Placemark><Placemark><name>University of Virginia shooting - Charlottesville, Virginia</name><styleUrl>#t-mass-shooting</styleUrl><description><![CDATA[<p><b>Mass shootings</b> &middot; mass-shooting</p><p>11/13/22. Venue type: school. Killed: 3. Injured: 2. Total victims: 5. Christopher Darnell Jones Jr., 22, allegedly opened fire after a charter bus returned to campus from a university field trip, killing three members of the UVA football team and injuring two other people. Jones Jr. Source: Mother Jones mass-shootings dataset (1982-2026); row sources: https://dailyprogress.com/news/local/guns-and-ammunition-seized-from-jones-uva-dormitory-room/article_af765148-66c7-11ed.... Coordinates city-level (geocoded from the dataset place name).</p><p><a href="https://www.b0b.dev/report#X">View in report</a></p>]]></description><TimeStamp><when>2022-11-13</when></TimeStamp><Point><coordinates>-78.47668,38.02931,0</coordinates></Point></Placemark><Placemark><name>LGBTQ club shooting - Colorado Springs, Colorado</name><styleUrl>#t-mass-shooting</styleUrl><description><![CDATA[<p><b>Mass shootings</b> &middot; mass-shooting</p><p>11/19/22. Venue type: other. Killed: 5. Injured: 25. Total victims: 30. Anderson L. Aldrich, 22, wore body armor and opened fire upon entering the club as a dance party was underway; he was subdued by unarmed patrons who tackled him amid the carnage and held him down until police arrived. Source: Mother Jones mass-shootings dataset (1982-2026); row sources: https://coloradosun.com/2022/11/20/club-q-shootins-colorado-springs/; https://www.washingtonpost.com/nation/2022/11/20/c.... Coordinates city-level (geocoded from the dataset place name).</p><p><a href="https://www.b0b.dev/report#X">View in report</a></p>]]></description><TimeStamp><when>2022-11-19</when></TimeStamp><Point><coordinates>-104.82535,38.83396,0</coordinates></Point></Placemark><Placemark><name>Virginia Walmart shooting - Chesapeake, Virginia</name><styleUrl>#t-mass-shooting</styleUrl><description><![CDATA[<p><b>Mass shootings</b> &middot; mass-shooting</p><p>11/22/22. Venue type: workplace. Killed: 6. Injured: 6. Total victims: 12. Andre Bing, 31, who worked as a supervisor at the store, opened fire on co-workers and then fatally shot himself, according to local authorities. Source: Mother Jones mass-shootings dataset (1982-2026); row sources: https://www.washingtonpost.com/dc-md-va/2022/11/23/andre-bing-walmart-shooting-employee/; https://www.wavy.com/news/loca.... Coordinates city-level (geocoded from the dataset place name).</p><p><a href="https://www.b0b.dev/report#X">View in report</a></p>]]></description><TimeStamp><when>2022-11-22</when></TimeStamp><Point><coordinates>-76.24889,36.77278,0</coordinates></Point></Placemark><Placemark><name>LA dance studio mass shooting - Monterey Park, California</name><styleUrl>#t-mass-shooting</styleUrl><description><![CDATA[<p><b>Mass shootings</b> &middot; mass-shooting</p><p>1/21/23. Venue type: other. Killed: 11. Injured: 10. Total victims: 21. Huu Can Tran, 72, fled the scene in a white van and later shot himself to death as police closed in. Source: Mother Jones mass-shootings dataset (1982-2026); row sources: https://www.latimes.com/california/story/2023-01-22/la-me-monterey-park-mass-shooting; https://www.washingtonpost.com/na.... Coordinates city-level (geocoded from the dataset place name).</p><p><a href="https://www.b0b.dev/report#X">View in report</a></p>]]></description><TimeStamp><when>2023-01-21</when></TimeStamp><Point><coordinates>-118.12981,34.05152,0</coordinates></Point></Placemark><Placemark><name>Half Moon Bay spree shooting - Half Moon Bay, California</name><styleUrl>#t-mass-shooting</styleUrl><description><![CDATA[<p><b>Mass shootings</b> &middot; mass-shooting</p><p>1/23/23. Venue type: workplace. Killed: 7. Injured: 1. Total victims: 8. Chunli Zhao, 67, suspected of carrying out the attacks at a mushroom farm and near a trucking facility, was apprehended by police. Zhao reportedly worked at the mushroom farm. Source: Mother Jones mass-shootings dataset (1982-2026); row sources: https://www.cnn.com/us/live-news/half-moon-bay-california-shooting-1-23-23/index.html; https://www.washingtonpost.com/na.... Coordinates city-level (geocoded from the dataset place name).</p><p><a href="https://www.b0b.dev/report#X">View in report</a></p>]]></description><TimeStamp><when>2023-01-23</when></TimeStamp><Point><coordinates>-122.42859,37.46355,0</coordinates></Point></Placemark><Placemark><name>Michigan State University shooting - East Lansing, Michigan</name><styleUrl>#t-mass-shooting</styleUrl><description><![CDATA[<p><b>Mass shootings</b> &middot; mass-shooting</p><p>2/13/23. Venue type: school. Killed: 3. Injured: 5. Total victims: 8. Anthony D. McRae, 43, opened fire at Berkey Hall and the MSU union, according to local police. Following an intense manhunt in the area, he was found dead from a self-inflicted gunshot wound, police said. Source: Mother Jones mass-shootings dataset (1982-2026); row sources: https://www.cnn.com/us/live-news/michigan-state-university-shooting-updates-2-13-23/index.html; https://www.freep.com/st.... Coordinates city-level (geocoded from the dataset place name).</p><p><a href="https://www.b0b.dev/report#X">View in report</a></p>]]></description><TimeStamp><when>2023-02-13</when></TimeStamp><Point><coordinates>-84.47217,42.73203,0</coordinates></Point></Placemark><Placemark><name>Nashville Christian school shooting - Nashville, Tennessee</name><styleUrl>#t-mass-shooting</styleUrl><description><![CDATA[<p><b>Mass shootings</b> &middot; mass-shooting</p><p>3/27/23. Venue type: school. Killed: 6. Injured: 6. Total victims: 12. Audrey Hale, 28, who was a former student at the private Covenant School (pre-school; K-6), killed three adults and three 9-year-old children, before being shot dead by responding police. Source: Mother Jones mass-shootings dataset (1982-2026); row sources: https://www.tennessean.com/story/news/crime/2023/03/27/nashville-mourns-mass-shooting-covenant-school/70052585007/; http.... Coordinates city-level (geocoded from the dataset place name).</p><p><a href="https://www.b0b.dev/report#X">View in report</a></p>]]></description><TimeStamp><when>2023-03-27</when></TimeStamp><Point><coordinates>-86.82556,36.09306,0</coordinates></Point></Placemark><Placemark><name>Louisville bank shooting - Louisville, Kentucky</name><styleUrl>#t-mass-shooting</styleUrl><description><![CDATA[<p><b>Mass shootings</b> &middot; mass-shooting</p><p>4/10/23. Venue type: workplace. Killed: 5. Injured: 8. Total victims: 13. Connor Sturgeon, 25, opened fire inside Old National Bank, killing and injuring multiple victims, including responding police officers; he died in a shootout with police. He told at least one person before the attack that he was suicidal, and left a note that he intended to open fire at the bank, according to local authorities. Source: Mother Jones mass-shootings dataset (1982-2026); row sources: https://apnews.com/article/downtown-louisville-shooting-dc7b45a9c5d2b384a16d653864f8b735; https://www.cnn.com/us/live-ne.... Coordinates city-level (geocoded from the dataset place name).</p><p><a href="https://www.b0b.dev/report#X">View in report</a></p>]]></description><TimeStamp><when>2023-04-10</when></TimeStamp><Point><coordinates>-85.75941,38.25424,0</coordinates></Point></Placemark><Placemark><name>Texas outlet mall shooting - Allen, Texas</name><styleUrl>#t-mass-shooting</styleUrl><description><![CDATA[<p><b>Mass shootings</b> &middot; mass-shooting</p><p>5/6/23. Venue type: other. Killed: 8. Injured: 7. Total victims: 15. Mauricio Garcia, 33, wore tactical gear and used an AR-15 to open fire outside a shopping mall in the city just north of Dallas; he was shot dead by a police officer who was nearby and responded to the attack. Investigators found evidence Garcia may have been motivated in part by far-right extremist ideology. Source: Mother Jones mass-shootings dataset (1982-2026); row sources: https://www.nytimes.com/2023/05/07/us/texas-mall-shooting-allen.html; https://www.washingtonpost.com/nation/2023/05/07/a.... Coordinates city-level (geocoded from the dataset place name).</p><p><a href="https://www.b0b.dev/report#X">View in report</a></p>]]></description><TimeStamp><when>2023-05-06</when></TimeStamp><Point><coordinates>-96.6608,33.1327,0</coordinates></Point></Placemark><Placemark><name>New Mexico neighborhood shooting - Farmington, New Mexico</name><styleUrl>#t-mass-shooting</styleUrl><description><![CDATA[<p><b>Mass shootings</b> &middot; mass-shooting</p><p>5/15/23. Venue type: other. Killed: 3. Injured: 6. Total victims: 9. Beau Wilson, 18, opened fire in a residential neighborhood around his home; he shot randomly at people, houses and cars, according to local authorities. A high school student, he wore body armor and used multiple guns, including an &quot;AR-15-style rifle,&quot; and was shot dead by responding police. Source: Mother Jones mass-shootings dataset (1982-2026); row sources: https://www.cbsnews.com/news/farmington-shooting-new-mexico-suspect-dead/; https://www.cnn.com/2023/05/16/us/farmington-.... Coordinates city-level (geocoded from the dataset place name).</p><p><a href="https://www.b0b.dev/report#X">View in report</a></p>]]></description><TimeStamp><when>2023-05-15</when></TimeStamp><Point><coordinates>-108.20544,36.72912,0</coordinates></Point></Placemark><Placemark><name>Philadelphia neighborhood shooting - Philadelphia, Pennsylvania</name><styleUrl>#t-mass-shooting</styleUrl><description><![CDATA[<p><b>Mass shootings</b> &middot; mass-shooting</p><p>7/3/23. Venue type: other. Killed: 5. Injured: 2. Total victims: 7. Kimbrady Carriker, 40, wearing a ski mask and body armor, allegedly opened fire randomly in the street in a southwestern neighborhood of Philadelphia. Carriker, who lived nearby, was cornered by police and apprehended. Early statements from local authorities were conflicting about Carriker&#x27;s gender but later clarified is male. Source: Mother Jones mass-shootings dataset (1982-2026); row sources: https://6abc.com/philly-mass-shooting-suspect-charged-with-5-counts-of-murder/13463565/; https://www.nytimes.com/2023/07.... Coordinates city-level (geocoded from the dataset place name).</p><p><a href="https://www.b0b.dev/report#X">View in report</a></p>]]></description><TimeStamp><when>2023-07-03</when></TimeStamp><Point><coordinates>-75.16353,39.95272,0</coordinates></Point></Placemark><Placemark><name>Orange County biker bar shooting - Trabuco Canyon, California</name><styleUrl>#t-mass-shooting</styleUrl><description><![CDATA[<p><b>Mass shootings</b> &middot; mass-shooting</p><p>8/23/23. Venue type: other. Killed: 3. Injured: 6. Total victims: 9. John Snowling, 59, a retired sergeant from the Ventura Police Department, was targeting his estranged wife, and was killed by police responding to the scene. Source: Mother Jones mass-shootings dataset (1982-2026); row sources: https://www.ocregister.com/2023/08/24/cooks-corner-mass-shooter-a-crazy-ex-cop-reportedly-was-targeting-wife/; https://w.... Coordinates city-level (geocoded from the dataset place name).</p><p><a href="https://www.b0b.dev/report#X">View in report</a></p>]]></description><TimeStamp><when>2023-08-23</when></TimeStamp><Point><coordinates>-117.6203,33.6838,0</coordinates></Point></Placemark><Placemark><name>Jacksonville Dollar General store shooting - Jacksonville, Florida</name><styleUrl>#t-mass-shooting</styleUrl><description><![CDATA[<p><b>Mass shootings</b> &middot; mass-shooting</p><p>8/26/23. Venue type: workplace. Killed: 3. Injured: 0. Total victims: 3. Ryan Palmeter, 21, outfitted in body armor, fatally shot three Black victims in what authorities said was a racist hate crime. He then shot himself to death on the scene as police responded. Palmeter had first gone to Edward Waters University, a historically Black college, but was refused entry. Source: Mother Jones mass-shootings dataset (1982-2026); row sources: https://www.washingtonpost.com/nation/2023/08/27/jacksonville-shooter-dollar-general-florida/; https://www.nytimes.com/2.... Coordinates city-level (geocoded from the dataset place name).</p><p><a href="https://www.b0b.dev/report#X">View in report</a></p>]]></description><TimeStamp><when>2023-08-26</when></TimeStamp><Point><coordinates>-81.69611,30.34917,0</coordinates></Point></Placemark><Placemark><name>Maine bowling alley and bar shootings - Lewiston, Maine</name><styleUrl>#t-mass-shooting</styleUrl><description><![CDATA[<p><b>Mass shootings</b> &middot; mass-shooting</p><p>10/25/23. Venue type: other. Killed: 18. Injured: 13. Total victims: 31. Robert Card, 40, an Army reservist and firearms instructor, opened fire in the two locations, then fled and became the focus of an intensive manhunt. He was found two days later, dead from a self-inflicted gunshot. Source: Mother Jones mass-shootings dataset (1982-2026); row sources: https://www.washingtonpost.com/nation/2023/10/25/lewiston-maine-shooting-live-updates/; https://www.yahoo.com/gma/allege.... Coordinates city-level (geocoded from the dataset place name).</p><p><a href="https://www.b0b.dev/report#X">View in report</a></p>]]></description><TimeStamp><when>2023-10-25</when></TimeStamp><Point><coordinates>-70.21771,44.09907,0</coordinates></Point></Placemark><Placemark><name>UNLV shooting - Las Vegas, Nevada</name><styleUrl>#t-mass-shooting</styleUrl><description><![CDATA[<p><b>Mass shootings</b> &middot; mass-shooting</p><p>12/6/23. Venue type: school. Killed: 3. Injured: 1. Total victims: 4. Anthony Polito, 67, a former university professor, died in a shootout with police after opening fire on the UNLV campus. Source: Mother Jones mass-shootings dataset (1982-2026); row sources: https://www.nbcnews.com/news/us-news/anthony-polito-s-know-unlv-shooting-suspect-accused-killing-3-wounding-rcna128499;.... Coordinates city-level (geocoded from the dataset place name).</p><p><a href="https://www.b0b.dev/report#X">View in report</a></p>]]></description><TimeStamp><when>2023-12-06</when></TimeStamp><Point><coordinates>-115.14376,36.10779,0</coordinates></Point></Placemark><Placemark><name>Arkansas grocery store shooting - Fordyce, Arkansas</name><styleUrl>#t-mass-shooting</styleUrl><description><![CDATA[<p><b>Mass shootings</b> &middot; mass-shooting</p><p>6/21/24. Venue type: workplace. Killed: 4. Injured: 10. Total victims: 14. Travis Posey, 44, opened fire in the parking lot and inside the store; he was injured in a gun battle with responding police before being taken into custody. Source: Mother Jones mass-shootings dataset (1982-2026); row sources: https://apnews.com/article/shooting-fordyce-mad-butcher-grocery-store-arkansas-925ed00ca724b5349ebc7c00a184f618; https:/.... Coordinates city-level (geocoded from the dataset place name).</p><p><a href="https://www.b0b.dev/report#X">View in report</a></p>]]></description><TimeStamp><when>2024-06-21</when></TimeStamp><Point><coordinates>-92.41324,33.81339,0</coordinates></Point></Placemark><Placemark><name>Apalachee High School shooting - Winder, Georgia</name><styleUrl>#t-mass-shooting</styleUrl><description><![CDATA[<p><b>Mass shootings</b> &middot; mass-shooting</p><p>9/4/24. Venue type: school. Killed: 4. Injured: 9. Total victims: 13. Colt Gray, 14, was apprehended by responding police. He and his father had been interviewed in 2023 by local authorities after the FBI received anonymous tips about school shooting threats allegedly coming from Gray. Source: Mother Jones mass-shootings dataset (1982-2026); row sources: https://www.nbcnews.com/news/us-news/suspect-custody-school-district-atlanta-put-lockdown-reports-campus-th-rcna169562. Coordinates city-level (geocoded from the dataset place name).</p><p><a href="https://www.b0b.dev/report#X">View in report</a></p>]]></description><TimeStamp><when>2024-09-04</when></TimeStamp><Point><coordinates>-83.78583,33.94833,0</coordinates></Point></Placemark><Placemark><name>NYC Park Avenue shooting - Manhattan, New York</name><styleUrl>#t-mass-shooting</styleUrl><description><![CDATA[<p><b>Mass shootings</b> &middot; mass-shooting</p><p>7/28/2025. Venue type: workplace. Killed: 4. Injured: 1. Total victims: 5. Shane Tamura, 27, who lived in Las Vegas, drove from Nevada to Manhattan, where he parked in front of a Park Avenue skyscraper and went into the building housing offices for the NFL, Blackstone and other corporations. He shot himself fatally after killing four people, including a police officer, and wounding another. Source: Mother Jones mass-shootings dataset (1982-2026); row sources: https://www.nytimes.com/2025/07/29/nyregion/nyc-shooting-midtown-gunman-victims.html; https://www.washingtonpost.com/nat.... Coordinates city-level (geocoded from the dataset place name).</p><p><a href="https://www.b0b.dev/report#X">View in report</a></p>]]></description><TimeStamp><when>2025-07-28</when></TimeStamp><Point><coordinates>-73.98553,40.75796,0</coordinates></Point></Placemark><Placemark><name>Reno casino shooting - Reno, Nevada</name><styleUrl>#t-mass-shooting</styleUrl><description><![CDATA[<p><b>Mass shootings</b> &middot; mass-shooting</p><p>7/28/2025. Venue type: workplace. Killed: 3. Injured: 3. Total victims: 6. Dakota Hawver, 26, opened fire in a parking area of the Grand Sierra Resort, soon exchanging gunfire with responding police, who wounded and apprehended him. He had no known criminal or mental health history, according to local authorities. Source: Mother Jones mass-shootings dataset (1982-2026); row sources: https://www.nbcnews.com/news/us-news/multiple-people-injured-reno-hotel-casino-shooting-rcna221532; https://www.nbcnews..... Coordinates city-level (geocoded from the dataset place name).</p><p><a href="https://www.b0b.dev/report#X">View in report</a></p>]]></description><TimeStamp><when>2025-07-28</when></TimeStamp><Point><coordinates>-119.81266,39.52618,0</coordinates></Point></Placemark><Placemark><name>Montana bar shooting - Anaconda, Montana</name><styleUrl>#t-mass-shooting</styleUrl><description><![CDATA[<p><b>Mass shootings</b> &middot; mass-shooting</p><p>8/1/2025. Venue type: workplace. Killed: 4. Injured: 0. Total victims: 4. Michael Paul Brown, 45, the suspect in the attack, is an Army veteran who served in Iraq. Brown struggled with mental illness for years, according to family members who spoke to news media after the attack. Brown fled the scene and was captured after an eight-day manhunt. Source: Mother Jones mass-shootings dataset (1982-2026); row sources: https://www.wsj.com/us-news/manhunt-for-montana-bar-gunman-enters-third-day-1d7f5d8f; https://www.nytimes.com/2025/08/08.... Coordinates city-level (geocoded from the dataset place name).</p><p><a href="https://www.b0b.dev/report#X">View in report</a></p>]]></description><TimeStamp><when>2025-08-01</when></TimeStamp><Point><coordinates>-112.95313,46.12947,0</coordinates></Point></Placemark><Placemark><name>Austin parking lot shooting - Austin, Texas</name><styleUrl>#t-mass-shooting</styleUrl><description><![CDATA[<p><b>Mass shootings</b> &middot; mass-shooting</p><p>8/11/2025. Venue type: other. Killed: 3. Injured: 0. Total victims: 3. Ethan Nieneker, 32, allegedly fled after opening fire in a Target parking lot in Austin, and was soon apprehended elsewhere in Austin by police. He allegedly had a criminal record including domestic violence and a history of mental health problems, according to local authorities. Source: Mother Jones mass-shootings dataset (1982-2026); row sources: https://www.cnn.com/2025/08/11/us/shooting-austin-target-four-injured; https://abcnews.go.com/US/shooting-reported-targe.... Coordinates city-level (geocoded from the dataset place name).</p><p><a href="https://www.b0b.dev/report#X">View in report</a></p>]]></description><TimeStamp><when>2025-08-11</when></TimeStamp><Point><coordinates>-97.7437,30.27113,0</coordinates></Point></Placemark><Placemark><name>North Carolina waterfront bar shooting - Southport Yacht Basin, North Carolina</name><styleUrl>#t-mass-shooting</styleUrl><description><![CDATA[<p><b>Mass shootings</b> &middot; mass-shooting</p><p>9/27/2025. Venue type: other. Killed: 3. Injured: 8. Total victims: 11. Nigel Edge (formerly Sean DeBevoise), 39, an ex-Marine and decorated Iraq war veteran, opened fire from a boat at the waterfront establishment; was arrested the following day by local authorities. Source: Mother Jones mass-shootings dataset (1982-2026); row sources: https://www.cnn.com/2025/09/28/us/southport-yacht-basin-north-carolina-shooting-hnk?cid=ios_app. Coordinates city-level (geocoded from the dataset place name).</p><p><a href="https://www.b0b.dev/report#X">View in report</a></p>]]></description><TimeStamp><when>2025-09-27</when></TimeStamp><Point><coordinates>-78.02027,33.92156,0</coordinates></Point></Placemark><Placemark><name>Michigan Mormon church shooting - Grand Blanc, Michigan</name><styleUrl>#t-mass-shooting</styleUrl><description><![CDATA[<p><b>Mass shootings</b> &middot; mass-shooting</p><p>9/28/2025. Venue type: religious. Killed: 4. Injured: 8. Total victims: 12. Thomas J. Sanford, 40, an ex-Marine and Iraq War veteran, crashed his truck into a Mormon church during crowded Sunday morning services. He opened fire with a semiautomatic rifle and also carried out an arson attack on the building, before dying in a gun battle with responding police. Source: Mother Jones mass-shootings dataset (1982-2026); row sources: https://www.nbcnews.com/news/us-news/what-we-know-thomas-jacob-sanford-suspect-michigan-church-shooting-rcna234309; http.... Coordinates city-level (geocoded from the dataset place name).</p><p><a href="https://www.b0b.dev/report#X">View in report</a></p>]]></description><TimeStamp><when>2025-09-28</when></TimeStamp><Point><coordinates>-83.62995,42.92753,0</coordinates></Point></Placemark><Placemark><name>Brown University and MIT shooting - Providence, Rhode Island</name><styleUrl>#t-mass-shooting</styleUrl><description><![CDATA[<p><b>Mass shootings</b> &middot; mass-shooting</p><p>12/13/2025. Venue type: school. Killed: 3. Injured: 9. Total victims: 12. Claudio Neves Valente, 48, a former student at Brown, opened fire inside the school of engineering, killing two victims and injuring nine others; two days later he shot and killed an MIT professor, who had been his former classmate in Portugal. Source: Mother Jones mass-shootings dataset (1982-2026); row sources: https://www.nytimes.com/2025/12/19/us/mit-professor-shooting-suspect-portugal-lisbon-physics.html; https://www.nytimes.c.... Coordinates city-level (geocoded from the dataset place name).</p><p><a href="https://www.b0b.dev/report#X">View in report</a></p>]]></description><TimeStamp><when>2025-12-13</when></TimeStamp><Point><coordinates>-71.41283,41.82399,0</coordinates></Point></Placemark><Placemark><name>Austin bar shooting - Austin, Texas</name><styleUrl>#t-mass-shooting</styleUrl><description><![CDATA[<p><b>Mass shootings</b> &middot; mass-shooting</p><p>3/1/2026. Venue type: other. Killed: 3. Injured: 13. Total victims: 16. Ndiaga Diagne, 53, opened fire in a popular entertainment district along Sixth Street, and was quickly killed in a gun battle with police. Diagne had emigrated to the US in 2000 and became a naturalized citizen in 2013. Source: Mother Jones mass-shootings dataset (1982-2026); row sources: https://www.cnn.com/2026/03/02/us/austin-mass-shooting-ndiaga-diagne-wwk-hnk. Coordinates city-level (geocoded from the dataset place name).</p><p><a href="https://www.b0b.dev/report#X">View in report</a></p>]]></description><TimeStamp><when>2026-03-01</when></TimeStamp><Point><coordinates>-97.7437,30.27113,0</coordinates></Point></Placemark><Placemark><name>San Diego mosque shooting - San Diego, California</name><styleUrl>#t-mass-shooting</styleUrl><description><![CDATA[<p><b>Mass shootings</b> &middot; mass-shooting</p><p>5/18/2026. Venue type: religious. Killed: 3. Injured: 0. Total victims: 3. Cain Clark, 17, and Caleb Vasquez, 18, attacked a mosque and then died by self-inflicted gunshots as police responded. Source: Mother Jones mass-shootings dataset (1982-2026); row sources: https://www.latimes.com/california/story/2026-05-18/san-diego-islamic-center-shooting-suspects-what-we-know; https://www.... Coordinates city-level (geocoded from the dataset place name).</p><p><a href="https://www.b0b.dev/report#X">View in report</a></p>]]></description><TimeStamp><when>2026-05-18</when></TimeStamp><Point><coordinates>-117.1655,32.8205,0</coordinates></Point></Placemark><Placemark><name>In-N-Out Burger shooting - Twin Falls, Idaho</name><styleUrl>#t-mass-shooting</styleUrl><description><![CDATA[<p><b>Mass shootings</b> &middot; mass-shooting</p><p>8/1/2026. Venue type: other. Killed: 3. Injured: 7. Total victims: 10. Chad Williams, 24, opened fire outside the restaurant, faced return fire from an armed citizen and an off-duty police officer, and shot himself to death. Source: Mother Jones mass-shootings dataset (1982-2026); row sources: https://abcnews.com/US/burger-shooting-suspect/story?id=135337720; https://www.nytimes.com/2026/08/02/us/gunman-acted-al.... Coordinates city-level (geocoded from the dataset place name).</p><p><a href="https://www.b0b.dev/report#X">View in report</a></p>]]></description><TimeStamp><when>2026-08-01</when></TimeStamp><Point><coordinates>-114.4555,42.5971,0</coordinates></Point></Placemark></Folder><Folder><name>Sport and gambling (73)</name><open>0</open><Placemark><name>Flamingo Hotel - Bugsy Siegel / Meyer Lansky</name><styleUrl>#t-sports-gambling</styleUrl><description><![CDATA[<p><b>Sport and gambling</b> &middot; sports-gambling</p><p>Casino opened Dec 26, 1946 (hotel March 1947); the third resort on the Strip and the oldest still operating. Bugsy Siegel took over the project from Billy Wilkerson, with Meyer Lansky&#x27;s approval as an off-the-books financier. Siegel was shot dead by an unknown gunman at a Beverly Hills home on June 20, 1947; the killing is unsolved.</p><p><a href="https://www.b0b.dev/report#SPORTS">View in report</a></p>]]></description><TimeStamp><when>1946-12-26</when></TimeStamp><Point><coordinates>-115.17056,36.11611,0</coordinates></Point></Placemark><Placemark><name>Stardust Casino - Frank Rosenthal / Chicago Outfit</name><styleUrl>#t-sports-gambling</styleUrl><description><![CDATA[<p><b>Sport and gambling</b> &middot; sports-gambling</p><p>Argent Corporation (Allen Glick) bought the Stardust in 1974 with Teamsters pension-fund loans; executive Frank &#x27;Lefty&#x27; Rosenthal ran casino operations at the Stardust and other Argent properties. A skimming operation was uncovered from 1976; members of organized crime were later convicted over the Las Vegas skim, but Rosenthal was never charged in connection with it. Rosenthal survived a car bomb on Oct 4, 1982. Depicted in &#x27;Casino&#x27; (1995). The Stardust closed Nov 1, 2006; its towers were imploded March 13, 2007.</p><p><a href="https://www.b0b.dev/report#SPORTS">View in report</a></p>]]></description><TimeStamp><when>1982-10-04</when></TimeStamp><Point><coordinates>-115.1631,36.1367,0</coordinates></Point></Placemark><Placemark><name>Caesars Palace - Jay Sarno / Teamsters Loans</name><styleUrl>#t-sports-gambling</styleUrl><description><![CDATA[<p><b>Sport and gambling</b> &middot; sports-gambling</p><p>Opened Aug 5, 1966. Jay Sarno and Stanley Mallin built it with a $10.6M loan (1962) from the Teamsters Central States Pension Fund. Allen Dorfman, the fund&#x27;s insurance administrator and a close associate of Jimmy Hoffa, was convicted in Dec 1982 of conspiring to bribe U.S. Senator Howard Cannon and was shot dead in a Lincolnwood, Illinois hotel parking lot on Jan 20, 1983, three days before sentencing; the killing is unsolved. Hoffa disappeared in 1975.</p><p><a href="https://www.b0b.dev/report#SPORTS">View in report</a></p>]]></description><TimeStamp><when>1966-08-05</when></TimeStamp><Point><coordinates>-115.1745,36.1162,0</coordinates></Point></Placemark><Placemark><name>Havana Casinos - Lansky/Trafficante Pre-Revolution</name><styleUrl>#t-sports-gambling</styleUrl><description><![CDATA[<p><b>Sport and gambling</b> &middot; sports-gambling</p><p>Meyer Lansky was associated with the casinos at the Hotel Nacional and the Hotel Riviera in Havana; Santo Trafficante Jr. with the Sans Souci and others. The revolution (Jan 1, 1959) closed the mob-linked casino trade. Where that capital and expertise went after 1959 is a question, not a finding.</p><p><a href="https://www.b0b.dev/report#SPORTS">View in report</a></p>]]></description><TimeStamp><when>1959-01-01</when></TimeStamp><Point><coordinates>-82.3666,23.1136,0</coordinates></Point></Placemark><Placemark><name>T-Mobile Arena / Las Vegas Strip - Sports Capital</name><styleUrl>#t-sports-gambling</styleUrl><description><![CDATA[<p><b>Sport and gambling</b> &middot; sports-gambling</p><p>Opened Apr 6, 2016 - home of the Vegas Golden Knights (NHL, from 2017). Las Vegas now also hosts the Raiders (NFL, 2020, Allegiant Stadium), the Aces (WNBA), NBA Summer League, the F1 Grand Prix, Super Bowl LVIII (2024), and the planned relocation of the Athletics (MLB). The leagues that long kept away from Las Vegas now hold sports-betting partnerships.</p><p><a href="https://www.b0b.dev/report#SPORTS">View in report</a></p>]]></description><TimeStamp><when>2016-04-06</when></TimeStamp><Point><coordinates>-115.1784,36.1029,0</coordinates></Point></Placemark><Placemark><name>Allegiant Stadium - Las Vegas Raiders</name><styleUrl>#t-sports-gambling</styleUrl><description><![CDATA[<p><b>Sport and gambling</b> &middot; sports-gambling</p><p>$1.9 billion stadium; $750M of public money raised through a Clark County hotel-room tax (SB1, signed Oct 17, 2016). The Raiders moved from Oakland in 2020; owner Mark Davis, son of Al Davis. Sheldon Adelson (d. 2021) of Las Vegas Sands first backed the project and pledged $650M of his own money, then pulled out in early 2017. The NFL, which suspended players for gambling, relocated a franchise to the gambling capital, with the public paying the largest single share of the stadium.</p><p><a href="https://www.b0b.dev/report#SPORTS">View in report</a></p>]]></description><TimeSpan><begin>2020-01-01</begin><end>2020-12-31</end></TimeSpan><Point><coordinates>-115.1833,36.0909,0</coordinates></Point></Placemark><Placemark><name>NBA HQ - 645 Fifth Ave, New York</name><styleUrl>#t-sports-gambling</styleUrl><description><![CDATA[<p><b>Sport and gambling</b> &middot; sports-gambling</p><p>National Basketball Association headquarters (also Secaucus, NJ). Commissioner Adam Silver (since Feb 2014) wrote a 2014 New York Times op-ed advocating legal, regulated sports betting. Referee Tim Donaghy pleaded guilty in 2007 to federal charges for betting on games and passing information to gamblers; reports of mob involvement were later discounted. The league now has official betting partnerships with sportsbooks. Silver&#x27;s position: regulate what happens anyway.</p><p><a href="https://www.b0b.dev/report#SPORTS">View in report</a></p>]]></description><TimeSpan><begin>2014-01-01</begin><end>2014-12-31</end></TimeSpan><Point><coordinates>-73.9747,40.761,0</coordinates></Point></Placemark><Placemark><name>Tim Donaghy - West Chester, Pennsylvania</name><styleUrl>#t-organized-crime</styleUrl><description><![CDATA[<p><b>Sport and gambling</b> &middot; organized-crime</p><p>FBI investigation (2007): NBA referee Tim Donaghy bet on games he officiated (2003-07) and passed information to gamblers James Battista and Thomas Martino, high-school classmates. Pleaded guilty Aug 15, 2007; sentenced to 15 months (July 29, 2008). Early reports of mob ties were later discounted; Donaghy alleged other referees and the league office influenced outcomes - the NBA denied it. Question, not finding: one referee went undetected for years.</p><p><a href="https://www.b0b.dev/report#SPORTS">View in report</a></p>]]></description><TimeSpan><begin>2007-01-01</begin><end>2007-12-31</end></TimeSpan><Point><coordinates>-75.6057,39.9607,0</coordinates></Point></Placemark><Placemark><name>Boston College - 1978-79 Point Shaving</name><styleUrl>#t-organized-crime</styleUrl><description><![CDATA[<p><b>Sport and gambling</b> &middot; organized-crime</p><p>1978-79 season: Pittsburgh gamblers Rocco and Tony Perla recruited Boston College player Rick Kuhn; Paul Mazzei brought in Henry Hill and Jimmy Burke of the Lucchese crime family. Gamblers bet against BC on fixed games - the team often still won, just not by the spread. Convicted in 1981: Burke (12 years), Kuhn (10 years, reduced), Mazzei and Tony Perla (10 years), Rocco Perla (4 years); Hill testified. Retold in &#x27;Goodfellas&#x27;.</p><p><a href="https://www.b0b.dev/report#SPORTS">View in report</a></p>]]></description><TimeSpan><begin>1978-01-01</begin><end>1978-12-31</end></TimeSpan><Point><coordinates>-71.1685,42.3355,0</coordinates></Point></Placemark><Placemark><name>Tulane University - 1985 Point Shaving</name><styleUrl>#t-organized-crime</styleUrl><description><![CDATA[<p><b>Sport and gambling</b> &middot; organized-crime</p><p>Feb 1985: Tulane players shaved points in two home games (Southern Miss Feb 6, Memphis State Feb 20) after student Gary Kranz, who had supplied some of them with cocaine, offered cash; several thousand dollars changed hands. Kranz and others pleaded guilty; star John &#x27;Hot Rod&#x27; Williams was acquitted at trial. President Eamon Kelly disbanded the program on April 4, 1985; it returned in 1989.</p><p><a href="https://www.b0b.dev/report#SPORTS">View in report</a></p>]]></description><TimeSpan><begin>1985-02-01</begin><end>1985-02-28</end></TimeSpan><Point><coordinates>-90.1208,29.9401,0</coordinates></Point></Placemark><Placemark><name>Arizona State - 1994 Point Shaving</name><styleUrl>#t-organized-crime</styleUrl><description><![CDATA[<p><b>Sport and gambling</b> &middot; organized-crime</p><p>Former ASU student and campus bookmaker Benny Silman paid guards Stevin &#x27;Hedake&#x27; Smith and Isaac Burton to shave points in four games in the 1993-94 season; the team won but failed to cover. Chicago-area bettors were also convicted; Silman says organized-crime figures pressured him to continue. Silman was sentenced to 46 months; Smith to a year and a day.</p><p><a href="https://www.b0b.dev/report#SPORTS">View in report</a></p>]]></description><TimeSpan><begin>1994-01-01</begin><end>1994-12-31</end></TimeSpan><Point><coordinates>-111.9281,33.4242,0</coordinates></Point></Placemark><Placemark><name>NFL HQ - 345 Park Ave, New York</name><styleUrl>#t-sports-gambling</styleUrl><description><![CDATA[<p><b>Sport and gambling</b> &middot; sports-gambling</p><p>National Football League headquarters. Commissioner Roger Goodell repeatedly opposed sports betting until the revenue opportunity became clear. The NFL suspended players for gambling (Paul Hornung 1963, Alex Karras 1963, Art Schlichter, Josh Shaw, Calvin Ridley, etc.) while simultaneously accepting $1B+ annually in gambling advertising revenue. FanDuel, DraftKings, Caesars are all &#x27;official partners.&#x27; The league that suspends players for betting profits from the betting industry. $20.2B league revenue (2023).</p><p><a href="https://www.b0b.dev/report#SPORTS">View in report</a></p>]]></description><TimeSpan><begin>1963-01-01</begin><end>1963-12-31</end></TimeSpan><Point><coordinates>-73.9725,40.7578,0</coordinates></Point></Placemark><Placemark><name>1958 NFL Championship - &#x27;Greatest Game Ever Played&#x27;</name><styleUrl>#t-sports-gambling</styleUrl><description><![CDATA[<p><b>Sport and gambling</b> &middot; sports-gambling</p><p>Yankee Stadium, Dec 28, 1958. Baltimore Colts 23, New York Giants 17 (OT) - the game that made the NFL a television product. Colts owner Carroll Rosenbloom was a known gambler; it has been alleged, never established, that he bet on the game. He drowned off Golden Beach, Florida on April 2, 1979 - ruled an accident; a PBS Frontline documentary later suggested he may have been murdered.</p><p><a href="https://www.b0b.dev/report#SPORTS">View in report</a></p>]]></description><TimeStamp><when>1958-12-28</when></TimeStamp><Point><coordinates>-73.9262,40.8296,0</coordinates></Point></Placemark><Placemark><name>Art Schlichter - Gambling / Organized Crime</name><styleUrl>#t-organized-crime</styleUrl><description><![CDATA[<p><b>Sport and gambling</b> &middot; organized-crime</p><p>Ohio State quarterback, 4th overall pick (1982, Baltimore Colts). Lost hundreds of thousands betting; went to the FBI about his bookies in 1983 and was suspended by the NFL (1983). Arrested in New York in 1987 over a sports-betting operation (probation). In 2011 pleaded guilty to state theft/corrupt-activity charges (10 years) and to federal wire-fraud charges over a ticket scheme; federal sentence 10 years 7 months (May 2012), concurrent.</p><p><a href="https://www.b0b.dev/report#SPORTS">View in report</a></p>]]></description><TimeSpan><begin>1982-01-01</begin><end>1982-12-31</end></TimeSpan><Point><coordinates>-82.9988,39.9612,0</coordinates></Point></Placemark><Placemark><name>Calvin Ridley - NFL Gambling Suspension</name><styleUrl>#t-sports-gambling</styleUrl><description><![CDATA[<p><b>Sport and gambling</b> &middot; sports-gambling</p><p>Atlanta Falcons WR suspended indefinitely, through at least the 2022 season, for betting on NFL games in 2021, including on his own team (reported as ~$1,500 in parlays); not accused of fixing anything. Forfeited his $11.1M 2022 salary. The league that suspended him holds sportsbook partnerships.</p><p><a href="https://www.b0b.dev/report#SPORTS">View in report</a></p>]]></description><TimeSpan><begin>2022-01-01</begin><end>2022-12-31</end></TimeSpan><Point><coordinates>-84.388,33.749,0</coordinates></Point></Placemark><Placemark><name>Jerry Jones - Dallas Cowboys / Comstock Resources</name><styleUrl>#t-sports-gambling</styleUrl><description><![CDATA[<p><b>Sport and gambling</b> &middot; sports-gambling</p><p>AT&amp;T Stadium, Arlington TX. Jones bought the Cowboys for $140M (Feb 1989); Forbes has since valued them as the world&#x27;s most valuable sports team (~$10.1B). Jones is also the controlling shareholder of Comstock Resources (oil/gas) through entities he solely owns (~70.9%, 2026 proxy). Pattern: NFL ownership as one holding among energy, real estate, finance and media wealth.</p><p><a href="https://www.b0b.dev/report#SPORTS">View in report</a></p>]]></description><TimeSpan><begin>1989-01-01</begin><end>1989-12-31</end></TimeSpan><Point><coordinates>-97.0945,32.7473,0</coordinates></Point></Placemark><Placemark><name>Robert Kraft - New England Patriots / Kraft Group</name><styleUrl>#t-sports-gambling</styleUrl><description><![CDATA[<p><b>Sport and gambling</b> &middot; sports-gambling</p><p>Gillette Stadium, Foxborough MA. Kraft bought the Patriots for $172M (1994). Kraft Group: paper, packaging, real estate, private equity. Feb 2019: charged with two misdemeanor counts of soliciting prostitution at Orchids of Asia Day Spa, Jupiter FL; police had entered the spa under the banner of a human-trafficking investigation, but prosecutors said in April 2019 there was no evidence of trafficking. Charges dropped in 2020 after Florida courts suppressed the hidden-camera video.</p><p><a href="https://www.b0b.dev/report#SPORTS">View in report</a></p>]]></description><TimeSpan><begin>2019-02-01</begin><end>2019-02-28</end></TimeSpan><Point><coordinates>-71.2643,42.0909,0</coordinates></Point></Placemark><Placemark><name>Stan Kroenke - LA Rams / Arsenal / KSE</name><styleUrl>#t-sports-gambling</styleUrl><description><![CDATA[<p><b>Sport and gambling</b> &middot; sports-gambling</p><p>SoFi Stadium, Inglewood CA. Kroenke owns the LA Rams, Denver Nuggets, Colorado Avalanche, Colorado Rapids, Colorado Mammoth and Arsenal FC; KSE agreed in Sept 2026 to buy the Los Angeles Angels (reported; close expected 2027, pending MLB approval). Married to Ann Walton Kroenke, a Walmart heiress. Cross-border sports ownership as financial network mapping.</p><p><a href="https://www.b0b.dev/report#SPORTS">View in report</a></p>]]></description><Point><coordinates>-118.339,33.9535,0</coordinates></Point></Placemark><Placemark><name>Comiskey Park - 1919 Black Sox Scandal</name><styleUrl>#t-organized-crime</styleUrl><description><![CDATA[<p><b>Sport and gambling</b> &middot; organized-crime</p><p>1919 World Series: eight Chicago White Sox players were accused of losing to the Cincinnati Reds for gamblers&#x27; money. Arnold Rothstein&#x27;s involvement is contested - there is evidence both for and against it. The players were acquitted in court (1921) but banned for life by Commissioner Landis. Rothstein was shot at the Park Central Hotel, NYC, on Nov 4, 1928.</p><p><a href="https://www.b0b.dev/report#SPORTS">View in report</a></p>]]></description><TimeSpan><begin>1919-10-01</begin><end>1919-10-28</end></TimeSpan><Point><coordinates>-87.6338,41.8299,0</coordinates></Point></Placemark><Placemark><name>Arnold Rothstein - Park Central Hotel, NYC</name><styleUrl>#t-organized-crime</styleUrl><description><![CDATA[<p><b>Sport and gambling</b> &middot; organized-crime</p><p>Arnold Rothstein, widely reputed to have organized the fix of the 1919 World Series, was shot at the Park Central Hotel on Nov 4, 1928 and died Nov 6. A mentor to Lucky Luciano, Meyer Lansky, Frank Costello and Bugsy Siegel, he is credited with turning organized crime into a business run like a corporation.</p><p><a href="https://www.b0b.dev/report#SPORTS">View in report</a></p>]]></description><TimeStamp><when>1928-11-04</when></TimeStamp><Point><coordinates>-73.9794,40.7648,0</coordinates></Point></Placemark><Placemark><name>Pete Rose - Gambling Ban / Hit King</name><styleUrl>#t-sports-gambling</styleUrl><description><![CDATA[<p><b>Sport and gambling</b> &middot; sports-gambling</p><p>Riverfront Stadium / Great American Ball Park, Cincinnati. Rose - MLB&#x27;s all-time hits leader (4,256) - was banned for life by Commissioner Giamatti on Aug 24, 1989 for betting on baseball, including games he managed. He denied it until 2004. Giamatti died of a heart attack on Sept 1, 1989. Rose died Sept 30, 2024; on May 13, 2025 MLB ended permanent bans at death, reinstating him posthumously. MLB now has official partnerships with legal sportsbooks.</p><p><a href="https://www.b0b.dev/report#SPORTS">View in report</a></p>]]></description><TimeStamp><when>1989-08-24</when></TimeStamp><Point><coordinates>-84.5069,39.0976,0</coordinates></Point></Placemark><Placemark><name>BALCO Labs - Burlingame, California</name><styleUrl>#t-sports-gambling</styleUrl><description><![CDATA[<p><b>Sport and gambling</b> &middot; sports-gambling</p><p>Bay Area Laboratory Co-Operative. Founder Victor Conte distributed the designer steroid THG (&#x27;the Clear&#x27;) and other drugs to athletes; the 2003 federal investigation reached MLB, NFL and Olympic sports, and several athletes, including Marion Jones, later admitted use. Barry Bonds testified to the 2003 grand jury and denied knowingly using steroids; his obstruction conviction was overturned.</p><p><a href="https://www.b0b.dev/report#SPORTS">View in report</a></p>]]></description><TimeSpan><begin>2003-01-01</begin><end>2003-12-31</end></TimeSpan><Point><coordinates>-122.3661,37.5841,0</coordinates></Point></Placemark><Placemark><name>MLB HQ - 1271 Ave of the Americas, NYC</name><styleUrl>#t-sports-gambling</styleUrl><description><![CDATA[<p><b>Sport and gambling</b> &middot; sports-gambling</p><p>Major League Baseball headquarters. MLB has official sports-betting partnerships with several sportsbooks (incl. DraftKings, FanDuel, BetMGM). Commissioner Rob Manfred. The league that banned Pete Rose for life for betting now earns partnership revenue from legal betting.</p><p><a href="https://www.b0b.dev/report#SPORTS">View in report</a></p>]]></description><Point><coordinates>-73.979,40.7614,0</coordinates></Point></Placemark><Placemark><name>Houston Astros - Sign Stealing Scandal</name><styleUrl>#t-sports-gambling</styleUrl><description><![CDATA[<p><b>Sport and gambling</b> &middot; sports-gambling</p><p>Daikin Park (formerly Minute Maid Park), Houston. MLB found (Jan 13, 2020) the Astros used a camera system to steal signs in 2017 and part of 2018, relaying them by banging a trash can. They won the 2017 World Series. Manager AJ Hinch and GM Jeff Luhnow were suspended one year and fired; players received immunity for cooperating. The title stands.</p><p><a href="https://www.b0b.dev/report#SPORTS">View in report</a></p>]]></description><TimeSpan><begin>2017-01-01</begin><end>2017-12-31</end></TimeSpan><Point><coordinates>-95.3555,29.7572,0</coordinates></Point></Placemark><Placemark><name>NCAA HQ - Indianapolis, Indiana</name><styleUrl>#t-governance</styleUrl><description><![CDATA[<p><b>Sport and gambling</b> &middot; governance</p><p>National Collegiate Athletic Association headquarters. Walter Byers, the NCAA&#x27;s first executive director, wrote that the NCAA developed the term &#x27;student-athlete&#x27; to insulate colleges from injured players&#x27; disability claims. NCAA v. Alston (2021, unanimous) held that NCAA limits on education-related benefits violate antitrust law; Justice Kavanaugh&#x27;s concurrence said the NCAA&#x27;s business model would be flatly illegal in almost any other industry.</p><p><a href="https://www.b0b.dev/report#SPORTS">View in report</a></p>]]></description><TimeSpan><begin>2023-01-01</begin><end>2023-12-31</end></TimeSpan><Point><coordinates>-86.149,39.8105,0</coordinates></Point></Placemark><Placemark><name>CCNY - 1950-51 Point Shaving Scandal</name><styleUrl>#t-organized-crime</styleUrl><description><![CDATA[<p><b>Sport and gambling</b> &middot; organized-crime</p><p>City College of New York. The 1950-51 investigation exposed point shaving at at least seven schools: CCNY, LIU, NYU, Manhattan, Kentucky, Bradley, Toledo. Gamblers included Salvatore Sollazzo and Eli &#x27;Kaye&#x27; Klukofsky. CCNY had won both the NIT and NCAA tournament in 1950 - the only team ever to do so. Kentucky&#x27;s program was suspended for the 1952-53 season.</p><p><a href="https://www.b0b.dev/report#SPORTS">View in report</a></p>]]></description><TimeSpan><begin>1950-01-01</begin><end>1950-12-31</end></TimeSpan><Point><coordinates>-73.95,40.8198,0</coordinates></Point></Placemark><Placemark><name>University of Kentucky - Rupp Arena</name><styleUrl>#t-sports-gambling</styleUrl><description><![CDATA[<p><b>Sport and gambling</b> &middot; sports-gambling</p><p>UK basketball — the most storied program in college basketball history — was implicated in the 1951 point-shaving scandal. Coach Adolph Rupp initially claimed the fixers &#x27;couldn&#x27;t touch my boys with a ten-foot pole.&#x27; Three players were arrested. The NCAA suspended the program for the entire 1952-53 season. Judge Saul Streit called UK&#x27;s program &#x27;the acme of commercialism and overemphasis&#x27; — in 1951. 75 years later, UK basketball generates $50M+ in annual revenue. The commercialism the judge identified has been formalized, not reformed.</p><p><a href="https://www.b0b.dev/report#SPORTS">View in report</a></p>]]></description><TimeSpan><begin>1951-01-01</begin><end>1951-12-31</end></TimeSpan><Point><coordinates>-84.50278,38.04944,0</coordinates></Point></Placemark><Placemark><name>Northwestern University - 1995 Point Shaving</name><styleUrl>#t-organized-crime</styleUrl><description><![CDATA[<p><b>Sport and gambling</b> &middot; organized-crime</p><p>Evanston, IL. In 1995 former Notre Dame kicker Kevin Pendergast, deep in gambling debt, persuaded Northwestern players Kenneth Dion Lee and Dewey Williams to shave points; Pendergast pleaded guilty (1998) to conspiring to fix three games.</p><p><a href="https://www.b0b.dev/report#SPORTS">View in report</a></p>]]></description><TimeSpan><begin>1995-01-01</begin><end>1995-12-31</end></TimeSpan><Point><coordinates>-87.6753,42.0565,0</coordinates></Point></Placemark><Placemark><name>University of San Diego - Gambling Ring (2011)</name><styleUrl>#t-organized-crime</styleUrl><description><![CDATA[<p><b>Sport and gambling</b> &middot; organized-crime</p><p>April 2011 federal indictment: former USD assistant coach Thaddeus &#x27;T.J.&#x27; Brown (on staff 2006-07), former star Brandon Johnson and others were charged with sports bribery over games in the 2009-10 season. Johnson was sentenced to six months. Point shaving did not stop after each decade&#x27;s scandal.</p><p><a href="https://www.b0b.dev/report#SPORTS">View in report</a></p>]]></description><TimeSpan><begin>2011-01-01</begin><end>2011-12-31</end></TimeSpan><Point><coordinates>-117.188,32.772,0</coordinates></Point></Placemark><Placemark><name>FIFA HQ - Zurich, Switzerland</name><styleUrl>#t-governance</styleUrl><description><![CDATA[<p><b>Sport and gambling</b> &middot; governance</p><p>Federation Internationale de Football Association. May 27, 2015: the DOJ indicted 14 FIFA officials and associates on 47 counts including racketeering, wire fraud and money laundering; Swiss police arrested seven officials at the Baur au Lac hotel. The indictment described corruption &#x27;rampant, systemic, and deep-rooted&#x27; spanning 24 years, prosecuted under RICO - the statute written for the Mafia. FIFA is a private association under Swiss law.</p><p><a href="https://www.b0b.dev/report#SPORTS">View in report</a></p>]]></description><TimeStamp><when>2015-05-27</when></TimeStamp><Point><coordinates>8.5749,47.3815,0</coordinates></Point></Placemark><Placemark><name>Baur au Lac Hotel - FIFA Arrests, Zurich</name><styleUrl>#t-organized-crime</styleUrl><description><![CDATA[<p><b>Sport and gambling</b> &middot; organized-crime</p><p>May 27, 2015: Swiss police arrested seven FIFA officials at dawn on U.S. corruption charges as they gathered for the 65th FIFA Congress and presidential election; the U.S. alleged more than $150M in bribes. Hotel staff reportedly held up sheets to shield them from cameras.</p><p><a href="https://www.b0b.dev/report#SPORTS">View in report</a></p>]]></description><TimeStamp><when>2015-05-27</when></TimeStamp><Point><coordinates>8.54,47.3658,0</coordinates></Point></Placemark><Placemark><name>CONMEBOL HQ - Luque, Paraguay</name><styleUrl>#t-organized-crime</styleUrl><description><![CDATA[<p><b>Sport and gambling</b> &middot; organized-crime</p><p>South American football confederation. Three successive presidents were indicted in the 2015 U.S. case: Nicolas Leoz (charged 2015, died 2019 in Paraguay without being extradited), Eugenio Figueredo, and Juan Angel Napout (convicted Dec 2017 of racketeering and wire-fraud conspiracy, sentenced 2018 to 9 years). Copa America and Copa Libertadores media rights were sold through bribe-mediated deals.</p><p><a href="https://www.b0b.dev/report#SPORTS">View in report</a></p>]]></description><TimeSpan><begin>2015-01-01</begin><end>2015-12-31</end></TimeSpan><Point><coordinates>-57.5161,-25.2606,0</coordinates></Point></Placemark><Placemark><name>CONCACAF HQ - Miami, Florida</name><styleUrl>#t-organized-crime</styleUrl><description><![CDATA[<p><b>Sport and gambling</b> &middot; organized-crime</p><p>North/Central American football confederation. Jack Warner (president 1990-2011, Trinidad) and Chuck Blazer (general secretary 1990-2011, USA). Warner was indicted in 2015 and has been fighting extradition from Trinidad; a U.S. court ordered him to repay CONCACAF US$79M in a 2019 default judgment. Blazer became an FBI cooperating witness, pleaded guilty to racketeering, wire fraud, tax evasion and money laundering, and died in 2017 before sentencing. Its top two officials for 21 years: one indicted and abroad, the other a federal informant.</p><p><a href="https://www.b0b.dev/report#SPORTS">View in report</a></p>]]></description><TimeSpan><begin>1990-01-01</begin><end>1990-12-31</end></TimeSpan><Point><coordinates>-80.138,25.773,0</coordinates></Point></Placemark><Placemark><name>Trump Tower - Chuck Blazer&#x27;s Apartment</name><styleUrl>#t-organized-crime</styleUrl><description><![CDATA[<p><b>Sport and gambling</b> &middot; organized-crime</p><p>Fifth Avenue, NYC. Chuck Blazer (CONCACAF general secretary, FIFA executive committee) kept two apartments on the 49th floor - one reportedly for his cats. He failed to file U.S. tax returns for years, became an FBI cooperating witness (from 2011) and pleaded guilty to tax evasion, racketeering, wire fraud and money laundering; he died in 2017.</p><p><a href="https://www.b0b.dev/report#SPORTS">View in report</a></p>]]></description><TimeSpan><begin>2011-01-01</begin><end>2011-12-31</end></TimeSpan><Point><coordinates>-73.9742,40.7625,0</coordinates></Point></Placemark><Placemark><name>Qatar - 2022 FIFA World Cup</name><styleUrl>#t-sports-gambling</styleUrl><description><![CDATA[<p><b>Sport and gambling</b> &middot; sports-gambling</p><p>FIFA awarded Qatar the 2022 World Cup on Dec 2, 2010. A 2020 U.S. indictment alleged bribes to FIFA executive-committee members to vote for Qatar. The Guardian (Feb 2021) found 6,500+ migrant workers from India, Pakistan, Nepal, Bangladesh and Sri Lanka died in Qatar since 2010 - across all sectors, during a building programme largely for the tournament; 37 deaths were directly linked to stadium construction. 69% of Indian, Nepali and Bangladeshi deaths were recorded as &#x27;natural&#x27;. Workers were bound by the kafala sponsorship system.</p><p><a href="https://www.b0b.dev/report#SPORTS">View in report</a></p>]]></description><TimeStamp><when>2010-12-02</when></TimeStamp><Point><coordinates>51.1839,25.3548,0</coordinates></Point></Placemark><Placemark><name>Russia - 2018 FIFA World Cup</name><styleUrl>#t-sports-gambling</styleUrl><description><![CDATA[<p><b>Sport and gambling</b> &middot; sports-gambling</p><p>FIFA awarded Russia the 2018 World Cup on Dec 2, 2010, in the same vote as Qatar. A 2020 U.S. indictment alleged Jack Warner received $5M in wire transfers to vote for Russia. FIFA&#x27;s own inquiry, the Garcia Report (2014), was kept secret and summarized in a way Garcia called &#x27;materially incomplete&#x27; with &#x27;erroneous representations&#x27;. Russia hosted the tournament four years after annexing Crimea, with the Donbas war ongoing.</p><p><a href="https://www.b0b.dev/report#SPORTS">View in report</a></p>]]></description><TimeStamp><when>2010-12-02</when></TimeStamp><Point><coordinates>37.6173,55.7558,0</coordinates></Point></Placemark><Placemark><name>Bochum, Germany - Match Fixing Hub</name><styleUrl>#t-organized-crime</styleUrl><description><![CDATA[<p><b>Sport and gambling</b> &middot; organized-crime</p><p>Nov 2009: Bochum prosecutors and German police exposed a match-fixing network covering about 200 fixtures in nine European countries, including UEFA Europa League and Champions League qualifiers - &#x27;the biggest match-fixing scandal ever to hit Europe&#x27; (UEFA). Croatian brothers Ante and Milan Sapina were arrested on Nov 19, 2009; Ante Sapina was sentenced to five and a half years (May 2011). Bets were placed with Asian bookmakers.</p><p><a href="https://www.b0b.dev/report#SPORTS">View in report</a></p>]]></description><TimeSpan><begin>2009-01-01</begin><end>2009-12-31</end></TimeSpan><Point><coordinates>7.2162,51.4818,0</coordinates></Point></Placemark><Placemark><name>Singapore - Dan Tan / Global Match Fixing</name><styleUrl>#t-organized-crime</styleUrl><description><![CDATA[<p><b>Sport and gambling</b> &middot; organized-crime</p><p>Dan Tan Seet Eng - charged in Italy (2011) and Hungary over match fixing; Interpol called him the &#x27;boss&#x27; of the world&#x27;s largest and most aggressive match-fixing syndicate. Singapore, which has no extradition treaty with the EU, detained him without trial in 2013; its Court of Appeal ordered his release in Nov 2015.</p><p><a href="https://www.b0b.dev/report#SPORTS">View in report</a></p>]]></description><TimeSpan><begin>2013-01-01</begin><end>2013-12-31</end></TimeSpan><Point><coordinates>103.8198,1.3521,0</coordinates></Point></Placemark><Placemark><name>Calciopoli - Rome / Italian Football Fixing</name><styleUrl>#t-organized-crime</styleUrl><description><![CDATA[<p><b>Sport and gambling</b> &middot; organized-crime</p><p>2006 Italian football scandal: wiretaps showed Juventus general manager Luciano Moggi working FIGC and referee-designator contacts to influence referee selection. Juventus was stripped of two Serie A titles and relegated; AC Milan, Fiorentina, Lazio, Reggina and Arezzo were penalized. Moggi was banned by sporting courts; his criminal case ended in 2015 with the main charge time-barred.</p><p><a href="https://www.b0b.dev/report#SPORTS">View in report</a></p>]]></description><TimeSpan><begin>2006-01-01</begin><end>2006-12-31</end></TimeSpan><Point><coordinates>12.4964,41.9028,0</coordinates></Point></Placemark><Placemark><name>IOC HQ - Lausanne, Switzerland</name><styleUrl>#t-governance</styleUrl><description><![CDATA[<p><b>Sport and gambling</b> &middot; governance</p><p>International Olympic Committee headquarters. A private association under Swiss law with special recognized status - the same Swiss-seat pattern as FIFA and the BIS. IOC members are a self-electing body. The IOC chooses host cities and its &#x27;official partners&#x27;.</p><p><a href="https://www.b0b.dev/report#SPORTS">View in report</a></p>]]></description><TimeSpan><begin>2017-01-01</begin><end>2017-12-31</end></TimeSpan><Point><coordinates>6.6323,46.5197,0</coordinates></Point></Placemark><Placemark><name>Salt Lake City - 2002 Olympic Bribery Scandal</name><styleUrl>#t-organized-crime</styleUrl><description><![CDATA[<p><b>Sport and gambling</b> &middot; organized-crime</p><p>Late 1998: it emerged that Salt Lake&#x27;s bid committee had given IOC members and relatives cash, scholarships and gifts to win the 2002 Winter Games. The IOC recommended expelling six members. Bid leaders Tom Welch and Dave Johnson were charged with 15 counts of bribery and fraud and acquitted of all charges in December 2003.</p><p><a href="https://www.b0b.dev/report#SPORTS">View in report</a></p>]]></description><TimeSpan><begin>1998-01-01</begin><end>1998-12-31</end></TimeSpan><Point><coordinates>-111.891,40.7608,0</coordinates></Point></Placemark><Placemark><name>Rio de Janeiro - 2016 Olympics / Corruption</name><styleUrl>#t-sports-gambling</styleUrl><description><![CDATA[<p><b>Sport and gambling</b> &middot; sports-gambling</p><p>2016 Summer Olympics. Brazilian authorities say Brazilian Olympic Committee president Carlos Nuzman was central to channelling $2M to IOC member Lamine Diack to buy votes for Rio&#x27;s 2009 selection. Arrested Oct 2017 (released to house arrest after 15 days); sentenced Nov 2021 to 30 years 11 months for corruption, organized crime, money laundering and currency evasion.</p><p><a href="https://www.b0b.dev/report#SPORTS">View in report</a></p>]]></description><TimeSpan><begin>2016-01-01</begin><end>2016-12-31</end></TimeSpan><Point><coordinates>-43.1729,-22.9068,0</coordinates></Point></Placemark><Placemark><name>Sochi - 2014 Winter Olympics / $51 Billion</name><styleUrl>#t-sports-gambling</styleUrl><description><![CDATA[<p><b>Sport and gambling</b> &middot; sports-gambling</p><p>Most expensive Olympics in history: ~$51 billion including regional infrastructure, against a $12B budget. Opposition politician Boris Nemtsov, a Sochi native, published reports estimating that $25-30B was embezzled; he was shot four times on a bridge near the Kremlin on Feb 27, 2015. Russia&#x27;s state doping programme was exposed by Grigory Rodchenkov, former Moscow anti-doping lab director, now under U.S. witness protection.</p><p><a href="https://www.b0b.dev/report#SPORTS">View in report</a></p>]]></description><TimeStamp><when>2014-02-07</when></TimeStamp><Point><coordinates>39.7342,43.6028,0</coordinates></Point></Placemark><Placemark><name>Beijing - 2008/2022 Olympics / Dual Host</name><styleUrl>#t-sports-gambling</styleUrl><description><![CDATA[<p><b>Sport and gambling</b> &middot; sports-gambling</p><p>Beijing is the only city to host both Summer (2008) and Winter (2022) Olympics. Estimates put the 2008 Games at $40-44B (official figure about $15B) - the most expensive Summer Olympics. Rights groups documented evictions, surveillance expansion and press restrictions. The 2022 Games went ahead amid UN and satellite-imagery documentation of mass detention in Xinjiang.</p><p><a href="https://www.b0b.dev/report#SPORTS">View in report</a></p>]]></description><TimeSpan><begin>2008-01-01</begin><end>2008-12-31</end></TimeSpan><Point><coordinates>116.4074,39.9042,0</coordinates></Point></Placemark><Placemark><name>Berlin - 1936 Olympics / Nazi Propaganda</name><styleUrl>#t-sports-gambling</styleUrl><description><![CDATA[<p><b>Sport and gambling</b> &middot; sports-gambling</p><p>Olympiastadion. Hitler&#x27;s Olympics - the template for international sport as state propaganda. Leni Riefenstahl&#x27;s &#x27;Olympia&#x27; (1938) set the look of sports filmmaking. Jesse Owens won four gold medals and returned to a segregated America. Coca-Cola&#x27;s German subsidiary supplied and promoted the drink at the Games. The IOC kept the Games in Nazi Germany and the U.S. took part.</p><p><a href="https://www.b0b.dev/report#SPORTS">View in report</a></p>]]></description><TimeSpan><begin>1936-01-01</begin><end>1936-12-31</end></TimeSpan><Point><coordinates>13.2395,52.5147,0</coordinates></Point></Placemark><Placemark><name>Munich - 1972 Olympics / Black September</name><styleUrl>#t-conflict</styleUrl><description><![CDATA[<p><b>Sport and gambling</b> &middot; conflict</p><p>Olympiapark. Sept 5, 1972: Black September killed two members of the Israeli team and took nine hostage; the West German rescue attempt at Fuerstenfeldbruck airbase failed - all nine hostages, five attackers and one police officer died (11 Israelis in all: 6 coaches, 5 athletes). Israel followed with Mossad&#x27;s Operation Wrath of God. IOC President Avery Brundage, who had been involved with the 1936 Games, kept the Olympics going.</p><p><a href="https://www.b0b.dev/report#SPORTS">View in report</a></p>]]></description><TimeStamp><when>1972-09-05</when></TimeStamp><Point><coordinates>11.5461,48.1735,0</coordinates></Point></Placemark><Placemark><name>Atlanta - 1996 Olympics / Centennial Park Bombing</name><styleUrl>#t-conflict</styleUrl><description><![CDATA[<p><b>Sport and gambling</b> &middot; conflict</p><p>Centennial Olympic Park bombing, July 27, 1996. Pipe bomb killed Alice Hawthorne, injured 111. Eric Robert Rudolph was the bomber — domestic terrorist who also bombed abortion clinics and a lesbian nightclub. Security guard Richard Jewell, who discovered the bomb and saved lives, was falsely accused by the FBI and destroyed by media coverage. The FBI&#x27;s incorrect investigation ruined an innocent man while the actual bomber evaded capture for 5 years. The Olympics as a target, the investigation as a pattern of institutional failure.</p><p><a href="https://www.b0b.dev/report#SPORTS">View in report</a></p>]]></description><TimeStamp><when>1996-07-27</when></TimeStamp><Point><coordinates>-84.393,33.7604,0</coordinates></Point></Placemark><Placemark><name>Tilman Fertitta - Toyota Center, Houston</name><styleUrl>#t-sports-gambling</styleUrl><description><![CDATA[<p><b>Sport and gambling</b> &middot; sports-gambling</p><p>Owns the Houston Rockets (bought for $2.2B, 2017) and Landry&#x27;s (Golden Nugget casinos, restaurants). Reported lead shareholder in Wynn Resorts (2025). U.S. Ambassador to Italy since May 2025. An NBA team owner who also owns casinos, in a league whose integrity rules bar players from betting.</p><p><a href="https://www.b0b.dev/report#SPORTS">View in report</a></p>]]></description><TimeSpan><begin>2017-01-01</begin><end>2017-12-31</end></TimeSpan><Point><coordinates>-95.3621,29.7508,0</coordinates></Point></Placemark><Placemark><name>MGM Resorts HQ - Las Vegas</name><styleUrl>#t-sports-gambling</styleUrl><description><![CDATA[<p><b>Sport and gambling</b> &middot; sports-gambling</p><p>MGM Resorts International (founded by Kirk Kerkorian). Official gaming partner of major U.S. leagues; BetMGM is a 50/50 joint venture with Entain (formerly GVC Holdings), formed 2018. Revenue $17.5B (2025). Its Strip portfolio came largely from the 2000 Mirage Resorts merger (Bellagio, Mirage - sold to Hard Rock in 2022) and the 2005 Mandalay merger.</p><p><a href="https://www.b0b.dev/report#SPORTS">View in report</a></p>]]></description><TimeSpan><begin>2023-01-01</begin><end>2023-12-31</end></TimeSpan><Point><coordinates>-115.1684,36.1024,0</coordinates></Point></Placemark><Placemark><name>FanDuel HQ - New York</name><styleUrl>#t-sports-gambling</styleUrl><description><![CDATA[<p><b>Sport and gambling</b> &middot; sports-gambling</p><p>Parent company: Flutter Entertainment (registered in Dublin, operational headquarters New York; NYSE-listed), the world&#x27;s largest online betting company - owner of FanDuel, Paddy Power, Betfair, PokerStars, Sky Betting &amp; Gaming and Sportsbet. FanDuel is an official partner of U.S. leagues.</p><p><a href="https://www.b0b.dev/report#SPORTS">View in report</a></p>]]></description><Point><coordinates>-73.9897,40.741,0</coordinates></Point></Placemark><Placemark><name>DraftKings HQ - Boston</name><styleUrl>#t-sports-gambling</styleUrl><description><![CDATA[<p><b>Sport and gambling</b> &middot; sports-gambling</p><p>Founded 2012 in Boston as a daily fantasy sports operator under the fantasy-sports carve-out in the Unlawful Internet Gambling Enforcement Act; moved into sportsbooks after Murphy v. NCAA (2018). Official partner of major U.S. leagues.</p><p><a href="https://www.b0b.dev/report#SPORTS">View in report</a></p>]]></description><TimeSpan><begin>2012-01-01</begin><end>2012-12-31</end></TimeSpan><Point><coordinates>-71.0405,42.3482,0</coordinates></Point></Placemark><Placemark><name>Kroenke Sports &amp; Entertainment - Denver</name><styleUrl>#t-sports-gambling</styleUrl><description><![CDATA[<p><b>Sport and gambling</b> &middot; sports-gambling</p><p>Ball Arena, Denver. Stan Kroenke (married to Walmart heiress Ann Walton Kroenke) owns the LA Rams (NFL), Denver Nuggets (NBA), Colorado Avalanche (NHL), Colorado Rapids (MLS), Colorado Mammoth (NLL) and Arsenal FC; KSE agreed in Sept 2026 to buy the Los Angeles Angels (MLB), pending approval. One family&#x27;s franchises across sports and two countries.</p><p><a href="https://www.b0b.dev/report#SPORTS">View in report</a></p>]]></description><Point><coordinates>-105.0077,39.7487,0</coordinates></Point></Placemark><Placemark><name>Madison Square Garden - Dolan / MSG Networks</name><styleUrl>#t-sports-gambling</styleUrl><description><![CDATA[<p><b>Sport and gambling</b> &middot; sports-gambling</p><p>Home of the NY Knicks (NBA) and NY Rangers (NHL), owned by Madison Square Garden Sports. James Dolan, son of Cablevision founder Charles Dolan and former Cablevision CEO, runs MSG Sports and MSG Entertainment (the venue) and chairs Sphere Entertainment and MSG Networks (regional sports broadcasting). The family&#x27;s companies take revenue at venue, broadcast, advertising and tickets.</p><p><a href="https://www.b0b.dev/report#SPORTS">View in report</a></p>]]></description><Point><coordinates>-73.9934,40.7505,0</coordinates></Point></Placemark><Placemark><name>Crypto.com Arena - AEG / Philip Anschutz</name><styleUrl>#t-sports-gambling</styleUrl><description><![CDATA[<p><b>Sport and gambling</b> &middot; sports-gambling</p><p>Formerly Staples Center. Philip Anschutz&#x27;s AEG owns the LA Kings (NHL) and LA Galaxy (MLS) and operates venues worldwide. Anschutz also owns the Washington Examiner, owned The Weekly Standard (bought 2009, closed 2018) and the San Francisco Examiner (2004-2011); previously Regal Cinemas and Qwest; oil and gas. Sports, venues and conservative media under one private owner.</p><p><a href="https://www.b0b.dev/report#SPORTS">View in report</a></p>]]></description><Point><coordinates>-118.2673,34.043,0</coordinates></Point></Placemark><Placemark><name>Chase Center - San Francisco / Lacob-Guber</name><styleUrl>#t-sports-gambling</styleUrl><description><![CDATA[<p><b>Sport and gambling</b> &middot; sports-gambling</p><p>Golden State Warriors arena. Principal owner Joe Lacob is a former partner at Kleiner Perkins; co-owner Peter Guber is a former chairman of Sony Pictures (Mandalay Entertainment). Venture capital and Hollywood money in NBA ownership.</p><p><a href="https://www.b0b.dev/report#SPORTS">View in report</a></p>]]></description><Point><coordinates>-122.3877,37.768,0</coordinates></Point></Placemark><Placemark><name>Barclays Center - Brooklyn / Joe Tsai</name><styleUrl>#t-sports-gambling</styleUrl><description><![CDATA[<p><b>Sport and gambling</b> &middot; sports-gambling</p><p>Brooklyn Nets arena. Joe Tsai - Alibaba co-founder and chairman (since 2023) - bought 49% of the Nets in 2017 (team valued at $2.3B) and the rest in 2019, buying the arena for nearly $1B separately. Also owns the New York Liberty (WNBA), San Diego Seals and Las Vegas Desert Dogs (NLL). China&#x27;s 2017 National Intelligence Law obliges companies there to assist state intelligence work - a fact about the jurisdiction, not about the owner.</p><p><a href="https://www.b0b.dev/report#SPORTS">View in report</a></p>]]></description><TimeSpan><begin>2019-01-01</begin><end>2019-12-31</end></TimeSpan><Point><coordinates>-73.9754,40.6826,0</coordinates></Point></Placemark><Placemark><name>U.S. Supreme Court - Murphy v. NCAA (2018)</name><styleUrl>#t-governance</styleUrl><description><![CDATA[<p><b>Sport and gambling</b> &middot; governance</p><p>May 14, 2018: the Supreme Court held that PASPA (1992) violated the anti-commandeering doctrine (7-2) and struck the whole law (6-3); Justice Alito wrote for the majority. State-by-state legalization followed rapidly.</p><p><a href="https://www.b0b.dev/report#SPORTS">View in report</a></p>]]></description><TimeStamp><when>2018-05-14</when></TimeStamp><Point><coordinates>-77.0044,38.8907,0</coordinates></Point></Placemark><Placemark><name>Calabasas Crash Site - N72EX / Kobe Bryant</name><styleUrl>#t-conflict</styleUrl><description><![CDATA[<p><b>Sport and gambling</b> &middot; conflict</p><p>Jan 26, 2020. Sikorsky S-76B (N72EX, built 1991), 9 killed including Kobe Bryant. Formerly the State of Illinois&#x27; N761LL (2007-2015). Island Express removed the cockpit voice recorder shortly after acquiring it (March 2016); no flight data recorder and no terrain warning system (not required). The operator&#x27;s certificate was VFR-only. Pilot Ara Zobayan: 8,577 hours, ~75 IFR. NTSB probable cause (Feb 2021): the pilot&#x27;s decision to continue VFR flight into instrument conditions, leading to spatial disorientation and loss of control; self-induced pressure contributed.</p><p><a href="https://www.b0b.dev/report#SPORTS">View in report</a></p>]]></description><TimeStamp><when>2020-01-26</when></TimeStamp><Point><coordinates>-118.6917,34.1369,0</coordinates></Point></Placemark><Placemark><name>Island Express Helicopters - Long Beach, CA</name><styleUrl>#t-corporate</styleUrl><description><![CDATA[<p><b>Sport and gambling</b> &middot; corporate</p><p>Operator of N72EX. Removed the cockpit voice recorder after acquiring the helicopter (March 2016). Its Part 135 certificate allowed VFR-only flights. After the crash it called it &#x27;an act of God&#x27; and cross-claimed against FAA controllers. The NTSB nonetheless determined probable cause: pilot continued VFR flight into cloud.</p><p><a href="https://www.b0b.dev/report#SPORTS">View in report</a></p>]]></description><TimeSpan><begin>2016-03-01</begin><end>2016-03-28</end></TimeSpan><Point><coordinates>-118.1513,33.8178,0</coordinates></Point></Placemark><Placemark><name>Sikorsky / Lockheed Martin - Stratford, CT</name><styleUrl>#t-military</styleUrl><description><![CDATA[<p><b>Sport and gambling</b> &middot; military</p><p>Manufacturer of the S-76 and UH-60 Black Hawk; owned by United Aircraft/United Technologies 1929-2015 and by Lockheed Martin since Nov 2015. Its MATRIX autonomy technology (from DARPA&#x27;s ALIAS program) flies the optionally piloted Black Hawk. The 1991 S-76B N72EX had no such system; the NTSB found pilot disorientation in cloud.</p><p><a href="https://www.b0b.dev/report#SPORTS">View in report</a></p>]]></description><TimeSpan><begin>1991-01-01</begin><end>1991-12-31</end></TimeSpan><Point><coordinates>-73.1332,41.1865,0</coordinates></Point></Placemark><Placemark><name>Colosseum - Rome (The Original &#x27;Baal Game&#x27;)</name><styleUrl>#t-archaeological</styleUrl><description><![CDATA[<p><b>Sport and gambling</b> &middot; archaeological</p><p>Opened 80 AD under Emperor Titus. Capacity 50,000-80,000. Gladiatorial combat, animal hunts, executions, naval battles. Free admission — funded by the state (et circenses). The operational template: spectacle as social control. The population is fed and entertained; the rulers govern without resistance. The Colosseum was not entertainment — it was governance infrastructure. Bread and circuses is not a metaphor. It is an engineering specification. Every modern stadium is an iteration of this design: public subsidy, private profit, mass distraction, political utility.</p><p><a href="https://www.b0b.dev/report#SPORTS">View in report</a></p>]]></description><Point><coordinates>12.4922,41.8902,0</coordinates></Point></Placemark><Placemark><name>Circus Maximus - Rome</name><styleUrl>#t-archaeological</styleUrl><description><![CDATA[<p><b>Sport and gambling</b> &middot; archaeological</p><p>Chariot-racing venue; probably ~150,000 seats (Pliny&#x27;s 250,000 is considered too high). Used from Rome&#x27;s regal era until the last recorded races in 549 AD. Racing factions (Blues, Greens, Reds, Whites) worked like franchises with patrons and betting. The same factions drove the Nika riots of 532 AD at the Hippodrome of Constantinople, which nearly toppled Justinian - about 30,000 killed.</p><p><a href="https://www.b0b.dev/report#SPORTS">View in report</a></p>]]></description><Point><coordinates>12.4853,41.8862,0</coordinates></Point></Placemark><Placemark><name>Olympia, Greece - Ancient Olympic Games</name><styleUrl>#t-archaeological</styleUrl><description><![CDATA[<p><b>Sport and gambling</b> &middot; archaeological</p><p>The Olympic Games were traditionally founded here in 776 BC as a religious festival to Zeus, with a sacred truce (ekecheiria) between city-states. Athletes competed nude; married women were excluded (per Pausanias). The last recorded games were in 393 AD under Theodosius I; they likely ended under Theodosius II. The IOC (founded 1894) revived the Games in 1896 without the religious content.</p><p><a href="https://www.b0b.dev/report#SPORTS">View in report</a></p>]]></description><Point><coordinates>21.63,37.6388,0</coordinates></Point></Placemark><Placemark><name>The Venetian Macao / Cotai Strip, Macau</name><styleUrl>#t-sports-gambling</styleUrl><description><![CDATA[<p><b>Sport and gambling</b> &middot; sports-gambling</p><p>The anchor of Macau&#x27;s Cotai Strip, the gambling capital of the world, whose revenues long dwarfed Las Vegas; the VIP junket system that fed it collapsed when Suncity chief Alvin Chau — whose firm held ~40% of the junket market and handled bets prosecutors valued at HK$824 billion — was jailed 18 years in 2023 for running an illegal gambling and criminal syndicate. Source: TIME; South China Morning Post; Al Jazeera.</p><p><a href="https://www.b0b.dev/report#SPORTS">View in report</a></p>]]></description><TimeSpan><begin>2023-01-01</begin><end>2023-12-31</end></TimeSpan><Point><coordinates>113.5605,22.1482,0</coordinates></Point></Placemark><Placemark><name>Crown Melbourne</name><styleUrl>#t-sports-gambling</styleUrl><description><![CDATA[<p><b>Sport and gambling</b> &middot; sports-gambling</p><p>A 2021 Victorian royal commission led by former judge Ray Finkelstein found Crown Melbourne had facilitated money laundering, had ties to organised-crime-linked junkets and serious governance failures, and was unsuitable to hold Victoria&#x27;s only casino licence. Regulators later fined it A$80M (2022, illicit China UnionPay transactions) and A$120M (responsible-gambling breaches). Source: Wikipedia; The Guardian Australia.</p><p><a href="https://www.b0b.dev/report#SPORTS">View in report</a></p>]]></description><TimeSpan><begin>2021-01-01</begin><end>2021-12-31</end></TimeSpan><Point><coordinates>144.9583,-37.8233,0</coordinates></Point></Placemark><Placemark><name>The Star Sydney</name><styleUrl>#t-sports-gambling</styleUrl><description><![CDATA[<p><b>Sport and gambling</b> &middot; sports-gambling</p><p>Two NSW inquiries (2022 and the 2024 Bell review) found The Star unsuitable to hold a Sydney casino licence, exposing anti-money-laundering failures — including &#x27;Salon 95,&#x27; a secret VIP room with a hidden cash cage — and cash disguised as hotel expenses; the operator was fined AU$100 million and placed under a government manager. Source: NSW Independent Casino Commission (nicc.nsw.gov.au); iGaming Business; Yogonet.</p><p><a href="https://www.b0b.dev/report#SPORTS">View in report</a></p>]]></description><TimeSpan><begin>2022-01-01</begin><end>2022-12-31</end></TimeSpan><Point><coordinates>151.1956,-33.8687,0</coordinates></Point></Placemark><Placemark><name>Wynn Las Vegas - $130M Money-Laundering Forfeiture</name><styleUrl>#t-sports-gambling</styleUrl><description><![CDATA[<p><b>Sport and gambling</b> &middot; sports-gambling</p><p>In September 2024 Wynn Las Vegas forfeited $130.1 million under a non-prosecution agreement, admitting it conspired with unlicensed money-transmitting businesses (&#x27;Flying Money&#x27; and &#x27;Human Head&#x27; gambling) to move funds for foreign patrons outside U.S. reporting rules - believed to be the largest forfeiture by a casino based on admissions of criminal wrongdoing. Source: DOJ / HSI (6 Sept 2024).</p><p><a href="https://www.b0b.dev/report#SPORTS">View in report</a></p>]]></description><TimeSpan><begin>2024-09-01</begin><end>2024-09-28</end></TimeSpan><Point><coordinates>-115.1658,36.1264,0</coordinates></Point></Placemark><Placemark><name>bet365 Headquarters, Stoke-on-Trent</name><styleUrl>#t-sports-gambling</styleUrl><description><![CDATA[<p><b>Sport and gambling</b> &middot; sports-gambling</p><p>Founded in 2000 by Denise Coates from a portable building in a Stoke-on-Trent car park, bet365 grew into one of the world&#x27;s largest online gambling firms, serving over 90 million customers; Coates has drawn scrutiny for pay packages exceeding £250 million in a single year. Source: CNN; BBC; Wikipedia, &#x27;bet365&#x27;.</p><p><a href="https://www.b0b.dev/report#SPORTS">View in report</a></p>]]></description><TimeSpan><begin>2000-01-01</begin><end>2000-12-31</end></TimeSpan><Point><coordinates>-2.1995,53.0248,0</coordinates></Point></Placemark><Placemark><name>Flutter Entertainment (registered seat), Dublin</name><styleUrl>#t-sports-gambling</styleUrl><description><![CDATA[<p><b>Sport and gambling</b> &middot; sports-gambling</p><p>Flutter is the world&#x27;s largest online betting company, owner of FanDuel, PokerStars, Paddy Power, Betfair and Sky Bet; formed by the 2020 merger of Paddy Power Betfair and The Stars Group, it dominates the U.S. sports-betting market via FanDuel while keeping its registered base in Dublin. Source: Flutter Entertainment (flutter.com); Wikipedia; CNN Business.</p><p><a href="https://www.b0b.dev/report#SPORTS">View in report</a></p>]]></description><TimeSpan><begin>2020-01-01</begin><end>2020-12-31</end></TimeSpan><Point><coordinates>-6.241,53.2938,0</coordinates></Point></Placemark><Placemark><name>Hong Kong Jockey Club - Happy Valley Racecourse</name><styleUrl>#t-sports-gambling</styleUrl><description><![CDATA[<p><b>Sport and gambling</b> &middot; sports-gambling</p><p>The Jockey Club holds a legal monopoly on Hong Kong betting and is the city&#x27;s single largest taxpayer, contributing a record HK$35.9 billion to the community in 2022/23; its 2025/26 racing turnover reached HK$143.3 billion, and its charities trust ranks among the world&#x27;s largest donors. Source: South China Morning Post; Hong Kong Jockey Club (corporate.hkjc.com).</p><p><a href="https://www.b0b.dev/report#SPORTS">View in report</a></p>]]></description><Point><coordinates>114.187,22.2672,0</coordinates></Point></Placemark><Placemark><name>Malta Gaming Authority, Kalkara</name><styleUrl>#t-sports-gambling</styleUrl><description><![CDATA[<p><b>Sport and gambling</b> &middot; sports-gambling</p><p>Malta licenses much of Europe&#x27;s online betting. The Daphne Project (OCCRP/IRPI, 2018) documented Italian mafia use of Maltese-licensed sites: a Palermo prosecutor called online gambling an &#x27;ATM with a continuous cash flow&#x27; for the clans, and one Cosa Nostra-linked operator, with &#x27;Ndrangheta brokers, grew profits to EUR 16 million a month on Maltese licences. In 2015 the MGA suspended Betuniq and Betsolution4U after an Italian probe; six Italians including &#x27;Ndrangheta point-man Mario Gennaro were arrested. Source: OCCRP (Daphne Project); The Shift News.</p><p><a href="https://www.b0b.dev/report#SPORTS">View in report</a></p>]]></description><TimeSpan><begin>2017-01-01</begin><end>2017-12-31</end></TimeSpan><Point><coordinates>14.5275,35.8969,0</coordinates></Point></Placemark><Placemark><name>Illegal Sports-Betting Ring - U.S. Courthouse, Santa Ana</name><styleUrl>#t-sports-gambling</styleUrl><description><![CDATA[<p><b>Sport and gambling</b> &middot; sports-gambling</p><p>At this federal courthouse in 2025, Orange County bookmaker Mathew Bowyer was sentenced to a year and a day for running an illegal sports-gambling business used by Shohei Ohtani&#x27;s interpreter Ippei Mizuhara, who placed at least 19,000 bets and stole nearly $17 million from the MLB star to cover his losses. Source: U.S. Department of Justice (justice.gov); ESPN; Sportico.</p><p><a href="https://www.b0b.dev/report#SPORTS">View in report</a></p>]]></description><TimeStamp><when>2025-08-29</when></TimeStamp><Point><coordinates>-117.8711,33.7481,0</coordinates></Point></Placemark><Placemark><name>Entain plc - London office (HQ: Douglas, Isle of Man)</name><styleUrl>#t-sports-gambling</styleUrl><description><![CDATA[<p><b>Sport and gambling</b> &middot; sports-gambling</p><p>Entain - owner of Ladbrokes, Coral, bwin and partypoker and co-owner of BetMGM; headquartered in Douglas, Isle of Man. In Dec 2023 it entered the UK&#x27;s first Crown Prosecution Service deferred prosecution agreement, paying £615 million in total over GVC&#x27;s failure to prevent bribery (Bribery Act 2010, s.7) in its former Turkish-facing business, 2011-2017. Source: CPS; Wikipedia.</p><p><a href="https://www.b0b.dev/report#SPORTS">View in report</a></p>]]></description><TimeSpan><begin>2023-01-01</begin><end>2023-12-31</end></TimeSpan><Point><coordinates>-0.0835,51.5113,0</coordinates></Point></Placemark></Folder></Document></kml>
